שם ישוב,סמל ישוב,קלפי,בזב,מצביעים,פסולים,כשרים,אחוז הצבעה
שחר,7,1.0,530,376,1,375,70.94339622641509
אשדוד,70,111.3,648,392,1,391,60.49382716049383
אדירים,113,1.0,235,177,1,176,75.31914893617021
כפר ביאליק,220,1.0,474,353,1,352,74.47257383966245
ניצן,351,1.1,530,395,1,394,74.52830188679245
מגאר,481,22.3,561,131,0,131,23.351158645276293
כפר כנא,509,9.4,575,262,2,260,45.565217391304344
פוריידיס,537,6.4,582,259,3,256,44.50171821305842
כפר קאסם,634,22.0,665,464,5,459,69.77443609022556
אשתאול,740,1.2,378,312,0,312,82.53968253968253
רכסים,922,6.0,757,635,3,632,83.88375165125495
קרית מלאכי,1034,8.2,676,462,3,459,68.34319526627219
צור הדסה,1113,6.5,696,540,2,538,77.58620689655173
ערערהבנגב,1192,13.1,380,157,2,155,41.31578947368421
צוקים,1262,1.0,222,131,1,130,59.009009009009006
בסמה,1326,11.2,664,320,5,315,48.19277108433735
דימונה,2200,66.2,544,353,1,352,64.88970588235294
אילת,2600,26.2,699,267,0,267,38.197424892703864
קרית אונו,2620,42.3,647,523,2,521,80.83462132921174
יבנה,2660,2.0,621,370,7,363,59.58132045088567
קרית שמונה,2800,951.4,625,379,0,379,60.64000000000001
ירושלים,3000,306.0,620,467,1,466,75.32258064516128
ירושלים,3000,591.2,477,255,2,253,53.459119496855344
אלקנה,3560,5.1,560,455,1,454,81.25
עלי זהב,3727,1.3,684,575,0,575,84.06432748538012
שער שומרון,3826,101.2,355,285,1,284,80.28169014084507
חיפה,4000,320.4,621,354,1,353,57.00483091787439
נאות גולן,4551,1.0,474,324,6,318,68.35443037974683
תל אביב  יפו,5000,256.0,574,403,1,402,70.20905923344948
תל אביב  יפו,5000,616.0,563,338,1,337,60.03552397868561
תל אביב  יפו,5000,936.3,662,352,3,349,53.17220543806647
בני ברק,6100,175.0,665,502,0,502,75.48872180451129
גבעתיים,6300,25.2,658,487,0,487,74.01215805471124
חדרה,6500,48.1,642,351,2,349,54.67289719626168
חולון,6600,156.0,661,474,2,472,71.70953101361573
קרית אתא,6800,62.0,578,412,1,411,71.280276816609
לוד,7000,86.2,674,500,1,499,74.1839762611276
נס ציונה,7200,16.1,582,426,0,426,73.19587628865979
נתניה,7400,125.2,669,316,2,314,47.23467862481316
סחנין,7500,26.1,512,353,3,350,68.9453125
פתח תקווה,7900,15.5,687,271,6,265,39.44687045123727
פתח תקווה,7900,277.5,642,446,1,445,69.47040498442367
ראשון לציון,8300,81.1,562,365,1,364,64.94661921708185
ראשון לציון,8300,327.0,498,322,1,321,64.65863453815261
רמלה,8500,30.2,562,363,4,359,64.59074733096085
רמת גן,8600,202.6,612,427,2,425,69.77124183006535
טמרה,8900,19.2,509,278,2,276,54.616895874263264
באר שבע,9000,225.0,629,385,2,383,61.208267090620026
יהודמונוסון,9400,24.4,609,426,2,424,69.95073891625616
בנימינהגבעת עדה,9800,105.0,615,439,0,439,71.38211382113822
