שם ישוב,סמל ישוב,בזב,מצביעים,פסולים,כשרים,אחוז הצבעה,אחוז פסולים
שחר,7,530,376,1,375,70.94339622641509,0.26595744680851063
תירוש,10,336,268,0,268,79.76190476190477,0.0
ניר חן,11,445,299,0,299,67.19101123595506,0.0
חצבה,13,566,408,1,407,72.08480565371025,0.24509803921568626
נועם,15,316,247,3,244,78.16455696202532,1.214574898785425
בית ניר,16,488,366,1,365,75.0,0.273224043715847
שדה משה,18,405,323,1,322,79.75308641975309,0.30959752321981426
באר אורה,21,732,495,1,494,67.62295081967213,0.20202020202020202
מקווה ישראל,22,157,111,0,111,70.70063694267516,0.0
אמציה,23,149,104,0,104,69.79865771812081,0.0
לכיש,24,631,488,0,488,77.33755942947703,0.0
ראש פינה,26,2531,1674,7,1667,66.13986566574476,0.4181600955794504
שדות מיכה,27,275,206,0,206,74.90909090909092,0.0
מזכרת בתיה,28,11313,8510,27,8483,75.2231945549368,0.31727379553466506
יסוד המעלה,29,1348,894,4,890,66.32047477744807,0.44742729306487694
אופקים,31,23916,16406,122,16284,68.59842783074093,0.7436303791295867
עוצם,32,463,385,2,383,83.15334773218143,0.5194805194805194
בת שלמה,33,439,324,1,323,73.80410022779044,0.30864197530864196
גדות,35,377,249,0,249,66.04774535809018,0.0
שדה דוד,36,449,365,4,361,81.29175946547885,1.095890410958904
איתן,37,380,313,1,312,82.36842105263158,0.3194888178913738
גפן,39,270,223,0,223,82.5925925925926,0.0
אליכין,41,2663,2018,16,2002,75.77919639504319,0.7928642220019821
מטולה,43,1511,820,4,816,54.2686962276638,0.4878048780487805
זוהר,44,253,186,0,186,73.51778656126481,0.0
יבנאל,46,2709,1897,25,1872,70.02583979328165,1.3178703215603584
כפר תבור,47,3529,2466,13,2453,69.8781524511193,0.527169505271695
מנחמיה,48,948,618,3,615,65.18987341772153,0.48543689320388345
אילניה,49,459,296,4,292,64.4880174291939,1.3513513513513513
לוזית,52,507,396,2,394,78.10650887573965,0.5050505050505051
עתלית,53,6940,5029,20,5009,72.46397694524495,0.3976933784052496
נוגה,55,435,324,1,323,74.48275862068967,0.30864197530864196
כנרת קבוצה,57,657,426,2,424,64.84018264840182,0.4694835680751174
מצפה,58,113,85,0,85,75.22123893805309,0.0
נחושה,59,890,657,2,655,73.82022471910112,0.30441400304414
דגניה א,62,525,340,2,338,64.76190476190476,0.5882352941176471
כנרת מושבה,63,558,379,2,377,67.92114695340501,0.5277044854881267
יד רמבם,64,878,672,1,671,76.5375854214123,0.1488095238095238
מגדל,65,1469,978,2,976,66.57590197413207,0.2044989775051125
מרחביה קיבוץ,66,950,656,8,648,69.05263157894737,1.2195121951219512
אור הנר,67,630,481,0,481,76.34920634920634,0.0
ניר עוז,69,329,241,2,239,73.25227963525836,0.8298755186721992
אשדוד,70,181784,117047,753,116294,64.38795493552789,0.6433313113535588
אשבול,71,434,338,0,338,77.88018433179722,0.0
גן שמואל,72,872,666,1,665,76.37614678899082,0.15015015015015015
עין הוד,74,518,334,1,333,64.47876447876449,0.29940119760479045
כפר גלעדי,76,591,354,0,354,59.89847715736041,0.0
איילת השחר,77,826,590,2,588,71.42857142857143,0.3389830508474576
קרית ענבים,78,333,206,0,206,61.86186186186187,0.0
דגניה ב,79,591,403,0,403,68.18950930626058,0.0
נהלל,80,836,620,2,618,74.16267942583733,0.3225806451612903
עין חרוד מאוחד,82,694,473,1,472,68.15561959654178,0.21141649048625794
תל יוסף,84,390,279,0,279,71.53846153846153,0.0
כפר יחזקאל,85,763,606,3,603,79.42332896461338,0.49504950495049505
גבע,86,514,351,0,351,68.28793774319067,0.0
עין חרוד איחוד,89,506,365,2,363,72.13438735177866,0.547945205479452
חפציבה,90,587,411,2,409,70.01703577512777,0.48661800486618007
גיניגר,92,555,365,4,361,65.76576576576578,1.095890410958904
בלפוריה,94,413,321,1,320,77.72397094430993,0.3115264797507788
בית אלפא,95,724,518,5,513,71.54696132596685,0.9652509652509652
יגור,96,1401,893,3,890,63.74018558172734,0.33594624860022393
מרחביה מושב,97,603,434,0,434,71.97346600331676,0.0
כפר מלל,98,273,210,0,210,76.92307692307693,0.0
מצפה רמון,99,3739,1985,21,1964,53.089061246322544,1.057934508816121
מאיר שפיה,102,128,55,2,53,42.96875,3.6363636363636362
תל עדשים,103,898,668,2,666,74.38752783964365,0.29940119760479045
מזרע,104,701,489,0,489,69.75748930099857,0.0
כפר גדעון,106,211,150,0,150,71.09004739336493,0.0
כפר סילבר,107,85,28,0,28,32.94117647058823,0.0
כפר חסידים א,112,538,379,0,379,70.4460966542751,0.0
אדירים,113,235,177,1,176,75.31914893617021,0.5649717514124294
חופית,115,788,574,6,568,72.84263959390863,1.0452961672473868
רמת ישי,122,6016,4373,18,4355,72.68949468085107,0.41161673908072266
שריד,126,772,533,1,532,69.04145077720207,0.18761726078799248
רמת רחל,127,359,283,0,283,78.8300835654596,0.0
גת רימון,128,192,142,0,142,73.95833333333334,0.0
משמר העמק,130,939,716,3,713,76.25133120340789,0.41899441340782123
כפר ברוך,132,436,336,1,335,77.06422018348624,0.2976190476190476
גבת,133,702,569,1,568,81.05413105413105,0.17574692442882248
יפעת,134,858,649,1,648,75.64102564102564,0.15408320493066258
רמת דוד,135,404,305,0,305,75.4950495049505,0.0
עין שמר,139,646,461,0,461,71.36222910216719,0.0
כפר יהושע,140,900,695,0,695,77.22222222222223,0.0
ברק,141,297,220,1,219,74.07407407407408,0.45454545454545453
שדה יעקב,142,671,524,2,522,78.09239940387481,0.38167938931297707
בית זרע,143,629,397,1,396,63.11605723370429,0.2518891687657431
גן שלמה,144,413,321,1,320,77.72397094430993,0.3115264797507788
גדיש,145,283,210,1,209,74.20494699646643,0.4761904761904762
דבורה,146,226,139,0,139,61.504424778761056,0.0
גבעת ברנר,147,1923,1430,3,1427,74.36297451898076,0.2097902097902098
תל מונד,154,10458,7815,23,7792,74.72748135398739,0.2943058221369162
באר טוביה,155,849,673,1,672,79.26972909305064,0.1485884101040119
עיינות,156,146,46,0,46,31.506849315068493,0.0
עין ורד,157,1157,878,1,877,75.88591184096802,0.11389521640091116
נען,158,1351,992,1,991,73.42709104367135,0.10080645161290322
בית חנן,159,508,377,0,377,74.21259842519686,0.0
חולדה,160,712,552,0,552,77.52808988764045,0.0
חירות,162,963,747,0,747,77.57009345794393,0.0
תימורים,163,636,456,4,452,71.69811320754717,0.8771929824561403
מלאה,164,277,215,0,215,77.6173285198556,0.0
ניר יפה,165,461,334,1,333,72.45119305856834,0.29940119760479045
גן יבנה,166,17348,12833,50,12783,73.97394512335715,0.3896205096236266
עין החורש,167,720,545,1,544,75.69444444444444,0.1834862385321101
כפר יונה,168,19357,14279,71,14208,73.76659606343958,0.4972336998389243
כפר יעבץ,170,477,352,1,351,73.79454926624737,0.2840909090909091
פרדסיה,171,5739,4389,12,4377,76.47673810768426,0.2734107997265892
גבעת חיים מאוחד,173,917,672,2,670,73.2824427480916,0.2976190476190476
נטעים,174,592,445,1,444,75.16891891891892,0.22471910112359553
אביחיל,175,987,698,4,694,70.7193515704154,0.5730659025787965
אפיקים,176,1068,707,2,705,66.19850187265918,0.2828854314002829
כפר בילו,177,867,675,1,674,77.85467128027682,0.14814814814814814
רמת יוחנן,178,862,584,2,582,67.74941995359629,0.3424657534246575
אבן יהודה,182,10452,7712,19,7693,73.78492154611558,0.2463692946058091
ירקונה,183,309,224,0,224,72.49190938511327,0.0
רמת הכובש,184,696,531,2,529,76.29310344827587,0.3766478342749529
נעורים,186,158,62,1,61,39.24050632911392,1.6129032258064515
כפר הס,187,1067,817,0,817,76.56982193064667,0.0
אשדות יעקב מאוחד,188,605,404,1,403,66.77685950413223,0.24752475247524752
כפר פינס,189,399,315,3,312,78.94736842105263,0.9523809523809524
כפר ויתקין,190,1444,1057,4,1053,73.19944598337949,0.3784295175023652
הדר עם,191,545,420,0,420,77.06422018348624,0.0
כפר החורש,192,479,374,0,374,78.07933194154488,0.0
כפר חיים,193,436,339,1,338,77.75229357798165,0.2949852507374631
משמר השרון,194,517,335,1,334,64.79690522243715,0.2985074626865672
קדימהצורן,195,16165,11997,35,11962,74.21589854624187,0.2917396015670584
גיבתון,196,276,216,0,216,78.26086956521739,0.0
מעברות,197,745,551,2,549,73.95973154362416,0.3629764065335753
צופית,198,858,628,0,628,73.1934731934732,0.0
אשדות יעקב איחוד,199,683,477,1,476,69.8389458272328,0.20964360587002098
בית ינאי,200,308,201,0,201,65.25974025974025,0.0
בית עובד,202,255,186,1,185,72.94117647058823,0.5376344086021506
אלישיב,204,488,377,0,377,77.25409836065575,0.0
חגלה,205,554,412,1,411,74.36823104693141,0.24271844660194172
רמות השבים,206,1196,907,2,905,75.8361204013378,0.2205071664829107
גבעת חן,207,285,235,0,235,82.45614035087719,0.0
מוצא עילית,208,1227,852,5,847,69.43765281173594,0.5868544600938966
בית צבי,212,65,38,1,37,58.46153846153847,2.631578947368421
משמרות,213,734,581,0,581,79.15531335149863,0.0
כפר הראה,217,762,589,3,586,77.29658792650919,0.5093378607809848
גני עם,218,210,171,1,170,81.42857142857143,0.5847953216374269
חיבת ציון,219,536,425,0,425,79.2910447761194,0.0
כפר ביאליק,220,474,353,1,352,74.47257383966245,0.28328611898017
עין עירון,223,423,320,0,320,75.65011820330969,0.0
שושנת העמקים,224,443,318,1,317,71.78329571106094,0.3144654088050315
גן השומרון,225,642,479,0,479,74.61059190031153,0.0
גני תקווה,229,16803,12736,32,12704,75.79598881152175,0.25125628140703515
מעש,230,659,492,0,492,74.65857359635811,0.0
שפיים,232,1042,813,1,812,78.02303262955854,0.12300123001230012
כפר ידידיה,233,511,385,2,383,75.34246575342466,0.5194805194805194
ביצרון,234,858,653,0,653,76.10722610722611,0.0
חבצלת השרון,235,340,209,0,209,61.47058823529412,0.0
שער העמקים,237,562,435,4,431,77.40213523131672,0.9195402298850575
גן חיים,239,544,433,3,430,79.59558823529412,0.6928406466512702
יקנעם עילית,240,18933,12790,79,12711,67.5540062325041,0.617670054730258
יקנעם מושבה,241,1019,757,0,757,74.28851815505398,0.0
בית השיטה,242,1051,736,4,732,70.02854424357756,0.5434782608695652
נתיבות,246,28166,21279,94,21185,75.54853369310516,0.44175008224070683
רשפון,247,920,675,1,674,73.36956521739131,0.14814814814814814
בית שערים,248,526,393,1,392,74.7148288973384,0.2544529262086514
כפר סירקין,249,999,793,1,792,79.37937937937937,0.12610340479192939
הזורע,250,917,623,1,622,67.93893129770993,0.16051364365971107
ביתן אהרן,252,240,87,0,87,36.25,0.0
חולתה,253,482,349,0,349,72.40663900414937,0.0
כפר המכבי,254,323,235,0,235,72.75541795665634,0.0
כפר חיטים,255,540,347,1,346,64.25925925925927,0.2881844380403458
ניר דוד תל עמל,256,641,461,4,457,71.9188767550702,0.8676789587852495
נופך,257,406,332,3,329,81.77339901477832,0.9036144578313252
שדה נחום,259,719,501,4,497,69.68011126564673,0.7984031936127743
גינוסר,262,557,393,3,390,70.55655296229803,0.7633587786259541
מסדה,263,290,178,0,178,61.37931034482759,0.0
שער הגולן,264,490,346,0,346,70.61224489795919,0.0
בית יוסף,265,369,269,1,268,72.89972899728997,0.37174721189591076
כפר שמריהו,267,1948,1249,6,1243,64.11704312114989,0.4803843074459567
טירת צבי,268,562,425,1,424,75.62277580071174,0.2352941176470588
מולדת,269,883,605,1,604,68.51642129105323,0.1652892561983471
עין השופט,270,909,535,1,534,58.855885588558856,0.1869158878504673
מעוז חיים,272,499,303,0,303,60.72144288577155,0.0
עין גב,273,473,302,2,300,63.8477801268499,0.6622516556291391
כפר מנחם,274,940,689,2,687,73.29787234042553,0.29027576197387517
צור משה,276,1967,1479,2,1477,75.1906456532791,0.1352265043948614
אושה,278,403,289,2,287,71.712158808933,0.6920415224913495
חניתה,280,726,447,0,447,61.57024793388429,0.0
פקיעין חדשה,281,355,282,1,281,79.43661971830987,0.3546099290780142
שבי ציון,282,944,625,0,625,66.20762711864407,0.0
שדה ורבורג,284,1019,737,4,733,72.32580961727183,0.5427408412483039
אלונים,285,521,395,2,393,75.81573896353166,0.5063291139240507
מעלה החמישה,286,589,423,1,422,71.81663837011885,0.2364066193853428
תל יצחק,287,683,229,2,227,33.52855051244509,0.8733624454148471
בית יהושע,288,793,582,3,579,73.3921815889029,0.5154639175257731
עין המפרץ,289,733,539,2,537,73.53342428376534,0.3710575139146568
מעין צבי,290,684,482,1,481,70.46783625730994,0.2074688796680498
שרונה,292,441,333,1,332,75.51020408163265,0.3003003003003003
שדה יואב,293,398,303,1,302,76.13065326633166,0.33003300330033003
אילון,294,878,638,0,638,72.66514806378133,0.0
כפר רופין,295,401,273,3,270,68.07980049875312,1.098901098901099
נווה איתן,296,190,119,1,118,62.63157894736842,0.8403361344537815
כפר מסריק,297,620,431,0,431,69.51612903225806,0.0
מסילות,298,437,281,2,279,64.30205949656751,0.7117437722419928
דליה,300,690,500,0,500,72.46376811594203,0.0
בית עוזיאל,301,479,368,1,367,76.82672233820459,0.2717391304347826
דפנה,302,650,472,0,472,72.61538461538461,0.0
דן,303,543,394,0,394,72.55985267034991,0.0
שדה אליהו,304,650,398,2,396,61.23076923076923,0.5025125628140703
גשר,305,405,251,1,250,61.97530864197531,0.398406374501992
שדמות דבורה,306,495,387,1,386,78.18181818181819,0.2583979328165375
הזורעים,307,575,447,0,447,77.73913043478261,0.0
מחניים,308,589,406,1,405,68.93039049235993,0.24630541871921183
נהורה,309,972,718,2,716,73.86831275720165,0.2785515320334262
כפר גליקסון,310,291,207,0,207,71.1340206185567,0.0
גן שורק,311,266,197,1,196,74.06015037593986,0.5076142131979695
נווה ים,312,211,155,0,155,73.45971563981043,0.0
אפק,313,544,418,2,416,76.83823529411765,0.4784688995215311
נגבה,315,726,475,1,474,65.42699724517907,0.21052631578947367
כפר נטר,316,706,544,0,544,77.05382436260622,0.0
בית אורן,317,358,229,0,229,63.96648044692738,0.0
עמיעוז,318,223,163,0,163,73.09417040358744,0.0
עמיר,319,532,375,0,375,70.48872180451127,0.0
כפר ורבורג,320,853,652,1,651,76.43610785463072,0.15337423312883436
בית הלל,322,600,405,1,404,67.5,0.24691358024691357
שאר ישוב,324,425,305,0,305,71.76470588235294,0.0
מצובה,325,882,596,0,596,67.57369614512471,0.0
בית יצחקשער חפר,326,1658,1265,8,1257,76.29674306393245,0.6324110671936759
שדות ים,327,749,603,1,602,80.50734312416556,0.16583747927031509
שדה נחמיה,329,821,573,1,572,69.79293544457978,0.17452006980802792
אלומות,330,333,228,1,227,68.46846846846847,0.43859649122807015
ניר צבי,331,893,676,1,675,75.69988801791713,0.14792899408284024
קבוצת יבנה,334,598,415,1,414,69.39799331103679,0.24096385542168677
רמת השופט,335,806,545,3,542,67.61786600496278,0.5504587155963303
דורות,336,575,409,0,409,71.1304347826087,0.0
איבים,338,188,65,0,65,34.57446808510639,0.0
רמת צבי,339,488,386,1,385,79.09836065573771,0.2590673575129534
גת קיבוץ,340,624,438,1,437,70.1923076923077,0.228310502283105
גברעם,342,419,337,1,336,80.42959427207637,0.2967359050445104
חמדיה,343,335,231,2,229,68.95522388059702,0.8658008658008658
מענית,344,588,472,1,471,80.27210884353741,0.211864406779661
כפר סאלד,345,533,378,3,375,70.91932457786116,0.7936507936507936
גליל ים,346,362,279,1,278,77.07182320441989,0.35842293906810035
מנרה,347,213,139,0,139,65.25821596244131,0.0
ניר עם,348,460,316,0,316,68.69565217391305,0.0
ניצן,351,1588,1202,4,1198,75.6926952141058,0.33277870216306155
גבולות,352,333,194,0,194,58.25825825825825,0.0
בית זיד,353,108,69,1,68,63.888888888888886,1.4492753623188406
רביבים,354,722,413,0,413,57.202216066481995,0.0
חורשים,355,307,208,0,208,67.75244299674267,0.0
הגושרים,356,779,549,1,548,70.47496790757381,0.18214936247723132
כפר בלום,357,737,506,3,503,68.65671641791045,0.592885375494071
יד מרדכי,358,725,505,1,504,69.6551724137931,0.19801980198019803
ניצנים,359,445,355,0,355,79.7752808988764,0.0
גבעת נילי,360,446,341,1,340,76.45739910313901,0.2932551319648094
רוחמה,362,550,367,1,366,66.72727272727272,0.2724795640326975
חפץ חיים,363,370,308,1,307,83.24324324324324,0.3246753246753247
כפר אוריה,364,551,431,0,431,78.22141560798548,0.0
בית קשת,365,496,342,2,340,68.95161290322581,0.5847953216374269
שמיר,366,707,490,2,488,69.3069306930693,0.40816326530612246
עין העמק,367,627,497,0,497,79.26634768740031,0.0
ביריה,368,639,456,1,455,71.36150234741784,0.21929824561403508
גלעד אבן יצחק,369,368,286,0,286,77.71739130434783,0.0
גזר,370,399,211,0,211,52.88220551378446,0.0
רמות נפתלי,372,461,297,2,295,64.42516268980476,0.6734006734006733
בית הלוי,373,544,416,0,416,76.47058823529412,0.0
חוקוק,374,495,331,2,329,66.86868686868686,0.6042296072507553
מגל,375,884,685,0,685,77.48868778280543,0.0
עברון,376,700,520,2,518,74.28571428571429,0.38461538461538464
המעפיל,377,651,483,0,483,74.19354838709677,0.0
משגב עם,378,272,177,2,175,65.07352941176471,1.1299435028248588
גאולים,379,721,529,1,528,73.37031900138696,0.1890359168241966
להבות הבשן,380,716,465,6,459,64.94413407821229,1.2903225806451613
מכמורת,382,1097,743,1,742,67.73017319963537,0.13458950201884254
עין הנציב,383,438,313,0,313,71.46118721461188,0.0
עמיעד,385,473,283,1,282,59.830866807610995,0.35335689045936397
בני דרור,386,975,519,1,518,53.230769230769226,0.1926782273603083
כפר מונש,387,624,469,0,469,75.16025641025641,0.0
כפר קיש,388,491,338,1,337,68.83910386965377,0.2958579881656805
בצרה,389,813,604,1,603,74.29274292742927,0.16556291390728478
רגבה,390,856,625,2,623,73.01401869158879,0.32
גלאון,393,480,338,1,337,70.41666666666667,0.2958579881656805
שובל,394,645,466,1,465,72.24806201550388,0.2145922746781116
משמר הנגב,395,863,562,3,559,65.12166859791425,0.5338078291814947
נבטים,396,790,626,1,625,79.24050632911393,0.1597444089456869
חצרים,397,832,607,0,607,72.95673076923077,0.0
שרשרת,398,280,211,0,211,75.35714285714286,0.0
בארי,399,859,663,2,661,77.18277066356228,0.301659125188537
אבן שמואל,400,1069,905,1,904,84.65855940130963,0.11049723756906078
ניר יצחק,402,561,367,4,363,65.41889483065954,1.08991825613079
אורים,403,463,249,2,247,53.77969762419006,0.8032128514056224
נווה אילן,405,736,506,1,505,68.75,0.1976284584980237
חצוראשדוד,406,693,484,1,483,69.84126984126983,0.2066115702479339
דברת,407,372,258,0,258,69.35483870967742,0.0
נאות מרדכי,408,539,383,4,379,71.05751391465677,1.0443864229765014
יחיעם,409,615,401,3,398,65.20325203252033,0.7481296758104738
צאלים,413,390,255,1,254,65.38461538461539,0.39215686274509803
קלחים,414,383,299,1,298,78.06788511749347,0.33444816053511706
שוקדה,415,302,255,0,255,84.43708609271523,0.0
מעין ברוך,416,489,322,0,322,65.84867075664621,0.0
יקום,417,577,441,2,439,76.42980935875217,0.45351473922902497
בני ציון,418,856,618,1,617,72.19626168224299,0.16181229773462785
סעד,419,636,471,3,468,74.05660377358491,0.6369426751592357
משאבי שדה,421,455,276,0,276,60.65934065934066,0.0
חרב לאת,422,587,426,0,426,72.57240204429301,0.0
העוגן,423,647,457,0,457,70.63369397217929,0.0
גבים,424,474,331,3,328,69.83122362869199,0.906344410876133
משמרת,425,677,532,0,532,78.58197932053176,0.0
עין כרמל,426,543,405,0,405,74.58563535911603,0.0
כפר גלים,427,116,68,1,67,58.620689655172406,1.4705882352941175
ברור חיל,428,781,515,1,514,65.94110115236876,0.1941747572815534
אלוני אבא,429,744,545,0,545,73.25268817204301,0.0
בית לחם הגלילית,430,604,449,0,449,74.33774834437085,0.0
דלתון,431,655,531,3,528,81.06870229007633,0.5649717514124294
שמרת,432,468,340,0,340,72.64957264957265,0.0
נחשולים,433,546,415,1,414,76.007326007326,0.24096385542168677
החותרים,434,611,460,2,458,75.28641571194763,0.43478260869565216
נצר סרני,435,661,542,1,541,81.99697428139183,0.18450184501845018
עין דור,436,927,572,2,570,61.70442286947141,0.34965034965034963
רשפים,437,692,546,1,545,78.90173410404624,0.18315018315018314
שלוחות,439,342,241,2,239,70.46783625730994,0.8298755186721992
יסודות,440,352,320,0,320,90.9090909090909,0.0
גדעונה,442,320,231,1,230,72.1875,0.4329004329004329
כפר הנשיא,443,742,402,0,402,54.17789757412399,0.0
רגבים,444,447,320,2,318,71.58836689038031,0.625
רמות מנשה,445,927,706,0,706,76.1596548004315,0.0
אודים,446,833,617,3,614,74.06962785114045,0.48622366288492713
נורדיה,447,1531,928,2,926,60.613977792292616,0.21551724137931033
בני עטרות,448,603,485,0,485,80.43117744610282,0.0
נחלים,449,903,729,2,727,80.73089700996677,0.2743484224965706
בארות יצחק,450,384,262,2,260,68.22916666666666,0.7633587786259541
יזרעאל,452,565,353,1,352,62.477876106194685,0.28328611898017
יפתח,453,563,389,3,386,69.09413854351686,0.7712082262210797
סער,454,691,469,0,469,67.8726483357453,0.0
שורש,456,1065,476,0,476,44.69483568075117,0.0
גזית,457,684,469,0,469,68.56725146198829,0.0
רמת רזיאל,460,472,348,1,347,73.72881355932203,0.28735632183908044
טל שחר,462,811,615,0,615,75.83230579531443,0.0
געתון,463,569,393,0,393,69.06854130052724,0.0
הראל,464,236,127,0,127,53.813559322033896,0.0
צובה,465,612,386,0,386,63.0718954248366,0.0
בית דגן,466,5530,4192,18,4174,75.80470162748644,0.42938931297709926
קרית עקרון,469,8174,5940,51,5889,72.66943968681184,0.8585858585858586
אבו גוש,472,5094,2809,40,2769,55.14330585001963,1.423994304022784
אבו סנאן,473,10013,5458,76,5382,54.509138120443424,1.392451447416636
דחי,475,546,218,1,217,39.92673992673993,0.45871559633027525
אכסאל,478,10342,5257,45,5212,50.83156062657126,0.8560015217804832
בית גן,480,9177,4867,35,4832,53.034760815081185,0.7191288267926854
מגאר,481,17008,7489,112,7377,44.03222013170273,1.4955267725998131
בועיינהנוגידאת,482,7076,4000,76,3924,56.52911249293386,1.9
בענה,483,6004,3793,45,3748,63.17455029980014,1.1863959926179806
גולס,485,4974,2674,46,2628,53.75954965822276,1.7202692595362752
גש גוש חלב,487,2563,1271,8,1263,49.59032383925088,0.6294256490952006
דבוריה,489,7492,4223,17,4206,56.366791243993596,0.4025574236324887
דייר אלאסד,490,8873,6194,40,6154,69.80728051391864,0.6457862447529867
דייר חנא,492,7818,5298,21,5277,67.76669224865695,0.39637599093997733
דאלית אלכרמל,494,13249,7297,72,7225,55.075854781492936,0.9867068658352747
חורפיש,496,4836,2586,9,2577,53.47394540942928,0.34802784222737815
טייבה בעמק,497,1305,602,1,601,46.13026819923371,0.16611295681063123
טורעאן,498,10111,5003,42,4961,49.4807635248739,0.8394963022186688
יפיע,499,13860,6855,105,6750,49.458874458874455,1.5317286652078774
ירכא,502,11387,5823,101,5722,51.13726178976026,1.7345011162630948
כאבול,504,8670,6115,54,6061,70.53056516724337,0.8830744071954212
כאוכב אבו אלהיגא,505,2804,1721,22,1699,61.37660485021398,1.2783265543288787
כפר יאסיף,507,8257,5275,38,5237,63.88518832505753,0.7203791469194313
כפר כמא,508,2685,946,16,930,35.23277467411546,1.6913319238900635
כפר כנא,509,15877,8340,119,8221,52.52881526736789,1.4268585131894485
כפר מנדא,510,13756,8964,77,8887,65.16429194533295,0.858991521642124
עילוט,511,5705,2647,35,2612,46.397896581945666,1.3222516055912352
כפר מצר,512,1947,1053,9,1044,54.08320493066255,0.8547008547008548
עין ראפה,514,723,382,5,377,52.83540802213002,1.3089005235602094
מגד אלכרום,516,11017,7347,67,7280,66.68784605609513,0.9119368449707365
מזרעה,517,3035,1955,16,1939,64.41515650741351,0.8184143222506393
מעיליא,518,2616,1741,17,1724,66.5519877675841,0.9764503159103963
משהד,520,5972,2892,30,2862,48.42598794373744,1.0373443983402488
עין נקובא,521,1866,1103,7,1096,59.11039657020365,0.6346328195829556
נחף,522,9181,5359,34,5325,58.37054787060233,0.6344467251352864
ניין,523,1446,747,9,738,51.65975103734441,1.2048192771084338
נאעורה,524,1590,860,10,850,54.088050314465406,1.1627906976744187
סאגור,525,3223,1717,13,1704,53.27334781259696,0.7571345369831101
סולם,526,2136,1137,8,1129,53.230337078651694,0.7036059806508356
שזור,527,274,214,0,214,78.1021897810219,0.0
עוזייר,528,2223,1090,10,1080,49.03283850652272,0.9174311926605505
אעבלין,529,9638,5716,44,5672,59.30691014733347,0.7697690692792162
עיילבון,530,4294,2768,9,2759,64.46204005589195,0.32514450867052025
עראבה,531,18203,10352,63,10289,56.86974674504203,0.6085780525502319
עין מאהל,532,9688,5044,43,5001,52.06440957886045,0.852498017446471
עספיא,534,9560,4947,54,4893,51.74686192468619,1.0915706488781078
פסוטה,535,2701,1256,11,1245,46.501295816364305,0.8757961783439491
פקיעין בוקייעה,536,4639,2885,32,2853,62.19012718258246,1.1091854419410745
פוריידיס,537,9208,3566,35,3531,38.72719374456994,0.9814918676388109
שעב,538,5247,3337,24,3313,63.59824661711454,0.719208870242733
רומאנה,539,824,622,8,614,75.48543689320388,1.2861736334405145
ריחאניה,540,956,488,6,482,51.04602510460251,1.2295081967213115
גסר אזרקא,541,9560,4147,39,4108,43.378661087866114,0.9404388714733543
ריינה,542,11959,6313,83,6230,52.788694706915294,1.3147473467448123
ראמה,543,6574,3634,36,3598,55.27836933373897,0.9906439185470555
עין אלאסד,546,685,328,2,326,47.88321167883212,0.6097560975609756
טמרה יזרעאל,547,1115,510,12,498,45.73991031390135,2.3529411764705883
גנות הדר,549,749,545,0,545,72.76368491321762,0.0
ניר בנים,553,604,460,1,459,76.15894039735099,0.21739130434782608
שדמה,555,384,278,1,277,72.39583333333334,0.3597122302158274
בוסתן הגליל,559,748,563,1,562,75.26737967914438,0.17761989342806395
בית אלעזרי,562,1088,818,0,818,75.18382352941177,0.0
משמר דוד,563,735,616,2,614,83.80952380952381,0.3246753246753247
רבדים,564,643,468,0,468,72.78382581648522,0.0
אזור,565,10054,6864,41,6823,68.27133479212254,0.5973193473193473
צרעה,567,836,545,1,544,65.19138755980862,0.1834862385321101
מעונה,570,673,482,2,480,71.61961367013373,0.4149377593360996
בית גמליאל,571,755,570,1,569,75.49668874172185,0.17543859649122806
בית העמק,572,539,371,0,371,68.83116883116884,0.0
מבקיעים,573,390,296,0,296,75.8974358974359,0.0
גשר הזיו,574,1262,813,2,811,64.42155309033281,0.24600246002460024
יסעור,575,581,409,3,406,70.39586919104991,0.7334963325183375
כברי,576,890,627,1,626,70.4494382022472,0.1594896331738437
יד בנימין,577,2411,1875,4,1871,77.76856076316882,0.21333333333333335
סאסא,578,414,289,0,289,69.80676328502415,0.0
כפר ראש הנקרה,579,1079,746,4,742,69.13809082483782,0.5361930294906166
כרם מהרל,580,673,481,0,481,71.47102526002972,0.0
כפר הנגיד,582,761,568,2,566,74.63863337713535,0.35211267605633806
זיקים,584,757,514,5,509,67.89960369881109,0.9727626459143969
לביא,585,523,355,1,354,67.87762906309752,0.28169014084507044
מגידו,586,682,504,0,504,73.90029325513197,0.0
סביון,587,3985,2685,4,2681,67.37766624843162,0.14897579143389197
בני ראם,588,927,723,1,722,77.99352750809061,0.13831258644536654
בצת,589,378,297,1,296,78.57142857142857,0.33670033670033667
נווה אור,590,345,229,1,228,66.3768115942029,0.43668122270742354
עשרת,591,881,643,1,642,72.98524404086265,0.15552099533437014
בני דרום,592,550,445,4,441,80.9090909090909,0.8988764044943821
ערוגות,593,695,554,1,553,79.71223021582733,0.18050541516245489
צפריה,594,553,439,0,439,79.38517179023508,0.0
לוחמי הגיטאות,595,597,458,2,456,76.71691792294807,0.43668122270742354
מלכיה,596,416,251,3,248,60.33653846153846,1.1952191235059761
פלמחים,597,638,455,1,454,71.31661442006269,0.21978021978021978
בית קמה,598,751,565,0,565,75.23302263648469,0.0
פרוד,599,435,301,4,297,69.19540229885057,1.3289036544850499
נירים,602,416,292,0,292,70.1923076923077,0.0
אלקוש,603,256,170,0,170,66.40625,0.0
בית עריף,604,773,608,2,606,78.65459249676586,0.3289473684210526
כפר שמאי,605,349,252,0,252,72.20630372492836,0.0
מזור,606,844,608,3,605,72.03791469194313,0.4934210526315789
מירון,607,526,327,0,327,62.16730038022814,0.0
כפר חושן,609,617,433,1,432,70.17828200972447,0.23094688221709006
סתריה,610,800,606,2,604,75.75,0.33003300330033003
צרופה,612,747,554,0,554,74.16331994645248,0.0
ציפורי,613,700,485,0,485,69.28571428571428,0.0
שומרה,614,310,203,0,203,65.48387096774194,0.0
קדרון,615,1230,920,2,918,74.79674796747967,0.21739130434782608
רינתיה,616,692,526,3,523,76.01156069364163,0.5703422053231939
ברקאי,617,535,336,3,333,62.80373831775701,0.8928571428571428
חדיד,618,650,507,1,506,78.0,0.19723865877712032
בית גוברין,619,302,227,0,227,75.16556291390728,0.0
משואות יצחק,620,450,375,1,374,83.33333333333334,0.26666666666666666
עין צורים,622,470,382,1,381,81.27659574468085,0.2617801047120419
יראון,623,367,219,2,217,59.67302452316077,0.91324200913242
גלגוליה,627,6876,4779,33,4746,69.50261780104712,0.6905210295040803
גת,628,8694,3463,49,3414,39.832068092937654,1.4149581287900665
כפר ברא,633,2576,1669,13,1656,64.79037267080744,0.7789095266626722
כפר קאסם,634,16449,11001,106,10895,66.87944555900054,0.9635487682937914
מוקייבלה,635,2769,1128,16,1112,40.73672806067172,1.4184397163120568
צנדלה,636,1318,483,7,476,36.6464339908953,1.4492753623188406
ערערה,637,14219,7458,65,7393,52.450945917434424,0.871547331724323
קלנסווה,638,15420,8369,79,8290,54.273670557717246,0.9439598518341499
מצר,648,430,299,1,298,69.53488372093022,0.33444816053511706
מייסר,649,1424,599,6,593,42.06460674157304,1.001669449081803
אבטין,652,1935,875,8,867,45.21963824289406,0.9142857142857144
כפר קרע,654,13735,8544,55,8489,62.20604295595194,0.6437265917602997
שייח דנון,658,2134,1191,14,1177,55.81068416119962,1.1754827875734677
שער אפרים,661,1352,993,2,991,73.44674556213018,0.2014098690835851
חוסן,662,789,558,4,554,70.72243346007605,0.7168458781362007
טירת יהודה,663,823,650,1,649,78.9793438639125,0.15384615384615385
כרם בן זמרה,664,404,299,1,298,74.00990099009901,0.33444816053511706
תקומה,665,514,415,1,414,80.73929961089495,0.24096385542168677
עומר,666,6642,4588,10,4578,69.07557964468533,0.2179598953792502
ברעם,667,547,369,2,367,67.45886654478977,0.5420054200542005
מפלסים,668,722,498,4,494,68.97506925207756,0.8032128514056224
משמר איילון,670,404,337,0,337,83.41584158415841,0.0
בית נקופה,672,498,371,3,368,74.49799196787149,0.8086253369272237
כפר טרומן,673,586,455,1,454,77.64505119453925,0.21978021978021978
לימן,674,570,388,2,386,68.0701754385965,0.5154639175257731
הבונים,675,315,203,0,203,64.44444444444444,0.0
עין השלושה,676,299,175,1,174,58.52842809364549,0.5714285714285714
הסוללים,677,760,557,0,557,73.28947368421052,0.0
מעגן,678,328,214,3,211,65.2439024390244,1.4018691588785046
אביאל,679,547,405,3,402,74.04021937842778,0.7407407407407408
אומץ,680,537,398,1,397,74.11545623836126,0.25125628140703515
גבעת שמואל,681,20150,15097,38,15059,74.92307692307692,0.25170563688149966
אליקים,682,623,456,2,454,73.19422150882825,0.43859649122807015
גבע כרמל,683,729,550,0,550,75.44581618655693,0.0
היוגב,684,618,501,1,500,81.06796116504854,0.19960079840319359
בניה,685,616,486,2,484,78.8961038961039,0.411522633744856
נווה ימין,686,951,702,1,701,73.81703470031546,0.14245014245014245
עין איילה,687,788,562,0,562,71.31979695431471,0.0
עלמה,688,595,461,3,458,77.47899159663866,0.6507592190889371
מגדים,689,842,634,1,633,75.29691211401425,0.15772870662460567
כפר אחים,690,533,412,1,411,77.29831144465291,0.24271844660194172
שפיר,692,565,456,1,455,80.70796460176992,0.21929824561403508
נתיב הלה,693,501,370,0,370,73.85229540918164,0.0
מעגן מיכאל,694,1738,1105,5,1100,63.57882623705409,0.4524886877828055
מגן,695,468,315,0,315,67.3076923076923,0.0
כפר חבד,696,4371,2942,3,2939,67.30725234500115,0.10197144799456152
בארותיים,697,754,585,2,583,77.58620689655173,0.3418803418803419
בורגתה,698,835,617,0,617,73.89221556886227,0.0
ניר ישראל,699,616,465,1,464,75.48701298701299,0.21505376344086022
חצב,700,903,703,2,701,77.8516057585825,0.2844950213371266
ארבל,701,497,370,1,369,74.44668008048289,0.2702702702702703
האון,702,157,84,0,84,53.503184713375795,0.0
גבעת עוז,703,409,255,1,254,62.34718826405869,0.39215686274509803
נחשונים,705,363,256,0,256,70.52341597796143,0.0
גיאה,706,574,431,1,430,75.08710801393728,0.23201856148491878
כפר דניאל,707,505,362,0,362,71.68316831683168,0.0
עמקה,708,610,456,4,452,74.75409836065575,0.8771929824561403
תפרח,709,1082,953,9,944,88.07763401109058,0.944386149003148
בית זית,710,1126,812,3,809,72.11367673179396,0.3694581280788177
עזריה,711,809,686,1,685,84.79604449938195,0.1457725947521866
בן עמי,712,558,399,2,397,71.50537634408603,0.5012531328320802
רעים,713,387,282,1,281,72.86821705426357,0.3546099290780142
ארז,714,473,322,1,321,68.07610993657505,0.3105590062111801
להבות חביבה,715,653,494,2,492,75.65084226646248,0.4048582995951417
אייל,716,410,333,0,333,81.21951219512195,0.0
חגור,717,729,580,1,579,79.56104252400549,0.1724137931034483
ירחיב,718,822,607,2,605,73.84428223844283,0.3294892915980231
תל קציר,719,358,250,3,247,69.83240223463687,1.2
ניר גלים,720,664,524,2,522,78.91566265060241,0.38167938931297707
שדה אילן,721,419,340,0,340,81.14558472553699,0.0
מגשימים,722,686,519,1,518,75.65597667638484,0.1926782273603083
בית הגדי,723,595,491,0,491,82.52100840336134,0.0
הודיה,726,535,365,2,363,68.22429906542055,0.547945205479452
תלמי יחיאל,727,634,464,2,462,73.18611987381703,0.43103448275862066
משמר השבעה,729,716,555,4,551,77.51396648044692,0.7207207207207207
אליפלט,730,504,391,0,391,77.57936507936508,0.0
מישר,731,486,386,2,384,79.42386831275721,0.5181347150259068
משמר הירדן,732,582,435,1,434,74.74226804123711,0.22988505747126436
גן יאשיה,734,678,516,1,515,76.10619469026548,0.1937984496124031
רמות מאיר,735,553,391,4,387,70.70524412296564,1.0230179028132993
גילת,736,1119,869,4,865,77.65862377122431,0.46029919447640966
עולש,737,787,580,1,579,73.69758576874206,0.1724137931034483
דור,738,286,214,0,214,74.82517482517483,0.0
שדה עוזיהו,739,1026,851,2,849,82.94346978557505,0.23501762632197415
אשתאול,740,757,599,1,598,79.12813738441216,0.1669449081803005
שואבה,741,462,341,2,339,73.80952380952381,0.5865102639296188
מסילת ציון,742,711,579,0,579,81.43459915611815,0.0
כפר שמואל,743,616,505,1,504,81.98051948051948,0.19801980198019803
תלמי יפה,744,526,386,0,386,73.38403041825094,0.0
גמזו,745,692,544,0,544,78.61271676300578,0.0
ברכיה,746,793,694,1,693,87.51576292559899,0.1440922190201729
בית שקמה,747,575,425,4,421,73.91304347826086,0.9411764705882352
מסלול,748,546,409,0,409,74.9084249084249,0.0
פטיש,749,683,580,4,576,84.9194729136164,0.6896551724137931
פדויים,750,347,257,1,256,74.06340057636888,0.38910505836575876
בית מאיר,751,341,245,0,245,71.8475073313783,0.0
תעוז,752,433,344,1,343,79.44572748267899,0.29069767441860467
ינוב,753,621,460,4,456,74.07407407407408,0.8695652173913043
גורן,755,344,266,1,265,77.32558139534885,0.37593984962406013
בית עזרא,756,833,645,3,642,77.43097238895558,0.46511627906976744
מצליח,757,958,727,9,718,75.88726513569938,1.2379642365887207
יד חנה,758,604,485,2,483,80.29801324503312,0.4123711340206186
יציץ,759,579,440,2,438,75.99309153713298,0.45454545454545453
בן זכאי,760,584,491,1,490,84.07534246575342,0.20366598778004072
שובה,761,448,347,1,346,77.45535714285714,0.2881844380403458
בטחה,762,629,515,0,515,81.87599364069952,0.0
שתולים,763,1460,1133,6,1127,77.6027397260274,0.529567519858782
כפר מרדכי,764,478,364,0,364,76.15062761506276,0.0
משגב דב,765,521,392,2,390,75.23992322456814,0.5102040816326531
קוממיות,766,258,205,0,205,79.45736434108527,0.0
פורת,767,924,685,4,681,74.13419913419914,0.583941605839416
כרמיה,768,461,340,2,338,73.7527114967462,0.5882352941176471
ניר עציון,769,431,308,0,308,71.46171693735499,0.0
מבוא ביתר,771,675,491,2,489,72.74074074074073,0.40733197556008144
אמונים,772,735,528,2,526,71.83673469387755,0.3787878787878788
עמיקם,773,548,394,0,394,71.8978102189781,0.0
צוריאל,774,330,224,0,224,67.87878787878789,0.0
יד נתן,775,419,308,2,306,73.50835322195705,0.6493506493506493
מחסיה,776,311,255,1,254,81.9935691318328,0.39215686274509803
נחשון,777,478,352,1,351,73.64016736401673,0.2840909090909091
תרום,778,616,494,0,494,80.1948051948052,0.0
עמינדב,779,652,467,4,463,71.62576687116564,0.8565310492505354
אורה,780,831,596,3,593,71.72081829121541,0.5033557046979865
אבן ספיר,783,506,369,1,368,72.92490118577075,0.27100271002710025
בית נחמיה,784,647,489,2,487,75.57959814528593,0.408997955010225
אחיהוד,785,714,544,4,540,76.19047619047619,0.7352941176470588
כפר זיתים,786,473,352,1,351,74.4186046511628,0.2840909090909091
גבעת יערים,787,916,653,3,650,71.2882096069869,0.45941807044410415
זיתן,788,818,674,1,673,82.3960880195599,0.1483679525222552
רנן,789,468,347,3,344,74.14529914529915,0.8645533141210375
משען,791,725,569,0,569,78.48275862068965,0.0
נתיב השיירה,792,419,309,0,309,73.74701670644392,0.0
גבעתי,793,677,523,0,523,77.25258493353027,0.0
עגור,794,327,247,2,245,75.53516819571865,0.8097165991902834
יערה,795,590,388,1,387,65.76271186440678,0.25773195876288657
צלפון,796,696,538,2,536,77.29885057471265,0.37174721189591076
אחיעזר,797,1224,1050,5,1045,85.7843137254902,0.4761904761904762
יגל,798,631,515,2,513,81.61648177496038,0.3883495145631068
זכריה,799,767,626,4,622,81.61668839634942,0.6389776357827476
בית חנניה,800,628,479,0,479,76.27388535031847,0.0
חמד,801,614,507,5,502,82.57328990228014,0.9861932938856016
גבעת כח,802,640,508,1,507,79.375,0.19685039370078738
יושיביה,803,377,310,1,309,82.22811671087533,0.3225806451612903
אחיסמך,804,890,740,2,738,83.14606741573034,0.2702702702702703
ישעי,805,576,448,0,448,77.77777777777779,0.0
עין יהב,806,618,425,2,423,68.77022653721683,0.4705882352941176
חניאל,807,647,470,1,469,72.64296754250387,0.2127659574468085
ניר אליהו,808,425,316,2,314,74.3529411764706,0.6329113924050633
נחם,809,418,330,2,328,78.94736842105263,0.6060606060606061
עופר,810,402,307,0,307,76.3681592039801,0.0
יכיני,811,482,386,1,385,80.08298755186722,0.2590673575129534
שלומי,812,5887,3913,25,3888,66.46848989298454,0.638895987733197
עין יעקב,813,776,611,2,609,78.73711340206185,0.32733224222585927
תלמים,814,577,474,1,473,82.14904679376083,0.21097046413502107
זבדיאל,815,447,391,0,391,87.47203579418344,0.0
זנוח,816,407,305,0,305,74.93857493857494,0.0
עזריקם,817,992,777,0,777,78.32661290322581,0.0
זרחיה,818,519,449,0,449,86.51252408477842,0.0
אביגדור,819,607,486,3,483,80.0658978583196,0.6172839506172839
חלץ,820,367,270,2,268,73.56948228882834,0.7407407407407408
אחוזם,821,404,291,1,290,72.02970297029702,0.3436426116838488
מטע,822,585,417,0,417,71.28205128205128,0.0
בר גיורא,823,431,332,0,332,77.03016241299304,0.0
כוכב מיכאל,824,748,543,2,541,72.59358288770053,0.3683241252302026
נס הרים,825,884,642,2,640,72.62443438914026,0.3115264797507788
עוזה,826,342,267,1,266,78.0701754385965,0.37453183520599254
נווה מבטח,827,509,391,1,390,76.8172888015717,0.2557544757033248
ישרש,828,725,559,0,559,77.10344827586208,0.0
מבטחים,829,399,267,1,266,66.9172932330827,0.37453183520599254
ירוחם,831,7861,5196,51,5145,66.09846075562905,0.9815242494226328
נורית,833,148,115,0,115,77.7027027027027,0.0
גנות,836,345,271,0,271,78.55072463768116,0.0
עזריאל,837,618,492,1,491,79.6116504854369,0.20325203252032523
פדיה,838,612,493,4,489,80.55555555555556,0.8113590263691683
פתחיה,839,639,504,0,504,78.87323943661971,0.0
כיסופים,840,300,163,1,162,54.333333333333336,0.6134969325153374
אלישמע,841,812,645,5,640,79.43349753694581,0.7751937984496124
געש,842,725,558,3,555,76.96551724137932,0.5376344086021506
מרגליות,843,354,220,1,219,62.14689265536724,0.45454545454545453
נחל עוז,844,355,251,1,250,70.70422535211267,0.398406374501992
כפר עזה,845,768,563,1,562,73.30729166666666,0.17761989342806395
שפר,846,319,223,0,223,69.90595611285266,0.0
בית רבן,848,299,212,1,211,70.90301003344482,0.4716981132075472
דבירה,849,686,522,0,522,76.0932944606414,0.0
אחיטוב,850,743,552,1,551,74.29340511440108,0.18115942028985507
ניצני עוז,851,765,565,3,562,73.8562091503268,0.5309734513274336
גונן,852,360,225,2,223,62.5,0.8888888888888888
גאליה,853,820,604,5,599,73.65853658536585,0.8278145695364238
רחוב,854,336,248,1,247,73.80952380952381,0.4032258064516129
שעלבים,856,824,663,1,662,80.46116504854369,0.1508295625942685
כפר אביב,857,562,409,0,409,72.77580071174377,0.0
נווה ירק,858,860,650,0,650,75.5813953488372,0.0
כסלון,859,303,225,1,224,74.25742574257426,0.4444444444444444
שדה אליעזר,861,674,471,0,471,69.8813056379822,0.0
גני יוחנן,862,520,391,0,391,75.1923076923077,0.0
גינתון,863,646,504,2,502,78.0185758513932,0.3968253968253968
בקוע,864,571,476,4,472,83.36252189141857,0.8403361344537815
שיבולים,865,282,216,0,216,76.59574468085107,0.0
יטבתה,866,711,420,2,418,59.07172995780591,0.4761904761904762
אלוני יצחק,868,125,24,0,24,19.2,0.0
גבעת השלושה,870,531,412,1,411,77.5894538606403,0.24271844660194172
עינת,871,600,479,1,478,79.83333333333333,0.20876826722338201
גאולי תימן,872,252,193,1,192,76.5873015873016,0.5181347150259068
שלווה,873,421,351,0,351,83.3729216152019,0.0
מגדל העמק,874,22031,14094,121,13973,63.9734918977804,0.8585213566056478
בית חירות,877,618,462,0,462,74.75728155339806,0.0
עין שריד,880,1112,842,8,834,75.71942446043165,0.9501187648456058
שדה בוקר,885,428,266,1,265,62.149532710280376,0.37593984962406013
כפר הריף,888,605,460,1,459,76.03305785123968,0.21739130434782608
כפר חסידים ב,889,226,158,1,157,69.91150442477876,0.6329113924050633
עבדון,892,528,402,0,402,76.13636363636364,0.0
שבלי  אום אלגנם,913,4548,2276,18,2258,50.04397537379067,0.7908611599297013
ישע,916,301,216,1,215,71.76079734219269,0.4629629629629629
עצמון שגב,917,1003,683,1,682,68.09571286141576,0.14641288433382138
גבעת ישעיהו,919,506,367,1,366,72.5296442687747,0.2724795640326975
שער מנשה,921,132,21,1,20,15.909090909090908,4.761904761904762
רכסים,922,6974,5873,36,5837,84.21279036420992,0.6129746296611612
מסעודין אלעזאזמה,939,8444,3958,29,3929,46.87351965892942,0.7326932794340576
סואעד חמרייה,942,173,56,2,54,32.369942196531795,3.571428571428571
בסמת טבעון,944,5646,2429,27,2402,43.02160821820758,1.1115685467270482
הוזייל שבט,956,1156,403,5,398,34.86159169550173,1.240694789081886
עוקבי בנו עוקבה,957,353,175,1,174,49.57507082152974,0.5714285714285714
אבו עבדון שבט,958,154,41,0,41,26.623376623376622,0.0
אסד שבט,960,539,133,5,128,24.675324675324674,3.7593984962406015
אבו רוקייק שבט,961,5336,2105,12,2093,39.44902548725637,0.5700712589073634
טובאזנגריה,962,4793,2106,23,2083,43.93907782182349,1.0921177587844255
אעצם שבט,963,5320,2116,27,2089,39.774436090225564,1.275992438563327
קודייראת אצאנעשבט,964,1512,345,5,340,22.817460317460316,1.4492753623188406
אטרש שבט,965,1803,604,6,598,33.49972268441486,0.9933774834437087
אבו רובייעה שבט,966,4484,1496,23,1473,33.36306868867083,1.537433155080214
אבו גווייעד שבט,967,2279,549,9,540,24.089512944273807,1.639344262295082
אבו קורינאת שבט,968,3386,1215,6,1209,35.88304784406379,0.49382716049382713
עטאוונה שבט,969,116,34,0,34,29.310344827586203,0.0
תראבין אצאנע שבט,970,582,74,2,72,12.714776632302405,2.7027027027027026
קוואעין שבט,972,554,139,0,139,25.09025270758123,0.0
זרזיר,975,5760,2557,19,2538,44.392361111111114,0.7430582714118107
גנאביב שבט,976,564,230,2,228,40.78014184397163,0.8695652173913043
כעביהטבאשחגאגרה,978,3989,2248,15,2233,56.3549761845074,0.6672597864768683
ראס עלי,990,444,238,0,238,53.6036036036036,0.0
חמאם,993,1230,596,4,592,48.45528455284553,0.6711409395973155
מנשית זבדה,994,927,493,4,489,53.182308522114354,0.8113590263691683
רומת הייב,997,1481,646,11,635,43.61917623227549,1.7027863777089782
ביר אלמכסור,998,6991,4299,38,4261,61.493348591045624,0.8839264945336125
מבשרת ציון,1015,19755,14091,40,14051,71.3287775246773,0.2838691363281527
אור עקיבא,1020,17133,10955,76,10879,63.940932702970876,0.6937471474212688
חרוצים,1024,615,473,2,471,76.91056910569107,0.42283298097251587
שדרות,1031,23403,15342,100,15242,65.55569798743751,0.6518055012384305
קרית מלאכי,1034,17963,12665,74,12591,70.50604019373155,0.5842874062376628
נצאצרה שבט,1041,345,140,0,140,40.57971014492754,0.0
גיזו,1043,150,119,0,119,79.33333333333333,0.0
יעף,1044,185,134,0,134,72.43243243243244,0.0
שתולה,1045,240,166,1,165,69.16666666666667,0.6024096385542169
אוהד,1046,280,200,0,200,71.42857142857143,0.0
חזון,1047,255,221,2,219,86.66666666666667,0.904977375565611
בית חשמונאי,1050,1525,1188,1,1187,77.90163934426229,0.08417508417508417
תלמי אליהו,1051,232,149,1,148,64.22413793103449,0.6711409395973155
קטורה,1052,453,223,1,222,49.22737306843267,0.4484304932735426
תל שבע,1054,10918,5820,54,5766,53.306466385784944,0.9278350515463918
נווה זוהר,1057,57,19,0,19,33.33333333333333,0.0
שדה ניצן,1058,391,228,1,227,58.31202046035806,0.43859649122807015
כסיפה,1059,9552,5312,50,5262,55.61139028475712,0.9412650602409639
לקיה,1060,8671,4115,32,4083,47.45704071041402,0.7776427703523694
נוף הגליל,1061,40467,21366,303,21063,52.79857661798503,1.4181409716371807
מעלותתרשיחא,1063,18917,11484,120,11364,60.70730031188878,1.044932079414838
אמירים,1064,628,381,1,380,60.668789808917204,0.26246719160104987
זמרת,1065,400,355,0,355,88.75,0.0
בני עיש,1066,5695,3567,52,3515,62.63388937664618,1.457807681525091
דובב,1067,357,247,0,247,69.187675070028,0.0
אדמית,1068,369,205,0,205,55.55555555555556,0.0
רםאון,1069,687,500,0,500,72.7802037845706,0.0
אביעזר,1070,618,497,1,496,80.42071197411003,0.2012072434607646
נווה מיכאל,1071,488,375,2,373,76.84426229508196,0.5333333333333333
גן הדרום,1072,344,268,2,266,77.90697674418605,0.7462686567164178
גבעת שפירא,1077,226,177,0,177,78.31858407079646,0.0
צפרירים,1079,332,226,0,226,68.07228915662651,0.0
מבועים,1080,942,687,0,687,72.92993630573248,0.0
אבן מנחם,1081,278,194,0,194,69.7841726618705,0.0
מעגלים,1082,1090,886,1,885,81.28440366972477,0.1128668171557562
תושיה,1083,362,273,0,273,75.41436464088397,0.0
בן שמן כפר נוער,1084,245,166,0,166,67.75510204081633,0.0
כרם שלום,1085,153,89,0,89,58.16993464052288,0.0
כרם יבנה ישיבה,1094,138,117,0,117,84.78260869565217,0.0
כפר מימון,1095,484,372,0,372,76.85950413223141,0.0
מרכז שפירא,1098,1620,1317,0,1317,81.2962962962963,0.0
צוקי ים,1102,193,132,0,132,68.39378238341969,0.0
גני הדר,1103,286,226,0,226,79.02097902097903,0.0
פוריה  כפר עבודה,1104,287,193,1,192,67.24738675958189,0.5181347150259068
פוריה  נווה עובד,1105,1055,726,0,726,68.81516587677726,0.0
אומן,1108,499,339,0,339,67.93587174348697,0.0
חבר,1110,501,362,1,361,72.2554890219561,0.2762430939226519
יודפת,1112,668,503,2,501,75.2994011976048,0.3976143141153081
צור הדסה,1113,6616,4895,14,4881,73.98730350665055,0.28600612870275793
שריגים ליאון,1114,779,524,0,524,67.26572528883183,0.0
אביבים,1115,347,271,1,270,78.09798270893373,0.36900369003690037
אדרת,1123,609,443,0,443,72.74220032840722,0.0
נאות הכיכר,1124,225,146,0,146,64.88888888888889,0.0
אלמגור,1125,300,220,0,220,73.33333333333333,0.0
אילות,1126,276,169,0,169,61.23188405797102,0.0
מעלה גלבוע,1127,386,310,1,309,80.31088082901555,0.3225806451612903
מי עמי,1128,259,197,0,197,76.06177606177607,0.0
גרופית,1129,292,166,0,166,56.849315068493155,0.0
כפר רוזנואלד זרעית,1130,222,157,0,157,70.72072072072072,0.0
שניר,1132,493,358,0,358,72.61663286004057,0.0
ורדון,1133,214,156,0,156,72.89719626168224,0.0
יד השמונה,1134,170,121,1,120,71.17647058823529,0.8264462809917356
צוחר,1136,466,294,1,293,63.0901287553648,0.3401360544217687
קרית יערים,1137,3496,2720,17,2703,77.80320366132723,0.625
יעד,1138,628,445,0,445,70.85987261146497,0.0
כרמיאל,1139,42065,24030,247,23783,57.12587661951741,1.0278818143986683
מדרשת בן גוריון,1140,1147,771,2,769,67.21883173496077,0.25940337224383914
מבוא מודיעים,1141,176,103,0,103,58.52272727272727,0.0
נס עמים,1143,256,209,0,209,81.640625,0.0
אלומה,1145,612,531,0,531,86.76470588235294,0.0
עלומים,1146,347,249,3,246,71.75792507204612,1.2048192771084338
נטועה,1147,257,193,0,193,75.09727626459144,0.0
צור נתן,1148,228,157,0,157,68.85964912280701,0.0
עזר,1149,609,467,1,466,76.68308702791461,0.21413276231263384
צופר,1150,383,251,0,251,65.53524804177546,0.0
פארן,1151,398,267,0,267,67.08542713567839,0.0
אשלים,1152,437,305,2,303,69.79405034324942,0.6557377049180327
כישור,1153,131,97,2,95,74.04580152671755,2.0618556701030926
מגן שאול,1155,413,329,0,329,79.66101694915254,0.0
סמר,1156,239,126,0,126,52.719665271966534,0.0
אחווה,1157,181,137,0,137,75.69060773480662,0.0
יהל,1158,224,132,2,130,58.92857142857143,1.5151515151515151
שכניה,1160,623,454,0,454,72.87319422150883,0.0
רהט,1161,38346,23241,217,23024,60.60866843999374,0.9336947635643905
בית רימון,1162,448,374,0,374,83.48214285714286,0.0
מורן,1163,376,282,1,281,75.0,0.3546099290780142
שילת,1165,529,414,1,413,78.26086956521739,0.24154589371980675
כפר רות,1166,190,151,0,151,79.47368421052632,0.0
קיסריה,1167,5448,3457,10,3447,63.45447870778267,0.2892681515765114
הוואשלה שבט,1169,1202,632,8,624,52.57903494176372,1.2658227848101267
סייד שבט,1170,970,324,3,321,33.4020618556701,0.9259259259259258
לוטם,1171,533,363,1,362,68.10506566604127,0.27548209366391185
תובל,1172,324,196,0,196,60.49382716049383,0.0
לפידות,1173,118,92,0,92,77.96610169491525,0.0
מנוף,1174,672,459,1,458,68.30357142857143,0.2178649237472767
עידן,1175,340,199,2,197,58.529411764705884,1.0050251256281406
ספיר,1176,360,208,4,204,57.77777777777777,1.9230769230769231
טללים,1177,455,312,2,310,68.57142857142857,0.641025641025641
מורשת,1178,1120,805,1,804,71.875,0.12422360248447205
קורנית,1179,656,469,1,468,71.4939024390244,0.21321961620469082
צביה,1180,270,190,2,188,70.37037037037037,1.0526315789473684
טלאל,1181,1005,733,0,733,72.93532338308458,0.0
אלון הגליל,1182,865,612,1,611,70.7514450867052,0.16339869281045752
כליל,1183,577,385,4,381,66.72443674176776,1.0389610389610389
מתת,1184,178,103,0,103,57.865168539325836,0.0
פלך,1185,115,98,1,97,85.21739130434783,1.0204081632653061
הושעיה,1186,1449,1047,0,1047,72.2567287784679,0.0
אשחר,1188,681,490,1,489,71.95301027900148,0.20408163265306123
מצפה נטופה,1190,680,488,4,484,71.76470588235294,0.819672131147541
בר יוחאי,1191,712,474,1,473,66.57303370786516,0.21097046413502107
ערערהבנגב,1192,9791,5599,32,5567,57.18517005413134,0.5715306304697267
ניצנה קהילת חינוך,1195,324,75,1,74,23.14814814814815,1.3333333333333335
נאות סמדר,1197,268,155,0,155,57.83582089552238,0.0
כרמים,1198,234,180,0,180,76.92307692307693,0.0
עדי,1199,1506,1107,4,1103,73.50597609561753,0.36133694670280037
מודיעיןמכביםרעות,1200,69212,51695,150,51545,74.69080506270589,0.29016345874842825
כמון,1201,577,409,0,409,70.8838821490468,0.0
מכמנים,1202,393,278,1,277,70.73791348600508,0.3597122302158274
הררית,1203,423,312,1,311,73.75886524822694,0.3205128205128205
גילון,1204,937,673,3,670,71.82497331910352,0.44576523031203563
מנות,1205,370,274,4,270,74.05405405405405,1.4598540145985401
גיתה,1206,222,145,1,144,65.31531531531532,0.6896551724137931
לבון,1207,550,396,1,395,72.0,0.25252525252525254
הילה,1208,509,330,0,330,64.83300589390963,0.0
חרשים,1209,249,187,0,187,75.1004016064257,0.0
כחל,1210,364,270,0,270,74.17582417582418,0.0
קדרים,1211,208,136,0,136,65.38461538461539,0.0
עמוקה,1212,156,104,0,104,66.66666666666666,0.0
צבעון,1213,210,153,1,152,72.85714285714285,0.6535947712418301
טפחות,1214,259,201,0,201,77.60617760617761,0.0
גורנות הגליל,1219,199,126,1,125,63.31658291457286,0.7936507936507936
אבירים,1220,235,152,2,150,64.68085106382979,1.3157894736842104
צורית,1221,755,561,0,561,74.3046357615894,0.0
מצפה אביב,1222,744,569,0,569,76.47849462365592,0.0
שדי אברהם,1223,264,169,0,169,64.01515151515152,0.0
כוכב יאיר,1224,7829,5714,13,5701,72.98505556265168,0.22751137556877846
יובלים,1226,1055,775,1,774,73.45971563981043,0.12903225806451613
יתד,1227,373,278,1,277,74.53083109919572,0.3597122302158274
רקפת,1228,787,576,1,575,73.18932655654383,0.1736111111111111
כלנית,1229,187,152,0,152,81.28342245989305,0.0
לבנים,1230,353,247,2,245,69.97167138810198,0.8097165991902834
פרי גן,1231,177,114,1,113,64.40677966101694,0.8771929824561403
יבול,1232,227,164,0,164,72.24669603524228,0.0
שקף,1233,323,255,0,255,78.94736842105263,0.0
קבועה שבט,1234,822,341,1,340,41.48418491484185,0.2932551319648094
שורשים,1235,456,319,1,318,69.95614035087719,0.3134796238244514
נירית,1236,882,642,3,639,72.78911564625851,0.46728971962616817
תלמי יוסף,1237,275,167,0,167,60.72727272727273,0.0
סופה,1238,189,107,1,106,56.613756613756614,0.9345794392523363
חולית,1239,141,93,1,92,65.95744680851064,1.0752688172043012
עין הבשור,1240,759,528,1,527,69.56521739130434,0.1893939393939394
דקל,1241,280,177,1,176,63.21428571428571,0.5649717514124294
נתיב העשרה,1242,742,572,1,571,77.088948787062,0.17482517482517482
קציר,1243,2310,1494,5,1489,64.67532467532467,0.33467202141900937
תמרת,1244,1164,855,0,855,73.4536082474227,0.0
סלמה,1245,2445,1324,9,1315,54.151329243353786,0.6797583081570997
עראמשה,1246,1086,505,2,503,46.500920810313076,0.39603960396039606
חריש,1247,17269,12330,59,12271,71.39961781226475,0.4785077047850771
אליפז,1248,121,81,1,80,66.94214876033058,1.2345679012345678
הרדוף,1249,450,309,1,308,68.66666666666667,0.3236245954692557
עין תמר,1251,158,98,0,98,62.0253164556962,0.0
כורזים,1252,345,226,4,222,65.5072463768116,1.7699115044247788
אמנון,1253,353,246,0,246,69.68838526912181,0.0
נטף,1254,377,284,2,282,75.3315649867374,0.7042253521126761
לוטן,1255,179,96,0,96,53.63128491620112,0.0
אשרת,1256,470,342,1,341,72.76595744680851,0.29239766081871343
חנתון,1257,558,413,2,411,74.01433691756273,0.48426150121065376
מסד,1258,382,284,0,284,74.3455497382199,0.0
נווה שלום,1259,253,186,1,185,73.51778656126481,0.5376344086021506
רתמים,1260,276,220,0,220,79.71014492753623,0.0
הר עמשא,1261,130,90,0,90,69.23076923076923,0.0
צוקים,1262,222,131,1,130,59.009009009009006,0.7633587786259541
כפר ורדים,1263,4780,3162,10,3152,66.15062761506276,0.31625553447185323
כרמי יוסף,1264,1420,1049,1,1048,73.87323943661971,0.09532888465204957
שומריה,1265,354,277,0,277,78.24858757062147,0.0
שחרות,1266,151,79,0,79,52.317880794701985,0.0
מיתר,1268,8021,5806,13,5793,72.3849894028176,0.22390630382363072
להבים,1271,5518,3906,4,3902,70.78651685393258,0.10240655401945725
חלוץ,1272,454,296,0,296,65.19823788546255,0.0
גן נר,1274,2178,1522,7,1515,69.88062442607898,0.45992115637319314
אבטליון,1275,323,244,0,244,75.54179566563467,0.0
באר מילכה,1278,113,93,0,93,82.30088495575221,0.0
ניצני סיני,1280,231,150,0,150,64.93506493506493,0.0
מירב,1282,466,345,0,345,74.0343347639485,0.0
תל תאומים,1283,345,269,0,269,77.97101449275362,0.0
נופית,1284,2028,1483,6,1477,73.12623274161736,0.4045853000674309
כרכום,1285,452,292,2,290,64.60176991150442,0.684931506849315
שגבשלום,1286,6049,3222,35,3187,53.26500247974872,1.0862818125387959
שני,1287,377,249,2,247,66.04774535809018,0.8032128514056224
גבעת אלה,1288,1567,1137,2,1135,72.55902999361837,0.1759014951627089
זמר,1290,5038,2845,27,2818,56.47082175466455,0.9490333919156414
כמהין,1291,153,106,0,106,69.28104575163398,0.0
גדיידהמכר,1292,15255,8182,67,8115,53.634873811864956,0.8188706917624053
גבעת אבני,1293,1723,1191,4,1187,69.12362159024956,0.33585222502099077
אור הגנוז,1294,323,215,1,214,66.56346749226006,0.46511627906976744
יאנוחגת,1295,4843,1915,10,1905,39.541606442287836,0.5221932114882507
כסראסמיע,1296,6066,1959,14,1945,32.29475766567755,0.7146503318019397
כפר חנניה,1297,537,401,2,399,74.67411545623837,0.4987531172069825
חורה,1303,9346,4583,63,4520,49.037021185533916,1.374645428758455
שוהם,1304,17006,12931,21,12910,76.0378689874162,0.1624004330678215
אלעד,1309,23395,19737,100,19637,84.36418038042316,0.5066626133657598
לפיד,1310,1773,1324,3,1321,74.67569091934574,0.22658610271903326
אבשלום,1311,308,199,3,196,64.6103896103896,1.507537688442211
פוריה עילית,1313,939,608,4,604,64.74973375931843,0.6578947368421052
נווה זיו,1314,609,426,1,425,69.95073891625616,0.2347417840375587
מתן,1315,2652,1903,5,1898,71.75716440422323,0.2627430373095113
אלעריאן,1316,131,100,0,100,76.33587786259542,0.0
דמיידה,1317,352,187,12,175,53.125,6.417112299465241
בת חפר,1319,4193,3030,4,3026,72.26329596947294,0.132013201320132
עין חוד,1320,206,109,0,109,52.9126213592233,0.0
חואלד,1321,552,260,2,258,47.10144927536232,0.7692307692307693
בת הדר,1323,511,407,2,405,79.6477495107632,0.4914004914004914
ארסוף,1324,147,80,0,80,54.421768707483,0.0
בסמה,1326,7247,3309,53,3256,45.660273216503384,1.6016923541855546
מעלה עירון,1327,10678,4599,57,4542,43.069863270275334,1.2393998695368558
אחוזת ברק,1330,1852,1353,4,1349,73.0561555075594,0.29563932002956395
כמאנה,1331,1133,531,4,527,46.8667255075022,0.7532956685499058
חוסנייה,1332,607,330,9,321,54.36573311367381,2.727272727272727
נוף איילון,1333,1682,1295,0,1295,76.99167657550535,0.0
ראס אלעין,1334,288,200,3,197,69.44444444444444,1.5
ערב אל נעים,1335,579,343,10,333,59.240069084628665,2.9154518950437316
אירוס,1336,531,427,0,427,80.41431261770245,0.0
שמשית,1337,1960,1356,2,1354,69.18367346938776,0.14749262536873156
כדיתה,1338,138,67,0,67,48.55072463768116,0.0
מרחב עם,1340,225,184,0,184,81.77777777777779,0.0
אבו קרינאת יישוב,1342,703,351,5,346,49.92887624466572,1.4245014245014245
מכחול,1343,582,280,3,277,48.10996563573883,1.0714285714285714
גבעות בר,1344,703,552,1,551,78.52062588904694,0.18115942028985507
צור יצחק,1345,3924,3173,5,3168,80.86136595310907,0.15757957768673178
תראבין אצאנעישוב,1346,650,248,5,243,38.15384615384615,2.0161290322580645
קצר אסר,1347,1409,1060,7,1053,75.2306600425834,0.6603773584905661
ביר הדאג,1348,1363,795,6,789,58.327219369038886,0.7547169811320755
דריגאת,1349,630,430,2,428,68.25396825396825,0.46511627906976744
אום בטין,1358,2399,1300,11,1289,54.18924551896623,0.8461538461538461
אל סייד,1359,2028,1095,7,1088,53.99408284023669,0.6392694063926941
סעוה,1360,1096,548,10,538,50.0,1.824817518248175
בת חן,1361,395,234,0,234,59.24050632911393,0.0
בני נצרים,1363,368,308,0,308,83.69565217391305,0.0
שלומית,1364,157,129,0,129,82.16560509554141,0.0
אליאב,1365,331,276,1,275,83.38368580060424,0.36231884057971014
נווה,1366,373,295,0,295,79.08847184986595,0.0
כחלה,1367,265,167,3,164,63.0188679245283,1.7964071856287425
בני דקלים,1368,733,625,0,625,85.26603001364256,0.0
נטע,1369,344,280,2,278,81.3953488372093,0.7142857142857143
מצפה אילן,1370,325,267,1,266,82.15384615384616,0.37453183520599254
גני טל,1371,455,379,0,379,83.2967032967033,0.0
נצר חזני,1372,295,254,0,254,86.10169491525423,0.0
כרמי קטיף,1374,336,281,1,280,83.63095238095238,0.3558718861209964
אבו תלול,1375,1141,653,6,647,57.23049956178791,0.9188361408882083
באר גנים,1376,1172,975,1,974,83.19112627986348,0.10256410256410256
שבי דרום,1377,170,152,2,150,89.41176470588236,1.3157894736842104
מחנה הילה,1411,133,106,0,106,79.69924812030075,0.0
מחנה תל נוף,1412,158,111,0,111,70.25316455696202,0.0
מחנה יהודית,1413,136,97,0,97,71.32352941176471,0.0
מחנה מרים,1414,83,48,0,48,57.831325301204814,0.0
מחנה יפה,1415,217,120,0,120,55.29953917050692,0.0
מחנה יוכבד,1416,108,57,0,57,52.77777777777778,0.0
מחנה טלי,1418,154,81,1,80,52.5974025974026,1.2345679012345678
ניצן ב,1419,466,333,0,333,71.45922746781116,0.0
תנובות,2002,633,460,2,458,72.66982622432859,0.43478260869565216
תלמי אלעזר,2003,685,522,2,520,76.2043795620438,0.38314176245210724
שדה יצחק,2008,446,334,2,332,74.88789237668162,0.5988023952095809
יובל,2009,464,339,1,338,73.0603448275862,0.2949852507374631
כפר בן נון,2010,548,431,0,431,78.64963503649635,0.0
ינון,2011,943,749,1,748,79.42735949098622,0.13351134846461948
אורות,2012,443,326,2,324,73.58916478555305,0.6134969325153374
בן שמן מושב,2013,610,467,0,467,76.55737704918033,0.0
גבעולים,2014,316,261,1,260,82.59493670886076,0.38314176245210724
שדי חמד,2015,728,547,4,543,75.13736263736264,0.7312614259597806
רוויה,2016,271,187,0,187,69.00369003690037,0.0
גבעת חיים איחוד,2018,1004,740,4,736,73.70517928286853,0.5405405405405406
אשל הנשיא,2021,111,64,0,64,57.65765765765766,0.0
להב,2023,545,380,2,378,69.72477064220183,0.5263157894736842
אום אלקוטוף,2024,784,454,8,446,57.90816326530612,1.762114537444934
ירדנה,2026,283,220,2,218,77.73851590106007,0.9090909090909091
מדרך עוז,2029,574,409,1,408,71.25435540069687,0.24449877750611246
מנוחה,2030,460,367,1,366,79.78260869565217,0.2724795640326975
בית חלקיה,2033,484,400,4,396,82.64462809917356,1.0
חצור הגלילית,2034,7481,5284,17,5267,70.63226841331372,0.32172596517789553
עדנים,2035,293,220,0,220,75.0853242320819,0.0
ברקת,2038,1205,1012,1,1011,83.98340248962656,0.09881422924901186
עין גדי,2042,478,283,0,283,59.20502092050209,0.0
בחן,2043,672,501,0,501,74.55357142857143,0.0
מלילות,2044,296,244,1,243,82.43243243243244,0.4098360655737705
נחלה,2045,483,399,1,398,82.6086956521739,0.2506265664160401
סגולה,2046,446,352,2,350,78.9237668161435,0.5681818181818182
ניר משה,2047,436,302,1,301,69.26605504587155,0.33112582781456956
ניר עקיבא,2048,467,327,1,326,70.02141327623126,0.3058103975535168
שדה צבי,2049,442,337,0,337,76.2443438914027,0.0
תלמי בילו,2050,367,292,0,292,79.56403269754769,0.0
רווחה,2051,415,361,1,360,86.98795180722891,0.2770083102493075
אביטל,2052,414,328,1,327,79.22705314009661,0.3048780487804878
פרזון,2053,333,243,2,241,72.97297297297297,0.823045267489712
מיטב,2054,364,290,0,290,79.67032967032966,0.0
מאור,2055,972,735,3,732,75.61728395061729,0.40816326530612246
שדי תרומות,2057,387,293,0,293,75.71059431524549,0.0
פעמי תשז,2059,390,308,0,308,78.97435897435898,0.0
ברוש,2060,375,286,0,286,76.26666666666667,0.0
תדהר,2061,440,329,3,326,74.77272727272727,0.911854103343465
תאשור,2062,309,223,0,223,72.168284789644,0.0
דישון,2063,299,207,0,207,69.23076923076923,0.0
זרועה,2064,336,251,0,251,74.70238095238095,0.0
טירת כרמל,2100,22069,15121,111,15010,68.51692419230595,0.7340784339660076
דימונה,2200,29297,18625,154,18471,63.57306208826843,0.8268456375838926
קרית טבעון,2300,14446,9744,28,9716,67.45119756333933,0.28735632183908044
אור יהודה,2400,27640,20022,130,19892,72.43849493487699,0.6492857856358006
נשר,2500,19644,12212,100,12112,62.16656485440847,0.8188666885031117
באר יעקב,2530,18146,14109,53,14056,77.75267276534773,0.37564675030122613
גדרה,2550,19693,14264,62,14202,72.4318285685269,0.43466068424004484
ערד,2560,21746,12406,87,12319,57.049572335142095,0.7012735773013058
אילת,2600,51974,22361,172,22189,43.02343479432024,0.7691963686776083
בית שמש,2610,78064,51622,347,51275,66.12779258044681,0.6721940258029522
קרית אונו,2620,31113,22796,83,22713,73.26840870375727,0.3640989647306545
קרית גת,2630,45388,31097,251,30846,68.51370406274786,0.8071518152876483
ראש העין,2640,49148,38128,144,37984,77.5779278912672,0.37767519932857746
רמת השרון,2650,38282,27342,67,27275,71.42260070006792,0.24504425426084414
יבנה,2660,37761,28552,126,28426,75.61240433251238,0.4413000840571588
אום אלפחם,2710,38286,14658,207,14451,38.28553518257326,1.412198117069177
טירה,2720,19319,12030,118,11912,62.27030384595476,0.9808811305070657
טייבה,2730,30461,17580,179,17401,57.713141393913524,1.018202502844141
קרית שמונה,2800,18582,11355,98,11257,61.10752340975137,0.8630559225011007
ירושלים,3000,432125,266196,1496,264700,61.60161990164883,0.5619919157312657
חברון,3400,338,215,0,215,63.609467455621306,0.0
כפר עציון,3488,564,440,2,438,78.01418439716312,0.45454545454545453
נתיב הגדוד,3555,225,137,1,136,60.88888888888889,0.7299270072992701
אלמוג,3556,195,111,1,110,56.92307692307692,0.9009009009009009
קדומים,3557,2715,2064,4,2060,76.02209944751381,0.1937984496124031
תומר,3558,254,197,4,193,77.55905511811024,2.030456852791878
אלקנה,3560,2797,2255,4,2251,80.62209510189489,0.17738359201773835
מגדל עוז,3561,266,167,0,167,62.78195488721805,0.0
תקוע,3563,2334,1686,11,1675,72.23650385604114,0.6524317912218268
כוכב השחר,3564,1358,1072,1,1071,78.93961708394698,0.09328358208955223
רימונים,3565,512,360,0,360,70.3125,0.0
יפית,3566,176,101,0,101,57.38636363636363,0.0
סלעית,3567,824,659,4,655,79.97572815533981,0.6069802731411229
ריחן,3568,242,186,2,184,76.85950413223141,1.0752688172043012
מבוא דותן,3569,331,242,0,242,73.1117824773414,0.0
אריאל,3570,15396,9516,96,9420,61.80826188620421,1.008827238335435
שבי שומרון,3571,588,467,1,466,79.421768707483,0.21413276231263384
כפר תפוח,3572,726,527,2,525,72.58953168044077,0.3795066413662239
נוה צוף,3573,822,632,2,630,76.88564476885644,0.31645569620253167
בית אל,3574,3503,2704,6,2698,77.19097916071938,0.22189349112426035
בית חורון,3575,886,718,1,717,81.03837471783297,0.1392757660167131
מצפה יריחו,3576,1399,1077,2,1075,76.98355968548964,0.18570102135561745
שדמות מחולה,3578,437,340,0,340,77.80320366132723,0.0
אלון מורה,3579,971,720,3,717,74.15036045314109,0.4166666666666667
ארגמן,3598,121,76,2,74,62.8099173553719,2.631578947368421
מחולה,3599,393,288,1,287,73.2824427480916,0.3472222222222222
קליה,3601,339,237,0,237,69.91150442477876,0.0
ראש צורים,3602,537,433,0,433,80.63314711359403,0.0
הר גילה,3603,1059,779,1,778,73.55996222851748,0.12836970474967907
אלון שבות,3604,2286,1686,4,1682,73.75328083989501,0.2372479240806643
משואה,3605,212,158,2,156,74.52830188679245,1.2658227848101267
גלגל,3606,158,94,0,94,59.49367088607595,0.0
ייטב,3607,270,186,4,182,68.88888888888889,2.1505376344086025
מעלה אפרים,3608,1162,630,3,627,54.21686746987952,0.4761904761904762
חמרה,3609,148,104,1,103,70.27027027027027,0.9615384615384616
מצפה שלם,3610,265,191,1,190,72.0754716981132,0.5235602094240838
קרית ארבע,3611,4914,3257,8,3249,66.28001628001628,0.24562480810561868
בקעות,3612,145,104,0,104,71.72413793103448,0.0
גיתית,3613,253,191,0,191,75.49407114624506,0.0
מכורה,3614,143,95,0,95,66.43356643356644,0.0
פצאל,3615,269,209,0,209,77.69516728624535,0.0
מעלה אדומים,3616,28142,19710,108,19602,70.03766612181082,0.547945205479452
עופרה,3617,2027,1482,4,1478,73.11297483966453,0.2699055330634278
אלעזר,3618,1635,1203,2,1201,73.57798165137615,0.1662510390689942
רועי,3619,129,86,0,86,66.66666666666666,0.0
כפר אדומים,3638,2787,1996,7,1989,71.61822748475063,0.35070140280561124
ורד יריחו,3639,267,199,0,199,74.53183520599251,0.0
קרני שומרון,3640,6464,4754,22,4732,73.54579207920791,0.4627681952040387
שילה,3641,2259,1772,3,1769,78.44178840194776,0.16930022573363432
חיננית,3643,902,685,3,682,75.94235033259423,0.43795620437956206
גבעון החדשה,3644,958,650,4,646,67.84968684759917,0.6153846153846154
בית הערבה,3645,239,205,3,202,85.77405857740585,1.4634146341463417
חמדת,3646,164,121,0,121,73.78048780487805,0.0
יקיר,3647,1380,1099,1,1098,79.6376811594203,0.09099181073703368
מתתיהו,3648,521,378,4,374,72.552783109405,1.0582010582010581
שקד,3649,674,492,2,490,72.99703264094956,0.40650406504065045
אפרת,3650,7945,5798,15,5783,72.9767149150409,0.25870989996550536
מעלה מכמש,3651,1076,836,3,833,77.69516728624535,0.3588516746411483
בית אריה,3652,3892,2759,5,2754,70.88900308324769,0.1812250815512867
מעלה עמוס,3653,431,326,2,324,75.63805104408353,0.6134969325153374
ברקן,3654,1511,1058,5,1053,70.01985440105891,0.4725897920604915
נילי,3655,1309,963,3,960,73.56760886172651,0.3115264797507788
כרמל,3656,288,215,0,215,74.65277777777779,0.0
מעון,3657,305,228,0,228,74.75409836065575,0.0
עטרת,3658,327,264,0,264,80.73394495412845,0.0
פסגות,3659,1135,904,3,901,79.64757709251101,0.33185840707964603
עמנואל,3660,2567,1946,14,1932,75.80833657966498,0.7194244604316548
מבוא חורון,3709,1268,1083,4,1079,85.41009463722398,0.3693444136657433
ברכה,3710,1327,1131,2,1129,85.22984174830445,0.17683465959328026
ענב,3712,560,459,0,459,81.96428571428571,0.0
נעמה,3713,171,110,0,110,64.32748538011695,0.0
עלמון,3715,1037,779,8,771,75.12054001928641,1.0269576379974326
חרמש,3717,213,138,2,136,64.7887323943662,1.4492753623188406
תלם,3719,230,181,1,180,78.69565217391305,0.5524861878453038
אשכולות,3722,374,284,0,284,75.93582887700535,0.0
פני חבר,3723,267,211,0,211,79.02621722846442,0.0
נגוהות,3724,230,195,0,195,84.78260869565217,0.0
נווה דניאל,3725,1638,1156,2,1154,70.57387057387058,0.17301038062283738
נוקדים,3726,1429,1027,5,1022,71.86843946815955,0.4868549172346641
עלי זהב,3727,2056,1718,1,1717,83.56031128404669,0.05820721769499418
גבעת זאב,3730,12613,9703,40,9663,76.92856576548006,0.41224363598886943
טנא,3743,541,417,1,416,77.07948243992607,0.2398081534772182
ברוכין,3744,926,772,0,772,83.36933045356372,0.0
מצדות יהודה,3745,477,361,0,361,75.68134171907757,0.0
קרית נטפים,3746,474,389,1,388,82.0675105485232,0.2570694087403599
דולב,3747,904,695,3,692,76.88053097345133,0.4316546762589928
עתניאל,3748,501,346,0,346,69.061876247505,0.0
יצהר,3749,830,645,0,645,77.71084337349397,0.0
אלפי מנשה,3750,6017,4423,21,4402,73.50839288682067,0.4747908659281031
מגדלים,3751,297,226,0,226,76.0942760942761,0.0
מעלה לבונה,3752,461,351,0,351,76.13882863340564,0.0
אספר,3754,465,352,2,350,75.6989247311828,0.5681818181818182
סוסיה,3756,780,596,0,596,76.41025641025641,0.0
אדורה,3759,264,208,1,207,78.78787878787878,0.4807692307692308
אורנית,3760,6744,5080,16,5064,75.32621589561091,0.31496062992125984
איתמר,3762,676,492,0,492,72.7810650887574,0.0
גבע בנימין,3763,3518,2566,10,2556,72.93916998294485,0.3897116134060795
חגי,3764,384,280,0,280,72.91666666666666,0.0
עלי,3765,2318,1690,4,1686,72.9076790336497,0.2366863905325444
כרמי צור,3766,582,432,4,428,74.22680412371135,0.9259259259259258
נחליאל,3767,346,266,2,264,76.878612716763,0.7518796992481203
פדואל,3768,1175,974,0,974,82.8936170212766,0.0
הר אדר,3769,3177,2361,6,2355,74.31539187913125,0.25412960609911056
חשמונאים,3770,2244,1646,6,1640,73.3511586452763,0.3645200486026731
סנסנה,3777,385,292,0,292,75.84415584415585,0.0
כוכב יעקב,3779,5005,4040,24,4016,80.71928071928072,0.594059405940594
ביתר עילית,3780,29318,23847,159,23688,81.33910907974624,0.6667505346584476
קדר,3781,1084,755,2,753,69.64944649446494,0.26490066225165565
רותם,3782,117,82,2,80,70.08547008547008,2.4390243902439024
שמעה,3784,485,370,1,369,76.28865979381443,0.2702702702702703
משכיות,3785,104,88,0,88,84.61538461538461,0.0
נעלה,3787,1637,1223,6,1217,74.70983506414173,0.49059689288634506
טלמון,3788,2624,2114,1,2113,80.5640243902439,0.04730368968779565
נופים,3790,636,469,1,468,73.74213836477988,0.21321961620469082
צופים,3791,1574,1206,3,1203,76.62007623888184,0.24875621890547264
אבני חפץ,3793,1358,1049,5,1044,77.2459499263623,0.47664442326024786
בת עין,3794,960,600,6,594,62.5,1.0
רבבה,3795,1457,1197,2,1195,82.15511324639671,0.1670843776106934
כפר האורנים,3796,1766,1291,1,1290,73.1030577576444,0.0774593338497289
מודיעין עילית,3797,32933,27016,361,26655,82.03321895970606,1.336245188036719
רחלים,3822,422,363,0,363,86.01895734597157,0.0
גני מודיעין,3823,2046,1538,6,1532,75.17106549364614,0.3901170351105332
עמיחי,3824,100,86,0,86,86.0,0.0
שער שומרון,3826,5566,4173,11,4162,74.97305066475028,0.26359932901988975
חיפה,4000,253292,140650,886,139764,55.52879680368902,0.6299324564521863
בוקעאתא,4001,749,190,0,190,25.367156208277702,0.0
אליעד,4002,330,244,1,243,73.93939393939394,0.4098360655737705
אלרום,4003,387,275,1,274,71.0594315245478,0.36363636363636365
כפר חרוב,4004,427,268,0,268,62.76346604215457,0.0
חספין,4005,891,645,1,644,72.39057239057239,0.15503875968992248
קשת,4006,442,329,0,329,74.43438914027149,0.0
יונתן,4007,452,326,0,326,72.12389380530973,0.0
מעלה גמלא,4008,416,317,1,316,76.20192307692307,0.31545741324921134
שעל,4009,237,180,1,179,75.9493670886076,0.5555555555555556
אודם,4010,133,99,1,98,74.43609022556392,1.0101010101010102
אבני איתן,4011,455,325,1,324,71.42857142857143,0.3076923076923077
אניעם,4012,445,263,1,262,59.10112359550562,0.38022813688212925
אורטל,4013,269,176,1,175,65.4275092936803,0.5681818181818182
נטור,4014,312,228,0,228,73.07692307692307,0.0
בני יהודה,4015,935,588,3,585,62.88770053475936,0.5102040816326531
אלוני הבשן,4017,237,162,0,162,68.35443037974683,0.0
מיצר,4019,138,104,1,103,75.36231884057972,0.9615384615384616
גבעת יואב,4021,492,354,2,352,71.95121951219512,0.5649717514124294
גשור,4022,239,153,0,153,64.01673640167364,0.0
קלע,4024,301,192,2,190,63.78737541528239,1.0416666666666665
קדמת צבי,4025,431,294,3,291,68.21345707656613,1.0204081632653061
חדנס,4026,724,416,0,416,57.4585635359116,0.0
כנף,4028,350,219,2,217,62.57142857142857,0.91324200913242
קצרין,4100,6578,3588,32,3556,54.54545454545454,0.8918617614269788
מרום גולן,4101,606,416,1,415,68.64686468646865,0.2403846153846154
מגדל שמס,4201,1338,313,1,312,23.393124065769804,0.3194888178913738
מסעדה,4203,461,104,3,101,22.559652928416483,2.8846153846153846
מבוא חמה,4204,409,268,1,267,65.52567237163814,0.3731343283582089
אפיק,4301,270,192,2,190,71.11111111111111,1.0416666666666665
נווה אטיב,4303,180,96,0,96,53.333333333333336,0.0
נוב,4304,574,417,2,415,72.64808362369338,0.4796163069544364
עגר,4501,1844,555,8,547,30.09761388286334,1.4414414414414414
עין קנייא,4502,207,31,0,31,14.975845410628018,0.0
עין זיוון,4503,336,231,1,230,68.75,0.4329004329004329
נאות גולן,4551,474,324,6,318,68.35443037974683,1.8518518518518516
רמת מגשימים,4701,484,357,0,357,73.7603305785124,0.0
רמות,4702,460,348,0,348,75.65217391304347,0.0
תל אביב  יפו,5000,447576,266837,1041,265796,59.61825477684237,0.3901258071406889
באקה אלגרביה,6000,20643,9815,144,9671,47.546383762050084,1.467142129393785
בני ברק,6100,115586,88454,762,87692,76.52656896163896,0.8614647161236348
בת ים,6200,124742,63317,556,62761,50.758365265908836,0.8781211996778118
גבעתיים,6300,49341,34032,100,33932,68.97306499665594,0.29384109073812886
הרצליה,6400,88932,58374,208,58166,65.63891512616381,0.35632302052283554
חדרה,6500,80141,50287,313,49974,62.74815637439014,0.6224272674846382
חולון,6600,159831,102424,613,101811,64.08268733850129,0.5984925408107475
טבריה,6700,36702,22659,113,22546,61.73777995749551,0.49869808905953483
קרית אתא,6800,48568,31555,206,31349,64.97076264206885,0.6528283948661068
כפר סבא,6900,81737,57122,219,56903,69.88511934619572,0.3833899373271244
לוד,7000,58888,35735,347,35388,60.68299144138025,0.971036798656779
אשקלון,7100,119846,74187,585,73602,61.90194082405755,0.7885478587892757
נס ציונה,7200,34763,25969,118,25851,74.7029888099416,0.4543879240633063
נצרת,7300,59519,28739,277,28462,48.28542146205413,0.9638470371272486
נתניה,7400,195220,113786,743,113043,58.286036266775945,0.6529801557309335
סחנין,7500,23207,15877,123,15754,68.41470246046451,0.7747055489072243
עכו,7600,43269,25480,243,25237,58.88742517737873,0.9536891679748822
עפולה,7700,45870,29022,220,28802,63.27011118378025,0.7580456205637103
פרדס חנהכרכור,7800,32011,22231,89,22142,69.44800224922683,0.40034186496333946
פתח תקווה,7900,197815,134128,691,133437,67.80476708035286,0.5151795300011929
צפת,8000,24148,14550,81,14469,60.253437137651154,0.5567010309278351
קרית מוצקין,8200,40960,25947,172,25775,63.34716796874999,0.6628897367711104
ראשון לציון,8300,211845,140237,691,139546,66.19792773018008,0.4927372947225055
רחובות,8400,111435,76744,340,76404,68.86884731009108,0.44303137704576256
רמלה,8500,57383,36627,392,36235,63.82900859139467,1.070248723619188
רמת גן,8600,139055,90709,367,90342,65.23246197547734,0.4045905036986407
רעננה,8700,69652,46392,169,46223,66.60540975133522,0.36428694602517675
שפרעם,8800,30875,15890,187,15703,51.46558704453441,1.1768407803650094
טמרה,8900,24503,15563,72,15491,63.51467167285638,0.4626357386108077
באר שבע,9000,164728,101002,798,100204,61.314409207906365,0.7900833646858477
נהריה,9100,55086,33493,249,33244,60.801292524416375,0.7434389275370973
בית שאן,9200,14782,10445,32,10413,70.6602624813963,0.3063666826232647
זכרון יעקב,9300,17889,12740,32,12708,71.21694896304992,0.25117739403453687
יהודמונוסון,9400,24273,18028,62,17966,74.27182466114613,0.34390947415132017
קרית ביאליק,9500,36757,23027,125,22902,62.64657072122317,0.5428410127241933
קרית ים,9600,36834,20491,215,20276,55.63066731823858,1.049241130252306
הוד השרון,9700,48723,36229,103,36126,74.35707981856619,0.284302630489387
בנימינהגבעת עדה,9800,10889,7860,20,7840,72.18293690880705,0.2544529262086514
מעטפות חיצוניות,9999,0,462807,4093,458714,,0.8843859319327496
