שם ישוב,סמל ישוב,קלפי,בזב,מצביעים,אחוז הצבעה,הערה
מעטפות חיצוניות,9999,1.0,0,600,,בזב=0; אין לחשב מצביעים/בזב
מעטפות חיצוניות,9999,2.0,0,600,,בזב=0; אין לחשב מצביעים/בזב
מעטפות חיצוניות,9999,3.0,0,606,,בזב=0; אין לחשב מצביעים/בזב
מעטפות חיצוניות,9999,4.0,0,600,,בזב=0; אין לחשב מצביעים/בזב
מעטפות חיצוניות,9999,5.0,0,599,,בזב=0; אין לחשב מצביעים/בזב
מעטפות חיצוניות,9999,6.0,0,604,,בזב=0; אין לחשב מצביעים/בזב
מעטפות חיצוניות,9999,7.0,0,600,,בזב=0; אין לחשב מצביעים/בזב
מעטפות חיצוניות,9999,8.0,0,598,,בזב=0; אין לחשב מצביעים/בזב
מעטפות חיצוניות,9999,9.0,0,599,,בזב=0; אין לחשב מצביעים/בזב
מעטפות חיצוניות,9999,10.0,0,632,,בזב=0; אין לחשב מצביעים/בזב
מעטפות חיצוניות,9999,11.0,0,600,,בזב=0; אין לחשב מצביעים/בזב
מעטפות חיצוניות,9999,12.0,0,600,,בזב=0; אין לחשב מצביעים/בזב
מעטפות חיצוניות,9999,13.0,0,604,,בזב=0; אין לחשב מצביעים/בזב
מעטפות חיצוניות,9999,14.0,0,604,,בזב=0; אין לחשב מצביעים/בזב
מעטפות חיצוניות,9999,15.0,0,603,,בזב=0; אין לחשב מצביעים/בזב
מעטפות חיצוניות,9999,16.0,0,599,,בזב=0; אין לחשב מצביעים/בזב
מעטפות חיצוניות,9999,17.0,0,601,,בזב=0; אין לחשב מצביעים/בזב
מעטפות חיצוניות,9999,18.0,0,603,,בזב=0; אין לחשב מצביעים/בזב
מעטפות חיצוניות,9999,19.0,0,601,,בזב=0; אין לחשב מצביעים/בזב
מעטפות חיצוניות,9999,20.0,0,600,,בזב=0; אין לחשב מצביעים/בזב
מעטפות חיצוניות,9999,21.0,0,600,,בזב=0; אין לחשב מצביעים/בזב
מעטפות חיצוניות,9999,22.0,0,600,,בזב=0; אין לחשב מצביעים/בזב
מעטפות חיצוניות,9999,23.0,0,581,,בזב=0; אין לחשב מצביעים/בזב
מעטפות חיצוניות,9999,24.0,0,600,,בזב=0; אין לחשב מצביעים/בזב
מעטפות חיצוניות,9999,25.0,0,603,,בזב=0; אין לחשב מצביעים/בזב
מעטפות חיצוניות,9999,26.0,0,600,,בזב=0; אין לחשב מצביעים/בזב
מעטפות חיצוניות,9999,27.0,0,601,,בזב=0; אין לחשב מצביעים/בזב
מעטפות חיצוניות,9999,28.0,0,598,,בזב=0; אין לחשב מצביעים/בזב
מעטפות חיצוניות,9999,29.0,0,602,,בזב=0; אין לחשב מצביעים/בזב
מעטפות חיצוניות,9999,30.0,0,581,,בזב=0; אין לחשב מצביעים/בזב
מעטפות חיצוניות,9999,31.0,0,605,,בזב=0; אין לחשב מצביעים/בזב
מעטפות חיצוניות,9999,32.0,0,605,,בזב=0; אין לחשב מצביעים/בזב
מעטפות חיצוניות,9999,33.0,0,600,,בזב=0; אין לחשב מצביעים/בזב
מעטפות חיצוניות,9999,34.0,0,604,,בזב=0; אין לחשב מצביעים/בזב
מעטפות חיצוניות,9999,35.0,0,604,,בזב=0; אין לחשב מצביעים/בזב
מעטפות חיצוניות,9999,36.0,0,600,,בזב=0; אין לחשב מצביעים/בזב
מעטפות חיצוניות,9999,37.0,0,600,,בזב=0; אין לחשב מצביעים/בזב
מעטפות חיצוניות,9999,38.0,0,601,,בזב=0; אין לחשב מצביעים/בזב
מעטפות חיצוניות,9999,39.0,0,599,,בזב=0; אין לחשב מצביעים/בזב
מעטפות חיצוניות,9999,40.0,0,600,,בזב=0; אין לחשב מצביעים/בזב
מעטפות חיצוניות,9999,41.0,0,604,,בזב=0; אין לחשב מצביעים/בזב
מעטפות חיצוניות,9999,42.0,0,601,,בזב=0; אין לחשב מצביעים/בזב
מעטפות חיצוניות,9999,43.0,0,596,,בזב=0; אין לחשב מצביעים/בזב
מעטפות חיצוניות,9999,44.0,0,599,,בזב=0; אין לחשב מצביעים/בזב
מעטפות חיצוניות,9999,45.0,0,602,,בזב=0; אין לחשב מצביעים/בזב
מעטפות חיצוניות,9999,46.0,0,600,,בזב=0; אין לחשב מצביעים/בזב
מעטפות חיצוניות,9999,47.0,0,600,,בזב=0; אין לחשב מצביעים/בזב
מעטפות חיצוניות,9999,48.0,0,600,,בזב=0; אין לחשב מצביעים/בזב
מעטפות חיצוניות,9999,49.0,0,599,,בזב=0; אין לחשב מצביעים/בזב
מעטפות חיצוניות,9999,50.0,0,601,,בזב=0; אין לחשב מצביעים/בזב
מעטפות חיצוניות,9999,51.0,0,597,,בזב=0; אין לחשב מצביעים/בזב
מעטפות חיצוניות,9999,52.0,0,599,,בזב=0; אין לחשב מצביעים/בזב
מעטפות חיצוניות,9999,53.0,0,599,,בזב=0; אין לחשב מצביעים/בזב
מעטפות חיצוניות,9999,54.0,0,600,,בזב=0; אין לחשב מצביעים/בזב
מעטפות חיצוניות,9999,55.0,0,607,,בזב=0; אין לחשב מצביעים/בזב
מעטפות חיצוניות,9999,56.0,0,599,,בזב=0; אין לחשב מצביעים/בזב
מעטפות חיצוניות,9999,57.0,0,605,,בזב=0; אין לחשב מצביעים/בזב
מעטפות חיצוניות,9999,58.0,0,539,,בזב=0; אין לחשב מצביעים/בזב
מעטפות חיצוניות,9999,59.0,0,602,,בזב=0; אין לחשב מצביעים/בזב
מעטפות חיצוניות,9999,60.0,0,601,,בזב=0; אין לחשב מצביעים/בזב
מעטפות חיצוניות,9999,61.0,0,600,,בזב=0; אין לחשב מצביעים/בזב
מעטפות חיצוניות,9999,62.0,0,603,,בזב=0; אין לחשב מצביעים/בזב
מעטפות חיצוניות,9999,63.0,0,601,,בזב=0; אין לחשב מצביעים/בזב
מעטפות חיצוניות,9999,64.0,0,600,,בזב=0; אין לחשב מצביעים/בזב
מעטפות חיצוניות,9999,65.0,0,601,,בזב=0; אין לחשב מצביעים/בזב
מעטפות חיצוניות,9999,66.0,0,599,,בזב=0; אין לחשב מצביעים/בזב
מעטפות חיצוניות,9999,67.0,0,600,,בזב=0; אין לחשב מצביעים/בזב
מעטפות חיצוניות,9999,68.0,0,603,,בזב=0; אין לחשב מצביעים/בזב
מעטפות חיצוניות,9999,69.0,0,599,,בזב=0; אין לחשב מצביעים/בזב
מעטפות חיצוניות,9999,70.0,0,592,,בזב=0; אין לחשב מצביעים/בזב
מעטפות חיצוניות,9999,71.0,0,605,,בזב=0; אין לחשב מצביעים/בזב
מעטפות חיצוניות,9999,72.0,0,589,,בזב=0; אין לחשב מצביעים/בזב
מעטפות חיצוניות,9999,73.0,0,601,,בזב=0; אין לחשב מצביעים/בזב
מעטפות חיצוניות,9999,74.0,0,601,,בזב=0; אין לחשב מצביעים/בזב
מעטפות חיצוניות,9999,75.0,0,607,,בזב=0; אין לחשב מצביעים/בזב
מעטפות חיצוניות,9999,76.0,0,601,,בזב=0; אין לחשב מצביעים/בזב
מעטפות חיצוניות,9999,77.0,0,603,,בזב=0; אין לחשב מצביעים/בזב
מעטפות חיצוניות,9999,78.0,0,576,,בזב=0; אין לחשב מצביעים/בזב
מעטפות חיצוניות,9999,79.0,0,601,,בזב=0; אין לחשב מצביעים/בזב
מעטפות חיצוניות,9999,80.0,0,596,,בזב=0; אין לחשב מצביעים/בזב
מעטפות חיצוניות,9999,81.0,0,597,,בזב=0; אין לחשב מצביעים/בזב
מעטפות חיצוניות,9999,82.0,0,604,,בזב=0; אין לחשב מצביעים/בזב
מעטפות חיצוניות,9999,83.0,0,604,,בזב=0; אין לחשב מצביעים/בזב
מעטפות חיצוניות,9999,84.0,0,608,,בזב=0; אין לחשב מצביעים/בזב
מעטפות חיצוניות,9999,85.0,0,596,,בזב=0; אין לחשב מצביעים/בזב
מעטפות חיצוניות,9999,86.0,0,592,,בזב=0; אין לחשב מצביעים/בזב
מעטפות חיצוניות,9999,87.0,0,601,,בזב=0; אין לחשב מצביעים/בזב
מעטפות חיצוניות,9999,88.0,0,599,,בזב=0; אין לחשב מצביעים/בזב
מעטפות חיצוניות,9999,89.0,0,538,,בזב=0; אין לחשב מצביעים/בזב
מעטפות חיצוניות,9999,90.0,0,600,,בזב=0; אין לחשב מצביעים/בזב
מעטפות חיצוניות,9999,91.0,0,597,,בזב=0; אין לחשב מצביעים/בזב
מעטפות חיצוניות,9999,92.0,0,583,,בזב=0; אין לחשב מצביעים/בזב
מעטפות חיצוניות,9999,93.0,0,602,,בזב=0; אין לחשב מצביעים/בזב
מעטפות חיצוניות,9999,94.0,0,599,,בזב=0; אין לחשב מצביעים/בזב
מעטפות חיצוניות,9999,95.0,0,599,,בזב=0; אין לחשב מצביעים/בזב
מעטפות חיצוניות,9999,96.0,0,601,,בזב=0; אין לחשב מצביעים/בזב
מעטפות חיצוניות,9999,97.0,0,601,,בזב=0; אין לחשב מצביעים/בזב
מעטפות חיצוניות,9999,98.0,0,602,,בזב=0; אין לחשב מצביעים/בזב
מעטפות חיצוניות,9999,99.0,0,601,,בזב=0; אין לחשב מצביעים/בזב
מעטפות חיצוניות,9999,100.0,0,598,,בזב=0; אין לחשב מצביעים/בזב
מעטפות חיצוניות,9999,101.0,0,602,,בזב=0; אין לחשב מצביעים/בזב
מעטפות חיצוניות,9999,102.0,0,604,,בזב=0; אין לחשב מצביעים/בזב
מעטפות חיצוניות,9999,103.0,0,603,,בזב=0; אין לחשב מצביעים/בזב
מעטפות חיצוניות,9999,104.0,0,603,,בזב=0; אין לחשב מצביעים/בזב
מעטפות חיצוניות,9999,105.0,0,604,,בזב=0; אין לחשב מצביעים/בזב
מעטפות חיצוניות,9999,106.0,0,600,,בזב=0; אין לחשב מצביעים/בזב
מעטפות חיצוניות,9999,107.0,0,599,,בזב=0; אין לחשב מצביעים/בזב
מעטפות חיצוניות,9999,108.0,0,593,,בזב=0; אין לחשב מצביעים/בזב
מעטפות חיצוניות,9999,109.0,0,600,,בזב=0; אין לחשב מצביעים/בזב
מעטפות חיצוניות,9999,110.0,0,605,,בזב=0; אין לחשב מצביעים/בזב
מעטפות חיצוניות,9999,111.0,0,603,,בזב=0; אין לחשב מצביעים/בזב
מעטפות חיצוניות,9999,112.0,0,605,,בזב=0; אין לחשב מצביעים/בזב
מעטפות חיצוניות,9999,113.0,0,590,,בזב=0; אין לחשב מצביעים/בזב
מעטפות חיצוניות,9999,114.0,0,601,,בזב=0; אין לחשב מצביעים/בזב
מעטפות חיצוניות,9999,115.0,0,602,,בזב=0; אין לחשב מצביעים/בזב
מעטפות חיצוניות,9999,116.0,0,600,,בזב=0; אין לחשב מצביעים/בזב
מעטפות חיצוניות,9999,117.0,0,602,,בזב=0; אין לחשב מצביעים/בזב
מעטפות חיצוניות,9999,118.0,0,607,,בזב=0; אין לחשב מצביעים/בזב
מעטפות חיצוניות,9999,119.0,0,481,,בזב=0; אין לחשב מצביעים/בזב
מעטפות חיצוניות,9999,120.0,0,604,,בזב=0; אין לחשב מצביעים/בזב
מעטפות חיצוניות,9999,121.0,0,502,,בזב=0; אין לחשב מצביעים/בזב
מעטפות חיצוניות,9999,122.0,0,602,,בזב=0; אין לחשב מצביעים/בזב
מעטפות חיצוניות,9999,123.0,0,500,,בזב=0; אין לחשב מצביעים/בזב
מעטפות חיצוניות,9999,124.0,0,600,,בזב=0; אין לחשב מצביעים/בזב
מעטפות חיצוניות,9999,125.0,0,501,,בזב=0; אין לחשב מצביעים/בזב
מעטפות חיצוניות,9999,126.0,0,602,,בזב=0; אין לחשב מצביעים/בזב
מעטפות חיצוניות,9999,127.0,0,503,,בזב=0; אין לחשב מצביעים/בזב
מעטפות חיצוניות,9999,128.0,0,485,,בזב=0; אין לחשב מצביעים/בזב
מעטפות חיצוניות,9999,129.0,0,503,,בזב=0; אין לחשב מצביעים/בזב
מעטפות חיצוניות,9999,130.0,0,499,,בזב=0; אין לחשב מצביעים/בזב
מעטפות חיצוניות,9999,131.0,0,605,,בזב=0; אין לחשב מצביעים/בזב
מעטפות חיצוניות,9999,132.0,0,602,,בזב=0; אין לחשב מצביעים/בזב
מעטפות חיצוניות,9999,133.0,0,597,,בזב=0; אין לחשב מצביעים/בזב
מעטפות חיצוניות,9999,134.0,0,586,,בזב=0; אין לחשב מצביעים/בזב
מעטפות חיצוניות,9999,135.0,0,604,,בזב=0; אין לחשב מצביעים/בזב
מעטפות חיצוניות,9999,136.0,0,606,,בזב=0; אין לחשב מצביעים/בזב
מעטפות חיצוניות,9999,137.0,0,513,,בזב=0; אין לחשב מצביעים/בזב
מעטפות חיצוניות,9999,138.0,0,606,,בזב=0; אין לחשב מצביעים/בזב
מעטפות חיצוניות,9999,139.0,0,601,,בזב=0; אין לחשב מצביעים/בזב
מעטפות חיצוניות,9999,140.0,0,586,,בזב=0; אין לחשב מצביעים/בזב
מעטפות חיצוניות,9999,141.0,0,600,,בזב=0; אין לחשב מצביעים/בזב
מעטפות חיצוניות,9999,142.0,0,617,,בזב=0; אין לחשב מצביעים/בזב
מעטפות חיצוניות,9999,143.0,0,600,,בזב=0; אין לחשב מצביעים/בזב
מעטפות חיצוניות,9999,144.0,0,602,,בזב=0; אין לחשב מצביעים/בזב
מעטפות חיצוניות,9999,145.0,0,606,,בזב=0; אין לחשב מצביעים/בזב
מעטפות חיצוניות,9999,146.0,0,602,,בזב=0; אין לחשב מצביעים/בזב
מעטפות חיצוניות,9999,147.0,0,600,,בזב=0; אין לחשב מצביעים/בזב
מעטפות חיצוניות,9999,148.0,0,580,,בזב=0; אין לחשב מצביעים/בזב
מעטפות חיצוניות,9999,149.0,0,606,,בזב=0; אין לחשב מצביעים/בזב
מעטפות חיצוניות,9999,150.0,0,600,,בזב=0; אין לחשב מצביעים/בזב
מעטפות חיצוניות,9999,151.0,0,608,,בזב=0; אין לחשב מצביעים/בזב
מעטפות חיצוניות,9999,152.0,0,610,,בזב=0; אין לחשב מצביעים/בזב
מעטפות חיצוניות,9999,153.0,0,607,,בזב=0; אין לחשב מצביעים/בזב
מעטפות חיצוניות,9999,154.0,0,580,,בזב=0; אין לחשב מצביעים/בזב
מעטפות חיצוניות,9999,155.0,0,611,,בזב=0; אין לחשב מצביעים/בזב
מעטפות חיצוניות,9999,156.0,0,590,,בזב=0; אין לחשב מצביעים/בזב
מעטפות חיצוניות,9999,157.0,0,582,,בזב=0; אין לחשב מצביעים/בזב
מעטפות חיצוניות,9999,158.0,0,600,,בזב=0; אין לחשב מצביעים/בזב
מעטפות חיצוניות,9999,159.0,0,604,,בזב=0; אין לחשב מצביעים/בזב
מעטפות חיצוניות,9999,160.0,0,600,,בזב=0; אין לחשב מצביעים/בזב
מעטפות חיצוניות,9999,161.0,0,603,,בזב=0; אין לחשב מצביעים/בזב
מעטפות חיצוניות,9999,162.0,0,605,,בזב=0; אין לחשב מצביעים/בזב
מעטפות חיצוניות,9999,163.0,0,611,,בזב=0; אין לחשב מצביעים/בזב
מעטפות חיצוניות,9999,164.0,0,600,,בזב=0; אין לחשב מצביעים/בזב
מעטפות חיצוניות,9999,165.0,0,609,,בזב=0; אין לחשב מצביעים/בזב
מעטפות חיצוניות,9999,166.0,0,592,,בזב=0; אין לחשב מצביעים/בזב
מעטפות חיצוניות,9999,167.0,0,608,,בזב=0; אין לחשב מצביעים/בזב
מעטפות חיצוניות,9999,168.0,0,600,,בזב=0; אין לחשב מצביעים/בזב
מעטפות חיצוניות,9999,169.0,0,608,,בזב=0; אין לחשב מצביעים/בזב
מעטפות חיצוניות,9999,170.0,0,606,,בזב=0; אין לחשב מצביעים/בזב
מעטפות חיצוניות,9999,171.0,0,599,,בזב=0; אין לחשב מצביעים/בזב
מעטפות חיצוניות,9999,173.0,0,598,,בזב=0; אין לחשב מצביעים/בזב
מעטפות חיצוניות,9999,174.0,0,555,,בזב=0; אין לחשב מצביעים/בזב
מעטפות חיצוניות,9999,175.0,0,601,,בזב=0; אין לחשב מצביעים/בזב
מעטפות חיצוניות,9999,176.0,0,602,,בזב=0; אין לחשב מצביעים/בזב
מעטפות חיצוניות,9999,177.0,0,600,,בזב=0; אין לחשב מצביעים/בזב
מעטפות חיצוניות,9999,178.0,0,603,,בזב=0; אין לחשב מצביעים/בזב
מעטפות חיצוניות,9999,179.0,0,601,,בזב=0; אין לחשב מצביעים/בזב
מעטפות חיצוניות,9999,180.0,0,604,,בזב=0; אין לחשב מצביעים/בזב
מעטפות חיצוניות,9999,181.0,0,501,,בזב=0; אין לחשב מצביעים/בזב
מעטפות חיצוניות,9999,182.0,0,603,,בזב=0; אין לחשב מצביעים/בזב
מעטפות חיצוניות,9999,183.0,0,607,,בזב=0; אין לחשב מצביעים/בזב
מעטפות חיצוניות,9999,184.0,0,600,,בזב=0; אין לחשב מצביעים/בזב
מעטפות חיצוניות,9999,185.0,0,582,,בזב=0; אין לחשב מצביעים/בזב
מעטפות חיצוניות,9999,186.0,0,602,,בזב=0; אין לחשב מצביעים/בזב
מעטפות חיצוניות,9999,193.0,0,590,,בזב=0; אין לחשב מצביעים/בזב
מעטפות חיצוניות,9999,195.0,0,311,,בזב=0; אין לחשב מצביעים/בזב
מעטפות חיצוניות,9999,196.0,0,324,,בזב=0; אין לחשב מצביעים/בזב
מעטפות חיצוניות,9999,197.0,0,605,,בזב=0; אין לחשב מצביעים/בזב
מעטפות חיצוניות,9999,198.0,0,299,,בזב=0; אין לחשב מצביעים/בזב
מעטפות חיצוניות,9999,201.0,0,600,,בזב=0; אין לחשב מצביעים/בזב
מעטפות חיצוניות,9999,202.0,0,600,,בזב=0; אין לחשב מצביעים/בזב
מעטפות חיצוניות,9999,203.0,0,600,,בזב=0; אין לחשב מצביעים/בזב
מעטפות חיצוניות,9999,204.0,0,613,,בזב=0; אין לחשב מצביעים/בזב
מעטפות חיצוניות,9999,205.0,0,603,,בזב=0; אין לחשב מצביעים/בזב
מעטפות חיצוניות,9999,206.0,0,600,,בזב=0; אין לחשב מצביעים/בזב
מעטפות חיצוניות,9999,207.0,0,596,,בזב=0; אין לחשב מצביעים/בזב
מעטפות חיצוניות,9999,208.0,0,600,,בזב=0; אין לחשב מצביעים/בזב
מעטפות חיצוניות,9999,209.0,0,600,,בזב=0; אין לחשב מצביעים/בזב
מעטפות חיצוניות,9999,210.0,0,603,,בזב=0; אין לחשב מצביעים/בזב
מעטפות חיצוניות,9999,211.0,0,603,,בזב=0; אין לחשב מצביעים/בזב
מעטפות חיצוניות,9999,212.0,0,592,,בזב=0; אין לחשב מצביעים/בזב
מעטפות חיצוניות,9999,213.0,0,609,,בזב=0; אין לחשב מצביעים/בזב
מעטפות חיצוניות,9999,214.0,0,598,,בזב=0; אין לחשב מצביעים/בזב
מעטפות חיצוניות,9999,215.0,0,601,,בזב=0; אין לחשב מצביעים/בזב
מעטפות חיצוניות,9999,216.0,0,600,,בזב=0; אין לחשב מצביעים/בזב
מעטפות חיצוניות,9999,217.0,0,601,,בזב=0; אין לחשב מצביעים/בזב
מעטפות חיצוניות,9999,218.0,0,602,,בזב=0; אין לחשב מצביעים/בזב
מעטפות חיצוניות,9999,219.0,0,592,,בזב=0; אין לחשב מצביעים/בזב
מעטפות חיצוניות,9999,220.0,0,590,,בזב=0; אין לחשב מצביעים/בזב
מעטפות חיצוניות,9999,221.0,0,603,,בזב=0; אין לחשב מצביעים/בזב
מעטפות חיצוניות,9999,222.0,0,628,,בזב=0; אין לחשב מצביעים/בזב
מעטפות חיצוניות,9999,223.0,0,599,,בזב=0; אין לחשב מצביעים/בזב
מעטפות חיצוניות,9999,224.0,0,603,,בזב=0; אין לחשב מצביעים/בזב
מעטפות חיצוניות,9999,225.0,0,602,,בזב=0; אין לחשב מצביעים/בזב
מעטפות חיצוניות,9999,226.0,0,602,,בזב=0; אין לחשב מצביעים/בזב
מעטפות חיצוניות,9999,227.0,0,590,,בזב=0; אין לחשב מצביעים/בזב
מעטפות חיצוניות,9999,228.0,0,601,,בזב=0; אין לחשב מצביעים/בזב
מעטפות חיצוניות,9999,229.0,0,576,,בזב=0; אין לחשב מצביעים/בזב
מעטפות חיצוניות,9999,230.0,0,625,,בזב=0; אין לחשב מצביעים/בזב
מעטפות חיצוניות,9999,231.0,0,600,,בזב=0; אין לחשב מצביעים/בזב
מעטפות חיצוניות,9999,232.0,0,602,,בזב=0; אין לחשב מצביעים/בזב
מעטפות חיצוניות,9999,233.0,0,604,,בזב=0; אין לחשב מצביעים/בזב
מעטפות חיצוניות,9999,234.0,0,589,,בזב=0; אין לחשב מצביעים/בזב
מעטפות חיצוניות,9999,235.0,0,603,,בזב=0; אין לחשב מצביעים/בזב
מעטפות חיצוניות,9999,236.0,0,601,,בזב=0; אין לחשב מצביעים/בזב
מעטפות חיצוניות,9999,237.0,0,601,,בזב=0; אין לחשב מצביעים/בזב
מעטפות חיצוניות,9999,238.0,0,602,,בזב=0; אין לחשב מצביעים/בזב
מעטפות חיצוניות,9999,239.0,0,641,,בזב=0; אין לחשב מצביעים/בזב
מעטפות חיצוניות,9999,240.0,0,591,,בזב=0; אין לחשב מצביעים/בזב
מעטפות חיצוניות,9999,241.0,0,778,,בזב=0; אין לחשב מצביעים/בזב
מעטפות חיצוניות,9999,242.0,0,599,,בזב=0; אין לחשב מצביעים/בזב
מעטפות חיצוניות,9999,243.0,0,600,,בזב=0; אין לחשב מצביעים/בזב
מעטפות חיצוניות,9999,244.0,0,610,,בזב=0; אין לחשב מצביעים/בזב
מעטפות חיצוניות,9999,245.0,0,644,,בזב=0; אין לחשב מצביעים/בזב
מעטפות חיצוניות,9999,246.0,0,600,,בזב=0; אין לחשב מצביעים/בזב
מעטפות חיצוניות,9999,247.0,0,600,,בזב=0; אין לחשב מצביעים/בזב
מעטפות חיצוניות,9999,248.0,0,601,,בזב=0; אין לחשב מצביעים/בזב
מעטפות חיצוניות,9999,249.0,0,600,,בזב=0; אין לחשב מצביעים/בזב
מעטפות חיצוניות,9999,250.0,0,595,,בזב=0; אין לחשב מצביעים/בזב
מעטפות חיצוניות,9999,251.0,0,606,,בזב=0; אין לחשב מצביעים/בזב
מעטפות חיצוניות,9999,252.0,0,600,,בזב=0; אין לחשב מצביעים/בזב
מעטפות חיצוניות,9999,253.0,0,602,,בזב=0; אין לחשב מצביעים/בזב
מעטפות חיצוניות,9999,254.0,0,630,,בזב=0; אין לחשב מצביעים/בזב
מעטפות חיצוניות,9999,255.0,0,600,,בזב=0; אין לחשב מצביעים/בזב
מעטפות חיצוניות,9999,256.0,0,608,,בזב=0; אין לחשב מצביעים/בזב
מעטפות חיצוניות,9999,257.0,0,620,,בזב=0; אין לחשב מצביעים/בזב
מעטפות חיצוניות,9999,258.0,0,601,,בזב=0; אין לחשב מצביעים/בזב
מעטפות חיצוניות,9999,259.0,0,612,,בזב=0; אין לחשב מצביעים/בזב
מעטפות חיצוניות,9999,260.0,0,598,,בזב=0; אין לחשב מצביעים/בזב
מעטפות חיצוניות,9999,261.0,0,601,,בזב=0; אין לחשב מצביעים/בזב
מעטפות חיצוניות,9999,262.0,0,600,,בזב=0; אין לחשב מצביעים/בזב
מעטפות חיצוניות,9999,263.0,0,606,,בזב=0; אין לחשב מצביעים/בזב
מעטפות חיצוניות,9999,264.0,0,614,,בזב=0; אין לחשב מצביעים/בזב
מעטפות חיצוניות,9999,265.0,0,580,,בזב=0; אין לחשב מצביעים/בזב
מעטפות חיצוניות,9999,266.0,0,600,,בזב=0; אין לחשב מצביעים/בזב
מעטפות חיצוניות,9999,267.0,0,600,,בזב=0; אין לחשב מצביעים/בזב
מעטפות חיצוניות,9999,268.0,0,606,,בזב=0; אין לחשב מצביעים/בזב
מעטפות חיצוניות,9999,269.0,0,602,,בזב=0; אין לחשב מצביעים/בזב
מעטפות חיצוניות,9999,270.0,0,606,,בזב=0; אין לחשב מצביעים/בזב
מעטפות חיצוניות,9999,271.0,0,608,,בזב=0; אין לחשב מצביעים/בזב
מעטפות חיצוניות,9999,272.0,0,600,,בזב=0; אין לחשב מצביעים/בזב
מעטפות חיצוניות,9999,273.0,0,603,,בזב=0; אין לחשב מצביעים/בזב
מעטפות חיצוניות,9999,274.0,0,568,,בזב=0; אין לחשב מצביעים/בזב
מעטפות חיצוניות,9999,275.0,0,603,,בזב=0; אין לחשב מצביעים/בזב
מעטפות חיצוניות,9999,276.0,0,643,,בזב=0; אין לחשב מצביעים/בזב
מעטפות חיצוניות,9999,277.0,0,601,,בזב=0; אין לחשב מצביעים/בזב
מעטפות חיצוניות,9999,278.0,0,600,,בזב=0; אין לחשב מצביעים/בזב
מעטפות חיצוניות,9999,279.0,0,603,,בזב=0; אין לחשב מצביעים/בזב
מעטפות חיצוניות,9999,280.0,0,604,,בזב=0; אין לחשב מצביעים/בזב
מעטפות חיצוניות,9999,281.0,0,601,,בזב=0; אין לחשב מצביעים/בזב
מעטפות חיצוניות,9999,282.0,0,600,,בזב=0; אין לחשב מצביעים/בזב
מעטפות חיצוניות,9999,283.0,0,600,,בזב=0; אין לחשב מצביעים/בזב
מעטפות חיצוניות,9999,284.0,0,591,,בזב=0; אין לחשב מצביעים/בזב
מעטפות חיצוניות,9999,285.0,0,613,,בזב=0; אין לחשב מצביעים/בזב
מעטפות חיצוניות,9999,286.0,0,601,,בזב=0; אין לחשב מצביעים/בזב
מעטפות חיצוניות,9999,287.0,0,557,,בזב=0; אין לחשב מצביעים/בזב
מעטפות חיצוניות,9999,288.0,0,600,,בזב=0; אין לחשב מצביעים/בזב
מעטפות חיצוניות,9999,289.0,0,623,,בזב=0; אין לחשב מצביעים/בזב
מעטפות חיצוניות,9999,290.0,0,599,,בזב=0; אין לחשב מצביעים/בזב
מעטפות חיצוניות,9999,291.0,0,593,,בזב=0; אין לחשב מצביעים/בזב
מעטפות חיצוניות,9999,292.0,0,605,,בזב=0; אין לחשב מצביעים/בזב
מעטפות חיצוניות,9999,294.0,0,656,,בזב=0; אין לחשב מצביעים/בזב
מעטפות חיצוניות,9999,295.0,0,592,,בזב=0; אין לחשב מצביעים/בזב
מעטפות חיצוניות,9999,296.0,0,604,,בזב=0; אין לחשב מצביעים/בזב
מעטפות חיצוניות,9999,297.0,0,606,,בזב=0; אין לחשב מצביעים/בזב
מעטפות חיצוניות,9999,298.0,0,593,,בזב=0; אין לחשב מצביעים/בזב
מעטפות חיצוניות,9999,299.0,0,600,,בזב=0; אין לחשב מצביעים/בזב
מעטפות חיצוניות,9999,300.0,0,604,,בזב=0; אין לחשב מצביעים/בזב
מעטפות חיצוניות,9999,301.0,0,593,,בזב=0; אין לחשב מצביעים/בזב
מעטפות חיצוניות,9999,302.0,0,599,,בזב=0; אין לחשב מצביעים/בזב
מעטפות חיצוניות,9999,303.0,0,607,,בזב=0; אין לחשב מצביעים/בזב
מעטפות חיצוניות,9999,304.0,0,600,,בזב=0; אין לחשב מצביעים/בזב
מעטפות חיצוניות,9999,305.0,0,599,,בזב=0; אין לחשב מצביעים/בזב
מעטפות חיצוניות,9999,306.0,0,600,,בזב=0; אין לחשב מצביעים/בזב
מעטפות חיצוניות,9999,307.0,0,610,,בזב=0; אין לחשב מצביעים/בזב
מעטפות חיצוניות,9999,309.0,0,604,,בזב=0; אין לחשב מצביעים/בזב
מעטפות חיצוניות,9999,310.0,0,602,,בזב=0; אין לחשב מצביעים/בזב
מעטפות חיצוניות,9999,311.0,0,594,,בזב=0; אין לחשב מצביעים/בזב
מעטפות חיצוניות,9999,312.0,0,588,,בזב=0; אין לחשב מצביעים/בזב
מעטפות חיצוניות,9999,313.0,0,593,,בזב=0; אין לחשב מצביעים/בזב
מעטפות חיצוניות,9999,314.0,0,603,,בזב=0; אין לחשב מצביעים/בזב
מעטפות חיצוניות,9999,315.0,0,598,,בזב=0; אין לחשב מצביעים/בזב
מעטפות חיצוניות,9999,316.0,0,600,,בזב=0; אין לחשב מצביעים/בזב
מעטפות חיצוניות,9999,317.0,0,571,,בזב=0; אין לחשב מצביעים/בזב
מעטפות חיצוניות,9999,318.0,0,603,,בזב=0; אין לחשב מצביעים/בזב
מעטפות חיצוניות,9999,319.0,0,597,,בזב=0; אין לחשב מצביעים/בזב
מעטפות חיצוניות,9999,320.0,0,600,,בזב=0; אין לחשב מצביעים/בזב
מעטפות חיצוניות,9999,321.0,0,604,,בזב=0; אין לחשב מצביעים/בזב
מעטפות חיצוניות,9999,322.0,0,619,,בזב=0; אין לחשב מצביעים/בזב
מעטפות חיצוניות,9999,323.0,0,582,,בזב=0; אין לחשב מצביעים/בזב
מעטפות חיצוניות,9999,324.0,0,605,,בזב=0; אין לחשב מצביעים/בזב
מעטפות חיצוניות,9999,325.0,0,602,,בזב=0; אין לחשב מצביעים/בזב
מעטפות חיצוניות,9999,326.0,0,603,,בזב=0; אין לחשב מצביעים/בזב
מעטפות חיצוניות,9999,327.0,0,597,,בזב=0; אין לחשב מצביעים/בזב
מעטפות חיצוניות,9999,328.0,0,599,,בזב=0; אין לחשב מצביעים/בזב
מעטפות חיצוניות,9999,329.0,0,544,,בזב=0; אין לחשב מצביעים/בזב
מעטפות חיצוניות,9999,330.0,0,573,,בזב=0; אין לחשב מצביעים/בזב
מעטפות חיצוניות,9999,331.0,0,575,,בזב=0; אין לחשב מצביעים/בזב
מעטפות חיצוניות,9999,332.0,0,614,,בזב=0; אין לחשב מצביעים/בזב
מעטפות חיצוניות,9999,333.0,0,573,,בזב=0; אין לחשב מצביעים/בזב
מעטפות חיצוניות,9999,334.0,0,596,,בזב=0; אין לחשב מצביעים/בזב
מעטפות חיצוניות,9999,335.0,0,608,,בזב=0; אין לחשב מצביעים/בזב
מעטפות חיצוניות,9999,336.0,0,620,,בזב=0; אין לחשב מצביעים/בזב
מעטפות חיצוניות,9999,337.0,0,603,,בזב=0; אין לחשב מצביעים/בזב
מעטפות חיצוניות,9999,338.0,0,599,,בזב=0; אין לחשב מצביעים/בזב
מעטפות חיצוניות,9999,339.0,0,603,,בזב=0; אין לחשב מצביעים/בזב
מעטפות חיצוניות,9999,340.0,0,591,,בזב=0; אין לחשב מצביעים/בזב
מעטפות חיצוניות,9999,341.0,0,594,,בזב=0; אין לחשב מצביעים/בזב
מעטפות חיצוניות,9999,342.0,0,604,,בזב=0; אין לחשב מצביעים/בזב
מעטפות חיצוניות,9999,343.0,0,600,,בזב=0; אין לחשב מצביעים/בזב
מעטפות חיצוניות,9999,344.0,0,602,,בזב=0; אין לחשב מצביעים/בזב
מעטפות חיצוניות,9999,345.0,0,600,,בזב=0; אין לחשב מצביעים/בזב
מעטפות חיצוניות,9999,346.0,0,619,,בזב=0; אין לחשב מצביעים/בזב
מעטפות חיצוניות,9999,347.0,0,603,,בזב=0; אין לחשב מצביעים/בזב
מעטפות חיצוניות,9999,348.0,0,587,,בזב=0; אין לחשב מצביעים/בזב
מעטפות חיצוניות,9999,349.0,0,594,,בזב=0; אין לחשב מצביעים/בזב
מעטפות חיצוניות,9999,350.0,0,604,,בזב=0; אין לחשב מצביעים/בזב
מעטפות חיצוניות,9999,351.0,0,594,,בזב=0; אין לחשב מצביעים/בזב
מעטפות חיצוניות,9999,352.0,0,601,,בזב=0; אין לחשב מצביעים/בזב
מעטפות חיצוניות,9999,353.0,0,602,,בזב=0; אין לחשב מצביעים/בזב
מעטפות חיצוניות,9999,354.0,0,500,,בזב=0; אין לחשב מצביעים/בזב
מעטפות חיצוניות,9999,355.0,0,574,,בזב=0; אין לחשב מצביעים/בזב
מעטפות חיצוניות,9999,356.0,0,611,,בזב=0; אין לחשב מצביעים/בזב
מעטפות חיצוניות,9999,357.0,0,592,,בזב=0; אין לחשב מצביעים/בזב
מעטפות חיצוניות,9999,358.0,0,609,,בזב=0; אין לחשב מצביעים/בזב
מעטפות חיצוניות,9999,359.0,0,586,,בזב=0; אין לחשב מצביעים/בזב
מעטפות חיצוניות,9999,360.0,0,587,,בזב=0; אין לחשב מצביעים/בזב
מעטפות חיצוניות,9999,361.0,0,600,,בזב=0; אין לחשב מצביעים/בזב
מעטפות חיצוניות,9999,362.0,0,596,,בזב=0; אין לחשב מצביעים/בזב
מעטפות חיצוניות,9999,363.0,0,550,,בזב=0; אין לחשב מצביעים/בזב
מעטפות חיצוניות,9999,364.0,0,601,,בזב=0; אין לחשב מצביעים/בזב
מעטפות חיצוניות,9999,365.0,0,608,,בזב=0; אין לחשב מצביעים/בזב
מעטפות חיצוניות,9999,366.0,0,591,,בזב=0; אין לחשב מצביעים/בזב
מעטפות חיצוניות,9999,367.0,0,600,,בזב=0; אין לחשב מצביעים/בזב
מעטפות חיצוניות,9999,368.0,0,594,,בזב=0; אין לחשב מצביעים/בזב
מעטפות חיצוניות,9999,369.0,0,604,,בזב=0; אין לחשב מצביעים/בזב
מעטפות חיצוניות,9999,370.0,0,600,,בזב=0; אין לחשב מצביעים/בזב
מעטפות חיצוניות,9999,371.0,0,602,,בזב=0; אין לחשב מצביעים/בזב
מעטפות חיצוניות,9999,372.0,0,601,,בזב=0; אין לחשב מצביעים/בזב
מעטפות חיצוניות,9999,373.0,0,593,,בזב=0; אין לחשב מצביעים/בזב
מעטפות חיצוניות,9999,374.0,0,589,,בזב=0; אין לחשב מצביעים/בזב
מעטפות חיצוניות,9999,375.0,0,594,,בזב=0; אין לחשב מצביעים/בזב
מעטפות חיצוניות,9999,376.0,0,620,,בזב=0; אין לחשב מצביעים/בזב
מעטפות חיצוניות,9999,377.0,0,609,,בזב=0; אין לחשב מצביעים/בזב
מעטפות חיצוניות,9999,378.0,0,600,,בזב=0; אין לחשב מצביעים/בזב
מעטפות חיצוניות,9999,379.0,0,602,,בזב=0; אין לחשב מצביעים/בזב
מעטפות חיצוניות,9999,380.0,0,600,,בזב=0; אין לחשב מצביעים/בזב
מעטפות חיצוניות,9999,381.0,0,490,,בזב=0; אין לחשב מצביעים/בזב
מעטפות חיצוניות,9999,382.0,0,492,,בזב=0; אין לחשב מצביעים/בזב
מעטפות חיצוניות,9999,383.0,0,505,,בזב=0; אין לחשב מצביעים/בזב
מעטפות חיצוניות,9999,384.0,0,507,,בזב=0; אין לחשב מצביעים/בזב
מעטפות חיצוניות,9999,385.0,0,509,,בזב=0; אין לחשב מצביעים/בזב
מעטפות חיצוניות,9999,386.0,0,496,,בזב=0; אין לחשב מצביעים/בזב
מעטפות חיצוניות,9999,387.0,0,514,,בזב=0; אין לחשב מצביעים/בזב
מעטפות חיצוניות,9999,388.0,0,495,,בזב=0; אין לחשב מצביעים/בזב
מעטפות חיצוניות,9999,389.0,0,505,,בזב=0; אין לחשב מצביעים/בזב
מעטפות חיצוניות,9999,390.0,0,439,,בזב=0; אין לחשב מצביעים/בזב
מעטפות חיצוניות,9999,391.0,0,511,,בזב=0; אין לחשב מצביעים/בזב
מעטפות חיצוניות,9999,392.0,0,502,,בזב=0; אין לחשב מצביעים/בזב
מעטפות חיצוניות,9999,393.0,0,495,,בזב=0; אין לחשב מצביעים/בזב
מעטפות חיצוניות,9999,394.0,0,499,,בזב=0; אין לחשב מצביעים/בזב
מעטפות חיצוניות,9999,395.0,0,520,,בזב=0; אין לחשב מצביעים/בזב
מעטפות חיצוניות,9999,396.0,0,502,,בזב=0; אין לחשב מצביעים/בזב
מעטפות חיצוניות,9999,397.0,0,516,,בזב=0; אין לחשב מצביעים/בזב
מעטפות חיצוניות,9999,398.0,0,485,,בזב=0; אין לחשב מצביעים/בזב
מעטפות חיצוניות,9999,399.0,0,277,,בזב=0; אין לחשב מצביעים/בזב
מעטפות חיצוניות,9999,400.0,0,302,,בזב=0; אין לחשב מצביעים/בזב
מעטפות חיצוניות,9999,401.0,0,501,,בזב=0; אין לחשב מצביעים/בזב
מעטפות חיצוניות,9999,402.0,0,501,,בזב=0; אין לחשב מצביעים/בזב
מעטפות חיצוניות,9999,403.0,0,490,,בזב=0; אין לחשב מצביעים/בזב
מעטפות חיצוניות,9999,404.0,0,499,,בזב=0; אין לחשב מצביעים/בזב
מעטפות חיצוניות,9999,405.0,0,498,,בזב=0; אין לחשב מצביעים/בזב
מעטפות חיצוניות,9999,406.0,0,506,,בזב=0; אין לחשב מצביעים/בזב
מעטפות חיצוניות,9999,407.0,0,500,,בזב=0; אין לחשב מצביעים/בזב
מעטפות חיצוניות,9999,408.0,0,509,,בזב=0; אין לחשב מצביעים/בזב
מעטפות חיצוניות,9999,409.0,0,503,,בזב=0; אין לחשב מצביעים/בזב
מעטפות חיצוניות,9999,410.0,0,504,,בזב=0; אין לחשב מצביעים/בזב
מעטפות חיצוניות,9999,411.0,0,502,,בזב=0; אין לחשב מצביעים/בזב
מעטפות חיצוניות,9999,412.0,0,504,,בזב=0; אין לחשב מצביעים/בזב
מעטפות חיצוניות,9999,413.0,0,492,,בזב=0; אין לחשב מצביעים/בזב
מעטפות חיצוניות,9999,414.0,0,501,,בזב=0; אין לחשב מצביעים/בזב
מעטפות חיצוניות,9999,415.0,0,480,,בזב=0; אין לחשב מצביעים/בזב
מעטפות חיצוניות,9999,416.0,0,501,,בזב=0; אין לחשב מצביעים/בזב
מעטפות חיצוניות,9999,417.0,0,503,,בזב=0; אין לחשב מצביעים/בזב
מעטפות חיצוניות,9999,418.0,0,493,,בזב=0; אין לחשב מצביעים/בזב
מעטפות חיצוניות,9999,419.0,0,501,,בזב=0; אין לחשב מצביעים/בזב
מעטפות חיצוניות,9999,420.0,0,500,,בזב=0; אין לחשב מצביעים/בזב
מעטפות חיצוניות,9999,421.0,0,303,,בזב=0; אין לחשב מצביעים/בזב
מעטפות חיצוניות,9999,422.0,0,189,,בזב=0; אין לחשב מצביעים/בזב
מעטפות חיצוניות,9999,423.0,0,302,,בזב=0; אין לחשב מצביעים/בזב
מעטפות חיצוניות,9999,424.0,0,302,,בזב=0; אין לחשב מצביעים/בזב
מעטפות חיצוניות,9999,426.0,0,601,,בזב=0; אין לחשב מצביעים/בזב
מעטפות חיצוניות,9999,427.0,0,600,,בזב=0; אין לחשב מצביעים/בזב
מעטפות חיצוניות,9999,428.0,0,597,,בזב=0; אין לחשב מצביעים/בזב
מעטפות חיצוניות,9999,429.0,0,601,,בזב=0; אין לחשב מצביעים/בזב
מעטפות חיצוניות,9999,430.0,0,597,,בזב=0; אין לחשב מצביעים/בזב
מעטפות חיצוניות,9999,431.0,0,489,,בזב=0; אין לחשב מצביעים/בזב
מעטפות חיצוניות,9999,432.0,0,599,,בזב=0; אין לחשב מצביעים/בזב
מעטפות חיצוניות,9999,433.0,0,518,,בזב=0; אין לחשב מצביעים/בזב
מעטפות חיצוניות,9999,434.0,0,600,,בזב=0; אין לחשב מצביעים/בזב
מעטפות חיצוניות,9999,435.0,0,600,,בזב=0; אין לחשב מצביעים/בזב
מעטפות חיצוניות,9999,437.0,0,595,,בזב=0; אין לחשב מצביעים/בזב
מעטפות חיצוניות,9999,438.0,0,605,,בזב=0; אין לחשב מצביעים/בזב
מעטפות חיצוניות,9999,439.0,0,592,,בזב=0; אין לחשב מצביעים/בזב
מעטפות חיצוניות,9999,440.0,0,600,,בזב=0; אין לחשב מצביעים/בזב
מעטפות חיצוניות,9999,441.0,0,603,,בזב=0; אין לחשב מצביעים/בזב
מעטפות חיצוניות,9999,442.0,0,602,,בזב=0; אין לחשב מצביעים/בזב
מעטפות חיצוניות,9999,443.0,0,603,,בזב=0; אין לחשב מצביעים/בזב
מעטפות חיצוניות,9999,444.0,0,597,,בזב=0; אין לחשב מצביעים/בזב
מעטפות חיצוניות,9999,445.0,0,601,,בזב=0; אין לחשב מצביעים/בזב
מעטפות חיצוניות,9999,446.0,0,600,,בזב=0; אין לחשב מצביעים/בזב
מעטפות חיצוניות,9999,447.0,0,594,,בזב=0; אין לחשב מצביעים/בזב
מעטפות חיצוניות,9999,448.0,0,612,,בזב=0; אין לחשב מצביעים/בזב
מעטפות חיצוניות,9999,449.0,0,599,,בזב=0; אין לחשב מצביעים/בזב
מעטפות חיצוניות,9999,450.0,0,602,,בזב=0; אין לחשב מצביעים/בזב
מעטפות חיצוניות,9999,451.0,0,602,,בזב=0; אין לחשב מצביעים/בזב
מעטפות חיצוניות,9999,452.0,0,553,,בזב=0; אין לחשב מצביעים/בזב
מעטפות חיצוניות,9999,453.0,0,609,,בזב=0; אין לחשב מצביעים/בזב
מעטפות חיצוניות,9999,454.0,0,574,,בזב=0; אין לחשב מצביעים/בזב
מעטפות חיצוניות,9999,455.0,0,608,,בזב=0; אין לחשב מצביעים/בזב
מעטפות חיצוניות,9999,456.0,0,606,,בזב=0; אין לחשב מצביעים/בזב
מעטפות חיצוניות,9999,457.0,0,602,,בזב=0; אין לחשב מצביעים/בזב
מעטפות חיצוניות,9999,458.0,0,598,,בזב=0; אין לחשב מצביעים/בזב
מעטפות חיצוניות,9999,459.0,0,560,,בזב=0; אין לחשב מצביעים/בזב
מעטפות חיצוניות,9999,460.0,0,595,,בזב=0; אין לחשב מצביעים/בזב
מעטפות חיצוניות,9999,461.0,0,602,,בזב=0; אין לחשב מצביעים/בזב
מעטפות חיצוניות,9999,462.0,0,600,,בזב=0; אין לחשב מצביעים/בזב
מעטפות חיצוניות,9999,463.0,0,600,,בזב=0; אין לחשב מצביעים/בזב
מעטפות חיצוניות,9999,464.0,0,603,,בזב=0; אין לחשב מצביעים/בזב
מעטפות חיצוניות,9999,465.0,0,600,,בזב=0; אין לחשב מצביעים/בזב
מעטפות חיצוניות,9999,466.0,0,604,,בזב=0; אין לחשב מצביעים/בזב
מעטפות חיצוניות,9999,467.0,0,591,,בזב=0; אין לחשב מצביעים/בזב
מעטפות חיצוניות,9999,468.0,0,598,,בזב=0; אין לחשב מצביעים/בזב
מעטפות חיצוניות,9999,469.0,0,596,,בזב=0; אין לחשב מצביעים/בזב
מעטפות חיצוניות,9999,470.0,0,601,,בזב=0; אין לחשב מצביעים/בזב
מעטפות חיצוניות,9999,471.0,0,588,,בזב=0; אין לחשב מצביעים/בזב
מעטפות חיצוניות,9999,472.0,0,610,,בזב=0; אין לחשב מצביעים/בזב
מעטפות חיצוניות,9999,473.0,0,600,,בזב=0; אין לחשב מצביעים/בזב
מעטפות חיצוניות,9999,474.0,0,600,,בזב=0; אין לחשב מצביעים/בזב
מעטפות חיצוניות,9999,475.0,0,585,,בזב=0; אין לחשב מצביעים/בזב
מעטפות חיצוניות,9999,476.0,0,616,,בזב=0; אין לחשב מצביעים/בזב
מעטפות חיצוניות,9999,477.0,0,591,,בזב=0; אין לחשב מצביעים/בזב
מעטפות חיצוניות,9999,478.0,0,605,,בזב=0; אין לחשב מצביעים/בזב
מעטפות חיצוניות,9999,479.0,0,601,,בזב=0; אין לחשב מצביעים/בזב
מעטפות חיצוניות,9999,480.0,0,594,,בזב=0; אין לחשב מצביעים/בזב
מעטפות חיצוניות,9999,481.0,0,600,,בזב=0; אין לחשב מצביעים/בזב
מעטפות חיצוניות,9999,482.0,0,601,,בזב=0; אין לחשב מצביעים/בזב
מעטפות חיצוניות,9999,483.0,0,601,,בזב=0; אין לחשב מצביעים/בזב
מעטפות חיצוניות,9999,484.0,0,600,,בזב=0; אין לחשב מצביעים/בזב
מעטפות חיצוניות,9999,485.0,0,588,,בזב=0; אין לחשב מצביעים/בזב
מעטפות חיצוניות,9999,486.0,0,606,,בזב=0; אין לחשב מצביעים/בזב
מעטפות חיצוניות,9999,487.0,0,597,,בזב=0; אין לחשב מצביעים/בזב
מעטפות חיצוניות,9999,488.0,0,598,,בזב=0; אין לחשב מצביעים/בזב
מעטפות חיצוניות,9999,489.0,0,586,,בזב=0; אין לחשב מצביעים/בזב
מעטפות חיצוניות,9999,490.0,0,600,,בזב=0; אין לחשב מצביעים/בזב
מעטפות חיצוניות,9999,491.0,0,607,,בזב=0; אין לחשב מצביעים/בזב
מעטפות חיצוניות,9999,492.0,0,600,,בזב=0; אין לחשב מצביעים/בזב
מעטפות חיצוניות,9999,493.0,0,603,,בזב=0; אין לחשב מצביעים/בזב
מעטפות חיצוניות,9999,494.0,0,602,,בזב=0; אין לחשב מצביעים/בזב
מעטפות חיצוניות,9999,495.0,0,610,,בזב=0; אין לחשב מצביעים/בזב
מעטפות חיצוניות,9999,496.0,0,606,,בזב=0; אין לחשב מצביעים/בזב
מעטפות חיצוניות,9999,497.0,0,606,,בזב=0; אין לחשב מצביעים/בזב
מעטפות חיצוניות,9999,498.0,0,655,,בזב=0; אין לחשב מצביעים/בזב
מעטפות חיצוניות,9999,499.0,0,609,,בזב=0; אין לחשב מצביעים/בזב
מעטפות חיצוניות,9999,500.0,0,600,,בזב=0; אין לחשב מצביעים/בזב
מעטפות חיצוניות,9999,501.0,0,483,,בזב=0; אין לחשב מצביעים/בזב
מעטפות חיצוניות,9999,502.0,0,594,,בזב=0; אין לחשב מצביעים/בזב
מעטפות חיצוניות,9999,503.0,0,601,,בזב=0; אין לחשב מצביעים/בזב
מעטפות חיצוניות,9999,504.0,0,500,,בזב=0; אין לחשב מצביעים/בזב
מעטפות חיצוניות,9999,505.0,0,623,,בזב=0; אין לחשב מצביעים/בזב
מעטפות חיצוניות,9999,506.0,0,501,,בזב=0; אין לחשב מצביעים/בזב
מעטפות חיצוניות,9999,507.0,0,510,,בזב=0; אין לחשב מצביעים/בזב
מעטפות חיצוניות,9999,508.0,0,493,,בזב=0; אין לחשב מצביעים/בזב
מעטפות חיצוניות,9999,509.0,0,494,,בזב=0; אין לחשב מצביעים/בזב
מעטפות חיצוניות,9999,510.0,0,500,,בזב=0; אין לחשב מצביעים/בזב
מעטפות חיצוניות,9999,511.0,0,600,,בזב=0; אין לחשב מצביעים/בזב
מעטפות חיצוניות,9999,512.0,0,500,,בזב=0; אין לחשב מצביעים/בזב
מעטפות חיצוניות,9999,513.0,0,603,,בזב=0; אין לחשב מצביעים/בזב
מעטפות חיצוניות,9999,514.0,0,501,,בזב=0; אין לחשב מצביעים/בזב
מעטפות חיצוניות,9999,515.0,0,499,,בזב=0; אין לחשב מצביעים/בזב
מעטפות חיצוניות,9999,516.0,0,497,,בזב=0; אין לחשב מצביעים/בזב
מעטפות חיצוניות,9999,517.0,0,500,,בזב=0; אין לחשב מצביעים/בזב
מעטפות חיצוניות,9999,518.0,0,501,,בזב=0; אין לחשב מצביעים/בזב
מעטפות חיצוניות,9999,519.0,0,305,,בזב=0; אין לחשב מצביעים/בזב
מעטפות חיצוניות,9999,520.0,0,490,,בזב=0; אין לחשב מצביעים/בזב
מעטפות חיצוניות,9999,521.0,0,593,,בזב=0; אין לחשב מצביעים/בזב
מעטפות חיצוניות,9999,522.0,0,502,,בזב=0; אין לחשב מצביעים/בזב
מעטפות חיצוניות,9999,523.0,0,301,,בזב=0; אין לחשב מצביעים/בזב
מעטפות חיצוניות,9999,524.0,0,303,,בזב=0; אין לחשב מצביעים/בזב
מעטפות חיצוניות,9999,525.0,0,307,,בזב=0; אין לחשב מצביעים/בזב
מעטפות חיצוניות,9999,526.0,0,300,,בזב=0; אין לחשב מצביעים/בזב
מעטפות חיצוניות,9999,527.0,0,301,,בזב=0; אין לחשב מצביעים/בזב
מעטפות חיצוניות,9999,528.0,0,202,,בזב=0; אין לחשב מצביעים/בזב
מעטפות חיצוניות,9999,532.0,0,202,,בזב=0; אין לחשב מצביעים/בזב
מעטפות חיצוניות,9999,533.0,0,301,,בזב=0; אין לחשב מצביעים/בזב
מעטפות חיצוניות,9999,541.0,0,488,,בזב=0; אין לחשב מצביעים/בזב
מעטפות חיצוניות,9999,542.0,0,603,,בזב=0; אין לחשב מצביעים/בזב
מעטפות חיצוניות,9999,543.0,0,600,,בזב=0; אין לחשב מצביעים/בזב
מעטפות חיצוניות,9999,551.0,0,605,,בזב=0; אין לחשב מצביעים/בזב
מעטפות חיצוניות,9999,552.0,0,600,,בזב=0; אין לחשב מצביעים/בזב
מעטפות חיצוניות,9999,553.0,0,546,,בזב=0; אין לחשב מצביעים/בזב
מעטפות חיצוניות,9999,554.0,0,602,,בזב=0; אין לחשב מצביעים/בזב
מעטפות חיצוניות,9999,555.0,0,588,,בזב=0; אין לחשב מצביעים/בזב
מעטפות חיצוניות,9999,556.0,0,590,,בזב=0; אין לחשב מצביעים/בזב
מעטפות חיצוניות,9999,557.0,0,510,,בזב=0; אין לחשב מצביעים/בזב
מעטפות חיצוניות,9999,558.0,0,596,,בזב=0; אין לחשב מצביעים/בזב
מעטפות חיצוניות,9999,559.0,0,602,,בזב=0; אין לחשב מצביעים/בזב
מעטפות חיצוניות,9999,560.0,0,587,,בזב=0; אין לחשב מצביעים/בזב
מעטפות חיצוניות,9999,561.0,0,606,,בזב=0; אין לחשב מצביעים/בזב
מעטפות חיצוניות,9999,562.0,0,449,,בזב=0; אין לחשב מצביעים/בזב
מעטפות חיצוניות,9999,563.0,0,597,,בזב=0; אין לחשב מצביעים/בזב
מעטפות חיצוניות,9999,564.0,0,599,,בזב=0; אין לחשב מצביעים/בזב
מעטפות חיצוניות,9999,565.0,0,598,,בזב=0; אין לחשב מצביעים/בזב
מעטפות חיצוניות,9999,566.0,0,610,,בזב=0; אין לחשב מצביעים/בזב
מעטפות חיצוניות,9999,567.0,0,602,,בזב=0; אין לחשב מצביעים/בזב
מעטפות חיצוניות,9999,568.0,0,599,,בזב=0; אין לחשב מצביעים/בזב
מעטפות חיצוניות,9999,569.0,0,622,,בזב=0; אין לחשב מצביעים/בזב
מעטפות חיצוניות,9999,570.0,0,579,,בזב=0; אין לחשב מצביעים/בזב
מעטפות חיצוניות,9999,571.0,0,400,,בזב=0; אין לחשב מצביעים/בזב
מעטפות חיצוניות,9999,572.0,0,611,,בזב=0; אין לחשב מצביעים/בזב
מעטפות חיצוניות,9999,573.0,0,590,,בזב=0; אין לחשב מצביעים/בזב
מעטפות חיצוניות,9999,574.0,0,617,,בזב=0; אין לחשב מצביעים/בזב
מעטפות חיצוניות,9999,575.0,0,621,,בזב=0; אין לחשב מצביעים/בזב
מעטפות חיצוניות,9999,576.0,0,593,,בזב=0; אין לחשב מצביעים/בזב
מעטפות חיצוניות,9999,577.0,0,604,,בזב=0; אין לחשב מצביעים/בזב
מעטפות חיצוניות,9999,578.0,0,598,,בזב=0; אין לחשב מצביעים/בזב
מעטפות חיצוניות,9999,579.0,0,595,,בזב=0; אין לחשב מצביעים/בזב
מעטפות חיצוניות,9999,580.0,0,596,,בזב=0; אין לחשב מצביעים/בזב
מעטפות חיצוניות,9999,581.0,0,597,,בזב=0; אין לחשב מצביעים/בזב
מעטפות חיצוניות,9999,582.0,0,749,,בזב=0; אין לחשב מצביעים/בזב
מעטפות חיצוניות,9999,583.0,0,603,,בזב=0; אין לחשב מצביעים/בזב
מעטפות חיצוניות,9999,584.0,0,607,,בזב=0; אין לחשב מצביעים/בזב
מעטפות חיצוניות,9999,585.0,0,604,,בזב=0; אין לחשב מצביעים/בזב
מעטפות חיצוניות,9999,586.0,0,602,,בזב=0; אין לחשב מצביעים/בזב
מעטפות חיצוניות,9999,587.0,0,606,,בזב=0; אין לחשב מצביעים/בזב
מעטפות חיצוניות,9999,591.0,0,783,,בזב=0; אין לחשב מצביעים/בזב
מעטפות חיצוניות,9999,592.0,0,602,,בזב=0; אין לחשב מצביעים/בזב
מעטפות חיצוניות,9999,593.0,0,401,,בזב=0; אין לחשב מצביעים/בזב
מעטפות חיצוניות,9999,594.0,0,604,,בזב=0; אין לחשב מצביעים/בזב
מעטפות חיצוניות,9999,595.0,0,609,,בזב=0; אין לחשב מצביעים/בזב
מעטפות חיצוניות,9999,596.0,0,602,,בזב=0; אין לחשב מצביעים/בזב
מעטפות חיצוניות,9999,597.0,0,602,,בזב=0; אין לחשב מצביעים/בזב
מעטפות חיצוניות,9999,598.0,0,402,,בזב=0; אין לחשב מצביעים/בזב
מעטפות חיצוניות,9999,599.0,0,599,,בזב=0; אין לחשב מצביעים/בזב
מעטפות חיצוניות,9999,600.0,0,603,,בזב=0; אין לחשב מצביעים/בזב
מעטפות חיצוניות,9999,601.0,0,599,,בזב=0; אין לחשב מצביעים/בזב
מעטפות חיצוניות,9999,602.0,0,601,,בזב=0; אין לחשב מצביעים/בזב
מעטפות חיצוניות,9999,603.0,0,552,,בזב=0; אין לחשב מצביעים/בזב
מעטפות חיצוניות,9999,604.0,0,612,,בזב=0; אין לחשב מצביעים/בזב
מעטפות חיצוניות,9999,605.0,0,599,,בזב=0; אין לחשב מצביעים/בזב
מעטפות חיצוניות,9999,606.0,0,612,,בזב=0; אין לחשב מצביעים/בזב
מעטפות חיצוניות,9999,607.0,0,598,,בזב=0; אין לחשב מצביעים/בזב
מעטפות חיצוניות,9999,608.0,0,602,,בזב=0; אין לחשב מצביעים/בזב
מעטפות חיצוניות,9999,609.0,0,614,,בזב=0; אין לחשב מצביעים/בזב
מעטפות חיצוניות,9999,610.0,0,605,,בזב=0; אין לחשב מצביעים/בזב
מעטפות חיצוניות,9999,611.0,0,591,,בזב=0; אין לחשב מצביעים/בזב
מעטפות חיצוניות,9999,612.0,0,497,,בזב=0; אין לחשב מצביעים/בזב
מעטפות חיצוניות,9999,613.0,0,500,,בזב=0; אין לחשב מצביעים/בזב
מעטפות חיצוניות,9999,614.0,0,590,,בזב=0; אין לחשב מצביעים/בזב
מעטפות חיצוניות,9999,615.0,0,602,,בזב=0; אין לחשב מצביעים/בזב
מעטפות חיצוניות,9999,616.0,0,601,,בזב=0; אין לחשב מצביעים/בזב
מעטפות חיצוניות,9999,617.0,0,600,,בזב=0; אין לחשב מצביעים/בזב
מעטפות חיצוניות,9999,618.0,0,602,,בזב=0; אין לחשב מצביעים/בזב
מעטפות חיצוניות,9999,619.0,0,713,,בזב=0; אין לחשב מצביעים/בזב
מעטפות חיצוניות,9999,620.0,0,605,,בזב=0; אין לחשב מצביעים/בזב
מעטפות חיצוניות,9999,621.0,0,601,,בזב=0; אין לחשב מצביעים/בזב
מעטפות חיצוניות,9999,622.0,0,402,,בזב=0; אין לחשב מצביעים/בזב
מעטפות חיצוניות,9999,623.0,0,590,,בזב=0; אין לחשב מצביעים/בזב
מעטפות חיצוניות,9999,624.0,0,603,,בזב=0; אין לחשב מצביעים/בזב
מעטפות חיצוניות,9999,625.0,0,573,,בזב=0; אין לחשב מצביעים/בזב
מעטפות חיצוניות,9999,626.0,0,595,,בזב=0; אין לחשב מצביעים/בזב
מעטפות חיצוניות,9999,627.0,0,588,,בזב=0; אין לחשב מצביעים/בזב
מעטפות חיצוניות,9999,628.0,0,597,,בזב=0; אין לחשב מצביעים/בזב
מעטפות חיצוניות,9999,629.0,0,618,,בזב=0; אין לחשב מצביעים/בזב
מעטפות חיצוניות,9999,630.0,0,401,,בזב=0; אין לחשב מצביעים/בזב
מעטפות חיצוניות,9999,631.0,0,606,,בזב=0; אין לחשב מצביעים/בזב
מעטפות חיצוניות,9999,632.0,0,605,,בזב=0; אין לחשב מצביעים/בזב
מעטפות חיצוניות,9999,633.0,0,599,,בזב=0; אין לחשב מצביעים/בזב
מעטפות חיצוניות,9999,634.0,0,600,,בזב=0; אין לחשב מצביעים/בזב
מעטפות חיצוניות,9999,635.0,0,594,,בזב=0; אין לחשב מצביעים/בזב
מעטפות חיצוניות,9999,636.0,0,592,,בזב=0; אין לחשב מצביעים/בזב
מעטפות חיצוניות,9999,637.0,0,598,,בזב=0; אין לחשב מצביעים/בזב
מעטפות חיצוניות,9999,638.0,0,600,,בזב=0; אין לחשב מצביעים/בזב
מעטפות חיצוניות,9999,639.0,0,597,,בזב=0; אין לחשב מצביעים/בזב
מעטפות חיצוניות,9999,640.0,0,539,,בזב=0; אין לחשב מצביעים/בזב
מעטפות חיצוניות,9999,641.0,0,252,,בזב=0; אין לחשב מצביעים/בזב
מעטפות חיצוניות,9999,642.0,0,600,,בזב=0; אין לחשב מצביעים/בזב
מעטפות חיצוניות,9999,643.0,0,600,,בזב=0; אין לחשב מצביעים/בזב
מעטפות חיצוניות,9999,644.0,0,596,,בזב=0; אין לחשב מצביעים/בזב
מעטפות חיצוניות,9999,645.0,0,587,,בזב=0; אין לחשב מצביעים/בזב
מעטפות חיצוניות,9999,646.0,0,592,,בזב=0; אין לחשב מצביעים/בזב
מעטפות חיצוניות,9999,647.0,0,604,,בזב=0; אין לחשב מצביעים/בזב
מעטפות חיצוניות,9999,648.0,0,590,,בזב=0; אין לחשב מצביעים/בזב
מעטפות חיצוניות,9999,649.0,0,594,,בזב=0; אין לחשב מצביעים/בזב
מעטפות חיצוניות,9999,650.0,0,597,,בזב=0; אין לחשב מצביעים/בזב
מעטפות חיצוניות,9999,651.0,0,200,,בזב=0; אין לחשב מצביעים/בזב
מעטפות חיצוניות,9999,653.0,0,200,,בזב=0; אין לחשב מצביעים/בזב
מעטפות חיצוניות,9999,654.0,0,248,,בזב=0; אין לחשב מצביעים/בזב
מעטפות חיצוניות,9999,655.0,0,306,,בזב=0; אין לחשב מצביעים/בזב
מעטפות חיצוניות,9999,656.0,0,200,,בזב=0; אין לחשב מצביעים/בזב
מעטפות חיצוניות,9999,657.0,0,587,,בזב=0; אין לחשב מצביעים/בזב
מעטפות חיצוניות,9999,658.0,0,606,,בזב=0; אין לחשב מצביעים/בזב
מעטפות חיצוניות,9999,659.0,0,600,,בזב=0; אין לחשב מצביעים/בזב
מעטפות חיצוניות,9999,660.0,0,567,,בזב=0; אין לחשב מצביעים/בזב
מעטפות חיצוניות,9999,661.0,0,200,,בזב=0; אין לחשב מצביעים/בזב
מעטפות חיצוניות,9999,668.0,0,200,,בזב=0; אין לחשב מצביעים/בזב
מעטפות חיצוניות,9999,669.0,0,200,,בזב=0; אין לחשב מצביעים/בזב
מעטפות חיצוניות,9999,670.0,0,195,,בזב=0; אין לחשב מצביעים/בזב
מעטפות חיצוניות,9999,701.0,0,599,,בזב=0; אין לחשב מצביעים/בזב
מעטפות חיצוניות,9999,702.0,0,599,,בזב=0; אין לחשב מצביעים/בזב
מעטפות חיצוניות,9999,703.0,0,604,,בזב=0; אין לחשב מצביעים/בזב
מעטפות חיצוניות,9999,704.0,0,600,,בזב=0; אין לחשב מצביעים/בזב
מעטפות חיצוניות,9999,705.0,0,620,,בזב=0; אין לחשב מצביעים/בזב
מעטפות חיצוניות,9999,706.0,0,604,,בזב=0; אין לחשב מצביעים/בזב
מעטפות חיצוניות,9999,707.0,0,599,,בזב=0; אין לחשב מצביעים/בזב
מעטפות חיצוניות,9999,708.0,0,616,,בזב=0; אין לחשב מצביעים/בזב
מעטפות חיצוניות,9999,709.0,0,598,,בזב=0; אין לחשב מצביעים/בזב
מעטפות חיצוניות,9999,710.0,0,601,,בזב=0; אין לחשב מצביעים/בזב
מעטפות חיצוניות,9999,711.0,0,602,,בזב=0; אין לחשב מצביעים/בזב
מעטפות חיצוניות,9999,712.0,0,592,,בזב=0; אין לחשב מצביעים/בזב
מעטפות חיצוניות,9999,713.0,0,603,,בזב=0; אין לחשב מצביעים/בזב
מעטפות חיצוניות,9999,714.0,0,603,,בזב=0; אין לחשב מצביעים/בזב
מעטפות חיצוניות,9999,715.0,0,600,,בזב=0; אין לחשב מצביעים/בזב
מעטפות חיצוניות,9999,716.0,0,601,,בזב=0; אין לחשב מצביעים/בזב
מעטפות חיצוניות,9999,717.0,0,601,,בזב=0; אין לחשב מצביעים/בזב
מעטפות חיצוניות,9999,718.0,0,602,,בזב=0; אין לחשב מצביעים/בזב
מעטפות חיצוניות,9999,719.0,0,603,,בזב=0; אין לחשב מצביעים/בזב
מעטפות חיצוניות,9999,720.0,0,599,,בזב=0; אין לחשב מצביעים/בזב
מעטפות חיצוניות,9999,721.0,0,646,,בזב=0; אין לחשב מצביעים/בזב
מעטפות חיצוניות,9999,722.0,0,597,,בזב=0; אין לחשב מצביעים/בזב
מעטפות חיצוניות,9999,723.0,0,575,,בזב=0; אין לחשב מצביעים/בזב
מעטפות חיצוניות,9999,724.0,0,600,,בזב=0; אין לחשב מצביעים/בזב
מעטפות חיצוניות,9999,725.0,0,604,,בזב=0; אין לחשב מצביעים/בזב
מעטפות חיצוניות,9999,726.0,0,605,,בזב=0; אין לחשב מצביעים/בזב
מעטפות חיצוניות,9999,727.0,0,600,,בזב=0; אין לחשב מצביעים/בזב
מעטפות חיצוניות,9999,728.0,0,600,,בזב=0; אין לחשב מצביעים/בזב
מעטפות חיצוניות,9999,729.0,0,593,,בזב=0; אין לחשב מצביעים/בזב
מעטפות חיצוניות,9999,730.0,0,599,,בזב=0; אין לחשב מצביעים/בזב
מעטפות חיצוניות,9999,731.0,0,595,,בזב=0; אין לחשב מצביעים/בזב
מעטפות חיצוניות,9999,732.0,0,600,,בזב=0; אין לחשב מצביעים/בזב
מעטפות חיצוניות,9999,733.0,0,599,,בזב=0; אין לחשב מצביעים/בזב
מעטפות חיצוניות,9999,734.0,0,589,,בזב=0; אין לחשב מצביעים/בזב
מעטפות חיצוניות,9999,735.0,0,603,,בזב=0; אין לחשב מצביעים/בזב
מעטפות חיצוניות,9999,736.0,0,602,,בזב=0; אין לחשב מצביעים/בזב
מעטפות חיצוניות,9999,737.0,0,599,,בזב=0; אין לחשב מצביעים/בזב
מעטפות חיצוניות,9999,738.0,0,600,,בזב=0; אין לחשב מצביעים/בזב
מעטפות חיצוניות,9999,739.0,0,600,,בזב=0; אין לחשב מצביעים/בזב
מעטפות חיצוניות,9999,740.0,0,605,,בזב=0; אין לחשב מצביעים/בזב
מעטפות חיצוניות,9999,741.0,0,597,,בזב=0; אין לחשב מצביעים/בזב
מעטפות חיצוניות,9999,742.0,0,601,,בזב=0; אין לחשב מצביעים/בזב
מעטפות חיצוניות,9999,743.0,0,600,,בזב=0; אין לחשב מצביעים/בזב
מעטפות חיצוניות,9999,744.0,0,601,,בזב=0; אין לחשב מצביעים/בזב
מעטפות חיצוניות,9999,745.0,0,705,,בזב=0; אין לחשב מצביעים/בזב
מעטפות חיצוניות,9999,746.0,0,607,,בזב=0; אין לחשב מצביעים/בזב
מעטפות חיצוניות,9999,747.0,0,601,,בזב=0; אין לחשב מצביעים/בזב
מעטפות חיצוניות,9999,748.0,0,600,,בזב=0; אין לחשב מצביעים/בזב
מעטפות חיצוניות,9999,749.0,0,598,,בזב=0; אין לחשב מצביעים/בזב
מעטפות חיצוניות,9999,750.0,0,600,,בזב=0; אין לחשב מצביעים/בזב
מעטפות חיצוניות,9999,751.0,0,602,,בזב=0; אין לחשב מצביעים/בזב
מעטפות חיצוניות,9999,752.0,0,600,,בזב=0; אין לחשב מצביעים/בזב
מעטפות חיצוניות,9999,753.0,0,604,,בזב=0; אין לחשב מצביעים/בזב
מעטפות חיצוניות,9999,754.0,0,603,,בזב=0; אין לחשב מצביעים/בזב
מעטפות חיצוניות,9999,755.0,0,619,,בזב=0; אין לחשב מצביעים/בזב
מעטפות חיצוניות,9999,756.0,0,600,,בזב=0; אין לחשב מצביעים/בזב
מעטפות חיצוניות,9999,757.0,0,604,,בזב=0; אין לחשב מצביעים/בזב
מעטפות חיצוניות,9999,758.0,0,601,,בזב=0; אין לחשב מצביעים/בזב
מעטפות חיצוניות,9999,759.0,0,600,,בזב=0; אין לחשב מצביעים/בזב
מעטפות חיצוניות,9999,760.0,0,583,,בזב=0; אין לחשב מצביעים/בזב
מעטפות חיצוניות,9999,761.0,0,600,,בזב=0; אין לחשב מצביעים/בזב
מעטפות חיצוניות,9999,762.0,0,600,,בזב=0; אין לחשב מצביעים/בזב
מעטפות חיצוניות,9999,763.0,0,599,,בזב=0; אין לחשב מצביעים/בזב
מעטפות חיצוניות,9999,764.0,0,577,,בזב=0; אין לחשב מצביעים/בזב
מעטפות חיצוניות,9999,765.0,0,631,,בזב=0; אין לחשב מצביעים/בזב
מעטפות חיצוניות,9999,766.0,0,613,,בזב=0; אין לחשב מצביעים/בזב
מעטפות חיצוניות,9999,767.0,0,602,,בזב=0; אין לחשב מצביעים/בזב
מעטפות חיצוניות,9999,768.0,0,600,,בזב=0; אין לחשב מצביעים/בזב
מעטפות חיצוניות,9999,769.0,0,609,,בזב=0; אין לחשב מצביעים/בזב
מעטפות חיצוניות,9999,770.0,0,601,,בזב=0; אין לחשב מצביעים/בזב
מעטפות חיצוניות,9999,771.0,0,601,,בזב=0; אין לחשב מצביעים/בזב
מעטפות חיצוניות,9999,772.0,0,600,,בזב=0; אין לחשב מצביעים/בזב
מעטפות חיצוניות,9999,773.0,0,605,,בזב=0; אין לחשב מצביעים/בזב
מעטפות חיצוניות,9999,774.0,0,601,,בזב=0; אין לחשב מצביעים/בזב
מעטפות חיצוניות,9999,775.0,0,610,,בזב=0; אין לחשב מצביעים/בזב
מעטפות חיצוניות,9999,776.0,0,493,,בזב=0; אין לחשב מצביעים/בזב
מעטפות חיצוניות,9999,777.0,0,497,,בזב=0; אין לחשב מצביעים/בזב
מעטפות חיצוניות,9999,778.0,0,505,,בזב=0; אין לחשב מצביעים/בזב
מעטפות חיצוניות,9999,779.0,0,500,,בזב=0; אין לחשב מצביעים/בזב
מעטפות חיצוניות,9999,781.0,0,598,,בזב=0; אין לחשב מצביעים/בזב
מעטפות חיצוניות,9999,782.0,0,550,,בזב=0; אין לחשב מצביעים/בזב
מעטפות חיצוניות,9999,783.0,0,593,,בזב=0; אין לחשב מצביעים/בזב
מעטפות חיצוניות,9999,784.0,0,597,,בזב=0; אין לחשב מצביעים/בזב
מעטפות חיצוניות,9999,785.0,0,589,,בזב=0; אין לחשב מצביעים/בזב
מעטפות חיצוניות,9999,786.0,0,600,,בזב=0; אין לחשב מצביעים/בזב
מעטפות חיצוניות,9999,787.0,0,622,,בזב=0; אין לחשב מצביעים/בזב
מעטפות חיצוניות,9999,788.0,0,590,,בזב=0; אין לחשב מצביעים/בזב
מעטפות חיצוניות,9999,789.0,0,581,,בזב=0; אין לחשב מצביעים/בזב
מעטפות חיצוניות,9999,790.0,0,610,,בזב=0; אין לחשב מצביעים/בזב
מעטפות חיצוניות,9999,796.0,0,303,,בזב=0; אין לחשב מצביעים/בזב
מעטפות חיצוניות,9999,797.0,0,251,,בזב=0; אין לחשב מצביעים/בזב
מעטפות חיצוניות,9999,798.0,0,300,,בזב=0; אין לחשב מצביעים/בזב
מעטפות חיצוניות,9999,799.0,0,240,,בזב=0; אין לחשב מצביעים/בזב
מעטפות חיצוניות,9999,801.0,0,602,,בזב=0; אין לחשב מצביעים/בזב
מעטפות חיצוניות,9999,802.0,0,572,,בזב=0; אין לחשב מצביעים/בזב
מעטפות חיצוניות,9999,803.0,0,602,,בזב=0; אין לחשב מצביעים/בזב
מעטפות חיצוניות,9999,804.0,0,600,,בזב=0; אין לחשב מצביעים/בזב
מעטפות חיצוניות,9999,805.0,0,601,,בזב=0; אין לחשב מצביעים/בזב
מעטפות חיצוניות,9999,806.0,0,601,,בזב=0; אין לחשב מצביעים/בזב
מעטפות חיצוניות,9999,807.0,0,603,,בזב=0; אין לחשב מצביעים/בזב
מעטפות חיצוניות,9999,808.0,0,600,,בזב=0; אין לחשב מצביעים/בזב
מעטפות חיצוניות,9999,809.0,0,600,,בזב=0; אין לחשב מצביעים/בזב
מעטפות חיצוניות,9999,810.0,0,605,,בזב=0; אין לחשב מצביעים/בזב
מעטפות חיצוניות,9999,811.0,0,603,,בזב=0; אין לחשב מצביעים/בזב
מעטפות חיצוניות,9999,812.0,0,602,,בזב=0; אין לחשב מצביעים/בזב
מעטפות חיצוניות,9999,813.0,0,619,,בזב=0; אין לחשב מצביעים/בזב
מעטפות חיצוניות,9999,814.0,0,603,,בזב=0; אין לחשב מצביעים/בזב
מעטפות חיצוניות,9999,815.0,0,601,,בזב=0; אין לחשב מצביעים/בזב
מעטפות חיצוניות,9999,816.0,0,610,,בזב=0; אין לחשב מצביעים/בזב
מעטפות חיצוניות,9999,817.0,0,600,,בזב=0; אין לחשב מצביעים/בזב
מעטפות חיצוניות,9999,818.0,0,593,,בזב=0; אין לחשב מצביעים/בזב
מעטפות חיצוניות,9999,819.0,0,603,,בזב=0; אין לחשב מצביעים/בזב
מעטפות חיצוניות,9999,820.0,0,570,,בזב=0; אין לחשב מצביעים/בזב
מעטפות חיצוניות,9999,821.0,0,591,,בזב=0; אין לחשב מצביעים/בזב
מעטפות חיצוניות,9999,822.0,0,599,,בזב=0; אין לחשב מצביעים/בזב
מעטפות חיצוניות,9999,823.0,0,606,,בזב=0; אין לחשב מצביעים/בזב
מעטפות חיצוניות,9999,824.0,0,597,,בזב=0; אין לחשב מצביעים/בזב
מעטפות חיצוניות,9999,825.0,0,602,,בזב=0; אין לחשב מצביעים/בזב
מעטפות חיצוניות,9999,826.0,0,619,,בזב=0; אין לחשב מצביעים/בזב
מעטפות חיצוניות,9999,827.0,0,604,,בזב=0; אין לחשב מצביעים/בזב
מעטפות חיצוניות,9999,828.0,0,602,,בזב=0; אין לחשב מצביעים/בזב
מעטפות חיצוניות,9999,829.0,0,599,,בזב=0; אין לחשב מצביעים/בזב
מעטפות חיצוניות,9999,830.0,0,602,,בזב=0; אין לחשב מצביעים/בזב
מעטפות חיצוניות,9999,831.0,0,289,,בזב=0; אין לחשב מצביעים/בזב
מעטפות חיצוניות,9999,832.0,0,309,,בזב=0; אין לחשב מצביעים/בזב
מעטפות חיצוניות,9999,833.0,0,251,,בזב=0; אין לחשב מצביעים/בזב
מעטפות חיצוניות,9999,834.0,0,294,,בזב=0; אין לחשב מצביעים/בזב
מעטפות חיצוניות,9999,835.0,0,280,,בזב=0; אין לחשב מצביעים/בזב
מעטפות חיצוניות,9999,836.0,0,499,,בזב=0; אין לחשב מצביעים/בזב
מעטפות חיצוניות,9999,837.0,0,608,,בזב=0; אין לחשב מצביעים/בזב
מעטפות חיצוניות,9999,838.0,0,600,,בזב=0; אין לחשב מצביעים/בזב
מעטפות חיצוניות,9999,839.0,0,547,,בזב=0; אין לחשב מצביעים/בזב
מעטפות חיצוניות,9999,840.0,0,496,,בזב=0; אין לחשב מצביעים/בזב
מעטפות חיצוניות,9999,841.0,0,596,,בזב=0; אין לחשב מצביעים/בזב
מעטפות חיצוניות,9999,842.0,0,493,,בזב=0; אין לחשב מצביעים/בזב
מעטפות חיצוניות,9999,843.0,0,553,,בזב=0; אין לחשב מצביעים/בזב
מעטפות חיצוניות,9999,844.0,0,590,,בזב=0; אין לחשב מצביעים/בזב
מעטפות חיצוניות,9999,845.0,0,501,,בזב=0; אין לחשב מצביעים/בזב
מעטפות חיצוניות,9999,846.0,0,495,,בזב=0; אין לחשב מצביעים/בזב
מעטפות חיצוניות,9999,847.0,0,502,,בזב=0; אין לחשב מצביעים/בזב
מעטפות חיצוניות,9999,848.0,0,501,,בזב=0; אין לחשב מצביעים/בזב
מעטפות חיצוניות,9999,849.0,0,497,,בזב=0; אין לחשב מצביעים/בזב
מעטפות חיצוניות,9999,850.0,0,482,,בזב=0; אין לחשב מצביעים/בזב
מעטפות חיצוניות,9999,861.0,0,599,,בזב=0; אין לחשב מצביעים/בזב
מעטפות חיצוניות,9999,871.0,0,603,,בזב=0; אין לחשב מצביעים/בזב
מעטפות חיצוניות,9999,872.0,0,545,,בזב=0; אין לחשב מצביעים/בזב
מעטפות חיצוניות,9999,881.0,0,605,,בזב=0; אין לחשב מצביעים/בזב
מעטפות חיצוניות,9999,882.0,0,598,,בזב=0; אין לחשב מצביעים/בזב
מעטפות חיצוניות,9999,891.0,0,606,,בזב=0; אין לחשב מצביעים/בזב
מעטפות חיצוניות,9999,892.0,0,492,,בזב=0; אין לחשב מצביעים/בזב
מעטפות חיצוניות,9999,901.0,0,401,,בזב=0; אין לחשב מצביעים/בזב
מעטפות חיצוניות,9999,902.0,0,523,,בזב=0; אין לחשב מצביעים/בזב
מעטפות חיצוניות,9999,911.0,0,599,,בזב=0; אין לחשב מצביעים/בזב
מעטפות חיצוניות,9999,912.0,0,490,,בזב=0; אין לחשב מצביעים/בזב
מעטפות חיצוניות,9999,921.0,0,602,,בזב=0; אין לחשב מצביעים/בזב
מעטפות חיצוניות,9999,922.0,0,610,,בזב=0; אין לחשב מצביעים/בזב
מעטפות חיצוניות,9999,931.0,0,271,,בזב=0; אין לחשב מצביעים/בזב
מעטפות חיצוניות,9999,932.0,0,200,,בזב=0; אין לחשב מצביעים/בזב
מעטפות חיצוניות,9999,933.0,0,205,,בזב=0; אין לחשב מצביעים/בזב
מעטפות חיצוניות,9999,936.0,0,108,,בזב=0; אין לחשב מצביעים/בזב
מעטפות חיצוניות,9999,943.0,0,252,,בזב=0; אין לחשב מצביעים/בזב
מעטפות חיצוניות,9999,944.0,0,200,,בזב=0; אין לחשב מצביעים/בזב
מעטפות חיצוניות,9999,945.0,0,297,,בזב=0; אין לחשב מצביעים/בזב
מעטפות חיצוניות,9999,951.0,0,99,,בזב=0; אין לחשב מצביעים/בזב
מעטפות חיצוניות,9999,953.0,0,198,,בזב=0; אין לחשב מצביעים/בזב
מעטפות חיצוניות,9999,954.0,0,178,,בזב=0; אין לחשב מצביעים/בזב
מעטפות חיצוניות,9999,955.0,0,103,,בזב=0; אין לחשב מצביעים/בזב
מעטפות חיצוניות,9999,961.0,0,304,,בזב=0; אין לחשב מצביעים/בזב
מעטפות חיצוניות,9999,962.0,0,313,,בזב=0; אין לחשב מצביעים/בזב
מעטפות חיצוניות,9999,963.0,0,302,,בזב=0; אין לחשב מצביעים/בזב
מעטפות חיצוניות,9999,972.0,0,256,,בזב=0; אין לחשב מצביעים/בזב
מעטפות חיצוניות,9999,973.0,0,300,,בזב=0; אין לחשב מצביעים/בזב
מעטפות חיצוניות,9999,976.0,0,156,,בזב=0; אין לחשב מצביעים/בזב
מעטפות חיצוניות,9999,977.0,0,299,,בזב=0; אין לחשב מצביעים/בזב
מעטפות חיצוניות,9999,983.0,0,152,,בזב=0; אין לחשב מצביעים/בזב
מעטפות חיצוניות,9999,984.0,0,101,,בזב=0; אין לחשב מצביעים/בזב
מעטפות חיצוניות,9999,986.0,0,302,,בזב=0; אין לחשב מצביעים/בזב
מעטפות חיצוניות,9999,991.0,0,101,,בזב=0; אין לחשב מצביעים/בזב
מעטפות חיצוניות,9999,993.0,0,102,,בזב=0; אין לחשב מצביעים/בזב
מעטפות חיצוניות,9999,995.0,0,100,,בזב=0; אין לחשב מצביעים/בזב
מעטפות חיצוניות,9999,1201.0,0,616,,בזב=0; אין לחשב מצביעים/בזב
מעטפות חיצוניות,9999,1202.0,0,300,,בזב=0; אין לחשב מצביעים/בזב
מעטפות חיצוניות,9999,1203.0,0,302,,בזב=0; אין לחשב מצביעים/בזב
מעטפות חיצוניות,9999,1204.0,0,303,,בזב=0; אין לחשב מצביעים/בזב
מעטפות חיצוניות,9999,1205.0,0,303,,בזב=0; אין לחשב מצביעים/בזב
מעטפות חיצוניות,9999,1206.0,0,300,,בזב=0; אין לחשב מצביעים/בזב
מעטפות חיצוניות,9999,1207.0,0,300,,בזב=0; אין לחשב מצביעים/בזב
מעטפות חיצוניות,9999,1208.0,0,300,,בזב=0; אין לחשב מצביעים/בזב
מעטפות חיצוניות,9999,1209.0,0,299,,בזב=0; אין לחשב מצביעים/בזב
מעטפות חיצוניות,9999,1210.0,0,301,,בזב=0; אין לחשב מצביעים/בזב
מעטפות חיצוניות,9999,1211.0,0,300,,בזב=0; אין לחשב מצביעים/בזב
מעטפות חיצוניות,9999,1212.0,0,285,,בזב=0; אין לחשב מצביעים/בזב
מעטפות חיצוניות,9999,1213.0,0,299,,בזב=0; אין לחשב מצביעים/בזב
מעטפות חיצוניות,9999,1214.0,0,280,,בזב=0; אין לחשב מצביעים/בזב
מעטפות חיצוניות,9999,1215.0,0,305,,בזב=0; אין לחשב מצביעים/בזב
מעטפות חיצוניות,9999,1216.0,0,302,,בזב=0; אין לחשב מצביעים/בזב
מעטפות חיצוניות,9999,1217.0,0,251,,בזב=0; אין לחשב מצביעים/בזב
מעטפות חיצוניות,9999,1218.0,0,311,,בזב=0; אין לחשב מצביעים/בזב
מעטפות חיצוניות,9999,1219.0,0,299,,בזב=0; אין לחשב מצביעים/בזב
מעטפות חיצוניות,9999,1220.0,0,305,,בזב=0; אין לחשב מצביעים/בזב
מעטפות חיצוניות,9999,1221.0,0,299,,בזב=0; אין לחשב מצביעים/בזב
מעטפות חיצוניות,9999,1222.0,0,297,,בזב=0; אין לחשב מצביעים/בזב
מעטפות חיצוניות,9999,1223.0,0,301,,בזב=0; אין לחשב מצביעים/בזב
מעטפות חיצוניות,9999,1224.0,0,300,,בזב=0; אין לחשב מצביעים/בזב
מעטפות חיצוניות,9999,1225.0,0,251,,בזב=0; אין לחשב מצביעים/בזב
מעטפות חיצוניות,9999,1226.0,0,287,,בזב=0; אין לחשב מצביעים/בזב
מעטפות חיצוניות,9999,1227.0,0,302,,בזב=0; אין לחשב מצביעים/בזב
מעטפות חיצוניות,9999,1228.0,0,298,,בזב=0; אין לחשב מצביעים/בזב
מעטפות חיצוניות,9999,1258.0,0,300,,בזב=0; אין לחשב מצביעים/בזב
