שם ישוב,סמל ישוב,קלפי,בזב,מצביעים,פסולים,כשרים,אחוז הצבעה,אחוז כשרים
אבו גוש,472,1.1,598,360,7,353,60.2,98.1
אבו גוש,472,1.2,598,333,4,329,55.7,98.8
אבו גוש,472,1.3,598,324,3,321,54.2,99.1
אבו גוש,472,3.0,626,350,2,348,55.9,99.4
אבו גוש,472,5.0,555,260,6,254,46.8,97.7
אופקים,31,1.1,374,231,1,230,61.8,99.6
אופקים,31,2.0,598,351,2,349,58.7,99.4
אופקים,31,3.0,451,285,2,283,63.2,99.3
אופקים,31,4.0,510,330,2,328,64.7,99.4
אופקים,31,5.0,454,229,3,226,50.4,98.7
אילת,2600,1.0,446,143,3,140,32.1,97.9
אילת,2600,2.0,627,209,1,208,33.3,99.5
אילת,2600,6.1,611,216,4,212,35.4,98.1
אילת,2600,6.2,611,214,2,212,35.0,99.1
אילת,2600,6.3,611,195,0,195,31.9,100.0
אשדוד,70,1.1,625,277,0,277,44.3,100.0
אשדוד,70,1.2,625,191,0,191,30.6,100.0
אשדוד,70,1.3,625,247,4,243,39.5,98.4
אשדוד,70,1.4,622,196,7,189,31.5,96.4
אשדוד,70,4.0,434,264,5,259,60.8,98.1
אשקלון,7100,1.0,539,179,1,178,33.2,99.4
אשקלון,7100,2.0,467,297,0,297,63.6,100.0
אשקלון,7100,3.0,638,404,2,402,63.3,99.5
אשקלון,7100,4.1,604,339,5,334,56.1,98.5
אשקלון,7100,4.2,604,326,4,322,54.0,98.8
באר שבע,9000,1.0,437,221,1,220,50.6,99.5
באר שבע,9000,2.0,532,210,3,207,39.5,98.6
באר שבע,9000,3.0,438,165,1,164,37.7,99.4
באר שבע,9000,4.0,497,233,2,231,46.9,99.1
באר שבע,9000,5.0,439,215,4,211,49.0,98.1
חיפה,4000,1.1,530,258,5,253,48.7,98.1
חיפה,4000,1.2,530,270,3,267,50.9,98.9
חיפה,4000,1.3,530,270,0,270,50.9,100.0
חיפה,4000,1.4,530,248,2,246,46.8,99.2
חיפה,4000,2.0,549,152,1,151,27.7,99.3
טבריה,6700,2.0,558,317,1,316,56.8,99.7
טבריה,6700,3.1,673,460,3,457,68.4,99.3
טבריה,6700,3.2,673,406,3,403,60.3,99.3
טבריה,6700,3.3,673,452,0,452,67.2,100.0
טבריה,6700,3.4,673,419,2,417,62.3,99.5
ירושלים,3000,3.0,608,360,1,359,59.2,99.7
ירושלים,3000,5.0,535,150,3,147,28.0,98.0
ירושלים,3000,6.0,690,315,1,314,45.7,99.7
ירושלים,3000,8.1,621,406,2,404,65.4,99.5
ירושלים,3000,8.2,621,388,4,384,62.5,99.0
כרמיאל,1139,1.0,518,213,1,212,41.1,99.5
כרמיאל,1139,2.1,657,251,0,251,38.2,100.0
כרמיאל,1139,2.2,657,247,3,244,37.6,98.8
כרמיאל,1139,3.0,660,271,4,267,41.1,98.5
כרמיאל,1139,4.1,653,316,4,312,48.4,98.7
נתניה,7400,1.0,683,452,3,449,66.2,99.3
נתניה,7400,4.1,659,452,2,450,68.6,99.6
נתניה,7400,4.2,659,426,1,425,64.6,99.8
נתניה,7400,4.3,659,461,1,460,70.0,99.8
נתניה,7400,4.4,658,440,2,438,66.9,99.5
רעננה,8700,2.0,550,345,1,344,62.7,99.7
רעננה,8700,4.1,557,394,3,391,70.7,99.2
רעננה,8700,4.2,556,412,0,412,74.1,100.0
רעננה,8700,5.1,567,409,3,406,72.1,99.3
רעננה,8700,5.2,567,434,2,432,76.5,99.5
