ישוב,סמל ישוב,קלפי,בזב,מצביעים,פסולים,כשרים,אחוז הצבעה
פתח תקווה,7900,14.3,579,256,3,253,44.2
רמת גן,8600,252,548,390,0,390,71.2
אעצם שבט,963,8.3,665,281,4,277,42.3
חיפה,4000,194.3,664,409,2,407,61.6
הזורע,250,2,404,276,0,276,68.3
ראשון לציון,8300,274,512,351,5,346,68.6
אלמגור,1125,1,300,220,0,220,73.3
רהט,1161,33.2,511,339,2,337,66.3
פתח תקווה,7900,57,568,383,2,381,67.4
שדרות,1031,26.4,537,385,0,385,71.7
גבעתיים,6300,87,617,373,1,372,60.5
אשדוד,70,284.4,686,621,3,618,90.5
ביר הדאג,1348,2.2,681,425,5,420,62.4
נצרת,7300,81.2,601,326,1,325,54.2
רחובות,8400,172.4,601,445,3,442,74.0
מוצא עילית,208,1.2,392,278,0,278,70.9
ירושלים,3000,777,558,428,4,424,76.7
כסראסמיע,1296,2,692,37,2,35,5.3
תל אביב  יפו,5000,675,535,351,0,351,65.6
הרצליה,6400,26,556,343,4,339,61.7
אשדוד,70,45.1,591,376,0,376,63.6
בת ים,6200,207,466,16,0,16,3.4
אור יהודה,2400,7,541,395,3,392,73.0
נתניה,7400,284.2,610,166,2,164,27.2
עילוט,511,8.4,563,317,5,312,56.3
שגבשלום,1286,1.4,652,349,3,346,53.5
הרצליה,6400,83.6,693,477,2,475,68.8
נתניה,7400,151.5,648,425,1,424,65.6
נתניה,7400,168.5,636,412,1,411,64.8
אשדוד,70,284.2,686,662,8,654,96.5
נתניה,7400,249.3,589,450,7,443,76.4
קרית ים,9600,45,627,287,3,284,45.8
כפר סבא,6900,100,609,37,1,36,6.1
אשקלון,7100,85,542,256,3,253,47.2
יסודות,440,1,352,320,0,320,90.9
רמת גן,8600,254.2,672,479,3,476,71.3
בת ים,6200,161,604,398,3,395,65.9
זכרון יעקב,9300,8.3,678,456,4,452,67.3
הרצליה,6400,30.5,665,491,0,491,73.8
רימונים,3565,1,512,360,0,360,70.3
באר שבע,9000,244,611,427,3,424,69.9
רמת גן,8600,3.3,651,447,0,447,68.7
ראשון לציון,8300,81.2,562,325,2,323,57.8
ראשון לציון,8300,95,623,340,2,338,54.6
נתניה,7400,157.6,625,307,1,306,49.1
צפת,8000,2.1,597,389,1,388,65.2
קרית אונו,2620,35.2,517,411,0,411,79.5
ירושלים,3000,868.3,566,459,0,459,81.1
נתיבות,246,21.6,668,536,0,536,80.2
אשקלון,7100,21,652,463,4,459,71.0
