תאריך,שנה,תמותה עודפת כל הגילאים %,תמותה עודפת 0-14 %,תמותה עודפת 15-64 %,תמותה עודפת 65-74 %,תמותה עודפת 75-84 %,תמותה עודפת 85+ %,פטירות בפועל בשבוע,ממוצע פטירות 2015-2019,מחוסנים ל-100 נפש,מחוסנים במנה שנייה ל-100
2020-01-05,2020,7.97,-17.23,1.7,11.83,3.19,13.44,1092.0,1011.4,,
2020-01-12,2020,-4.19,-46.67,-5.8,2.69,-9.76,-0.52,1010.0,1054.2,,
2020-01-19,2020,6.35,-3.05,4.78,12.97,1.45,8.0,1099.0,1033.4,,
2020-01-26,2020,-4.59,-0.65,5.29,3.08,-13.31,-5.68,1001.0,1049.2,,
2020-02-02,2020,-6.16,21.26,-8.01,3.84,-9.92,-8.08,991.0,1056.0,,
2020-02-09,2020,-10.27,-13.7,-22.11,1.39,-11.53,-9.14,944.0,1052.0,,
2020-02-16,2020,-2.29,-51.95,-0.82,-0.93,-6.56,1.59,965.0,987.6,,
2020-02-23,2020,0.47,-19.57,-3.16,5.6,-2.68,2.74,989.0,984.4,,
2020-03-01,2020,-5.83,-6.28,5.38,0.22,-12.26,-8.07,905.0,961.0,,
2020-03-08,2020,-1.06,-4.27,-2.44,5.84,-4.39,-0.95,930.0,940.0,,
2020-03-15,2020,4.66,-5.25,-7.89,15.85,3.99,6.04,965.0,922.0,,
2020-03-22,2020,3.48,-6.86,-18.5,5.74,3.18,12.75,893.0,863.0,,
2020-03-29,2020,10.57,-41.57,8.29,23.46,5.82,11.58,983.0,889.0,,
2020-04-05,2020,18.44,4.4,-4.44,43.65,22.46,15.23,1029.0,868.8,,
2020-04-12,2020,5.05,-15.87,0.02,18.09,1.71,5.05,878.0,835.8,,
2020-04-19,2020,12.54,-2.9,-0.41,28.37,12.64,11.69,928.0,824.6,,
2020-04-26,2020,5.73,-41.36,-4.84,3.37,7.73,12.78,901.0,852.2,,
2020-05-03,2020,1.86,-33.81,-4.86,17.28,1.7,-0.06,831.0,815.8,,
2020-05-10,2020,4.87,-35.22,-13.85,8.83,5.75,12.65,857.0,817.2,,
2020-05-17,2020,5.72,-31.75,0.75,21.14,4.93,4.08,847.0,801.2,,
2020-05-24,2020,20.31,2.02,11.13,19.12,18.83,26.75,961.0,798.8,,
2020-05-31,2020,6.22,11.64,1.82,23.31,1.74,3.48,837.0,788.0,,
2020-06-07,2020,4.62,18.96,9.23,11.82,-0.99,2.63,810.0,774.2,,
2020-06-14,2020,4.25,-25.45,-4.31,12.09,3.82,6.37,785.0,753.0,,
2020-06-21,2020,3.69,-41.44,-3.06,13.69,3.98,4.01,792.0,763.8,,
2020-06-28,2020,2.66,-14.63,10.03,10.65,-3.2,0.88,779.0,758.8,,
2020-07-05,2020,1.27,-39.59,-6.53,12.31,-0.36,3.53,780.0,770.2,,
2020-07-12,2020,10.47,-18.38,-5.52,19.92,13.18,13.46,838.0,758.6,,
2020-07-19,2020,10.41,-46.26,6.08,31.09,7.29,9.0,836.0,757.2,,
2020-07-26,2020,3.42,-27.89,1.26,13.66,0.46,4.18,817.0,790.0,,
2020-08-02,2020,22.52,-9.19,8.61,27.72,24.63,26.74,938.0,765.6,,
2020-08-09,2020,9.47,-21.93,4.81,17.58,4.07,13.32,858.0,783.8,,
2020-08-16,2020,23.14,-34.02,27.26,17.35,14.45,33.05,944.0,766.6,,
2020-08-23,2020,17.72,-6.86,10.95,41.49,20.92,9.39,913.0,775.6,,
2020-08-30,2020,15.52,-20.27,4.06,27.55,13.77,18.42,899.0,778.2,,
2020-09-06,2020,16.68,-50.39,5.75,31.45,16.63,18.64,897.0,768.8,,
2020-09-13,2020,26.34,-59.52,28.8,41.33,23.65,25.72,963.0,762.2,,
2020-09-20,2020,30.02,11.16,10.36,42.59,28.56,35.29,1004.0,772.2,,
2020-09-27,2020,31.44,-7.1,7.43,58.06,31.79,31.88,1026.0,780.6,,
2020-10-04,2020,28.63,-31.14,-1.0,47.58,34.68,32.2,1011.0,786.0,,
2020-10-11,2020,39.6,-21.34,27.26,65.79,37.53,38.79,1114.0,798.0,,
2020-10-18,2020,31.39,-60.01,-4.96,48.62,35.73,41.49,1080.0,822.0,,
2020-10-25,2020,27.93,-8.37,22.16,28.09,24.16,34.8,1047.0,818.4,,
2020-11-01,2020,12.1,-20.44,13.55,23.75,11.02,8.42,932.0,831.4,,
2020-11-08,2020,8.49,-45.97,3.79,7.37,5.11,16.15,905.0,834.2,,
2020-11-15,2020,-4.5,-5.52,-6.47,15.62,-10.39,-7.95,814.0,852.4,,
2020-11-22,2020,11.06,-4.42,8.11,25.38,8.05,9.05,930.0,837.4,,
2020-11-29,2020,3.49,-13.41,2.11,24.25,0.01,-1.26,930.0,898.6,,
2020-12-06,2020,7.02,-35.53,-4.86,13.63,6.93,11.11,927.0,866.2,,
2020-12-13,2020,2.77,5.93,-3.96,15.58,-1.39,2.92,966.0,940.0,,
2020-12-20,2020,7.86,-45.35,8.9,33.03,5.69,1.23,1007.0,933.6,0.08,0.0
2020-12-27,2020,4.29,-47.82,-13.42,16.5,4.34,9.66,1016.0,974.2,4.12,0.0
2021-01-03,2021,16.71,-13.91,10.76,32.78,14.4,15.87,1137.0,974.2,13.6,0.0
2021-01-10,2021,19.83,-46.7,10.69,35.49,16.82,21.97,1212.0,,20.43,0.06
2021-01-17,2021,19.9,-42.55,6.25,32.9,17.37,24.52,1264.0,,23.42,3.53
2021-01-24,2021,23.67,-51.31,5.78,46.4,24.75,23.61,1278.0,,28.05,12.33
2021-01-31,2021,23.71,-11.53,21.87,34.61,19.36,24.48,1298.0,,32.93,19.62
2021-02-07,2021,18.66,-24.25,16.99,42.76,12.62,15.55,1253.0,,37.11,22.75
2021-02-14,2021,12.36,-3.74,11.24,42.17,10.82,2.99,1182.0,,41.54,27.14
2021-02-21,2021,10.27,-15.94,6.86,23.23,7.95,8.88,1089.0,,46.27,31.95
2021-02-28,2021,2.7,-36.05,16.51,16.18,-3.86,-2.46,1011.0,,50.08,36.06
2021-03-07,2021,2.71,-21.92,13.83,21.48,-1.24,-5.48,987.0,,52.49,40.41
2021-03-14,2021,10.85,-32.47,-3.12,22.35,11.55,13.06,1042.0,,53.98,44.83
2021-03-21,2021,15.29,96.07,10.54,16.87,11.54,16.28,1063.0,,55.02,48.55
2021-03-28,2021,15.64,-8.43,6.8,29.52,12.59,16.41,998.0,,55.51,50.16
2021-04-04,2021,3.71,-16.96,-7.46,29.41,2.54,-0.68,922.0,,55.98,51.47
2021-04-11,2021,16.25,-4.08,7.79,33.3,14.55,14.62,1010.0,,56.54,52.47
2021-04-18,2021,11.03,20.34,10.17,24.23,4.28,10.1,928.0,,56.86,52.9
2021-04-25,2021,6.23,30.12,13.08,14.3,-2.82,5.09,876.0,,57.21,53.33
2021-05-02,2021,5.02,16.5,9.42,4.69,-1.02,6.75,895.0,,57.47,53.74
2021-05-09,2021,5.42,-1.73,8.54,16.44,0.87,2.89,860.0,,57.67,54.01
2021-05-16,2021,10.99,32.8,9.62,14.08,4.86,13.36,907.0,,57.79,54.21
2021-05-23,2021,9.71,10.44,0.47,24.26,8.54,8.47,879.0,,57.9,54.42
2021-05-30,2021,5.03,25.92,-4.32,8.8,3.88,7.41,839.0,,58.01,54.58
2021-06-06,2021,1.27,-37.93,-11.96,8.79,-0.34,7.42,798.0,,58.13,54.68
2021-06-13,2021,1.39,-9.37,-6.03,20.49,-1.25,-1.22,785.0,,58.34,54.75
2021-06-20,2021,7.17,32.21,20.77,10.15,0.65,3.1,807.0,,58.52,54.82
2021-06-27,2021,13.51,63.2,-2.77,6.83,11.3,23.81,867.0,,59.13,54.93
2021-07-04,2021,10.83,7.89,15.1,24.13,6.71,6.24,841.0,,60.14,55.13
2021-07-11,2021,8.67,-23.89,3.4,8.36,2.72,17.59,837.0,,61.04,55.31
2021-07-18,2021,-1.13,4.6,-16.42,10.31,-3.05,2.09,750.0,,61.2,55.76
2021-07-25,2021,19.26,-18.77,-9.84,25.49,24.86,28.58,903.0,,61.39,56.54
2021-08-01,2021,12.66,-33.97,-1.64,31.47,14.29,13.2,890.0,,61.67,57.3
2021-08-08,2021,23.82,-18.31,10.84,21.5,23.82,33.11,948.0,,61.91,57.5
2021-08-15,2021,30.26,-2.99,8.94,35.83,31.35,38.19,1021.0,,62.3,57.71
2021-08-22,2021,36.32,-30.04,8.85,32.8,37.47,53.14,1045.0,,62.85,58.02
2021-08-29,2021,35.12,34.64,24.51,40.67,31.7,39.99,1048.0,,63.49,58.32
2021-09-05,2021,39.17,38.1,22.41,71.88,36.97,34.56,1083.0,,64.08,58.74
2021-09-12,2021,29.03,23.71,19.83,43.85,26.52,28.69,992.0,,64.33,59.09
2021-09-19,2021,35.66,-31.83,28.05,63.16,33.81,32.6,1034.0,,64.59,59.51
2021-09-26,2021,23.67,29.51,27.86,22.75,14.9,28.1,955.0,,64.85,59.86
2021-10-03,2021,22.98,26.88,25.75,39.79,15.31,19.7,960.0,,65.34,60.24
2021-10-10,2021,22.39,42.59,15.61,30.28,19.0,23.39,962.0,,65.79,60.53
2021-10-17,2021,15.54,27.91,10.74,37.19,8.69,12.54,922.0,,66.01,60.71
2021-10-24,2021,18.86,-27.83,26.47,40.47,13.44,11.91,977.0,,66.17,60.85
2021-10-31,2021,8.14,-37.93,-1.15,14.89,4.63,13.92,885.0,,66.31,61.0
2021-11-07,2021,9.21,-45.89,-2.56,21.41,13.41,9.15,908.0,,66.42,61.13
2021-11-14,2021,13.4,-30.19,8.34,18.72,9.96,17.84,946.0,,66.51,61.23
2021-11-21,2021,0.77,-18.31,-0.89,15.28,-4.17,-0.26,859.0,,66.59,61.32
2021-11-28,2021,0.67,-9.59,-8.82,8.36,-2.02,3.86,843.0,,67.12,61.42
2021-12-05,2021,-0.4,27.04,-16.04,6.63,-2.52,3.53,895.0,,67.69,61.49
2021-12-12,2021,11.87,75.38,4.09,20.69,9.94,9.95,969.0,,68.06,61.57
2021-12-19,2021,9.04,-14.39,-5.61,14.81,6.53,15.72,1025.0,,68.53,62.0
2021-12-26,2021,8.08,-31.06,1.02,19.98,5.29,9.72,1009.0,,69.15,62.55
2022-01-02,2022,13.32,-34.35,4.53,18.23,11.4,19.11,1104.0,,69.78,62.98
2022-01-09,2022,5.7,-6.92,-2.26,9.04,1.91,10.73,1069.0,,70.35,63.4
2022-01-16,2022,15.06,2.7,4.27,18.49,11.75,20.71,1213.0,,70.76,63.94
2022-01-23,2022,34.99,-11.24,21.97,27.96,28.38,49.32,1395.0,,70.88,64.34
2022-01-30,2022,41.92,-14.94,22.51,50.96,39.22,49.95,1489.0,,70.93,64.61
2022-02-06,2022,48.96,-18.3,15.36,43.37,50.12,66.81,1573.0,,70.95,64.76
2022-02-13,2022,38.78,-37.76,4.88,43.38,40.01,52.06,1460.0,,70.97,64.83
2022-02-20,2022,30.52,5.06,29.69,42.54,26.57,29.64,1289.0,,70.98,64.87
2022-02-27,2022,21.39,-19.0,16.24,21.34,19.78,26.43,1195.0,,70.99,64.9
2022-03-06,2022,15.09,25.1,0.05,22.31,13.07,18.85,1106.0,,71.0,64.91
2022-03-13,2022,8.72,74.82,5.17,17.76,-0.07,9.86,1022.0,,71.0,64.93
2022-03-20,2022,11.71,-15.94,8.13,14.56,7.87,15.71,1030.0,,71.01,64.94
2022-03-27,2022,17.96,39.74,11.46,20.37,12.32,22.73,1018.0,,71.02,64.96
2022-04-03,2022,27.56,42.65,9.37,34.55,25.79,32.57,1134.0,,71.03,64.97
2022-04-10,2022,22.47,-32.08,6.03,28.87,18.88,31.3,1064.0,,71.03,64.99
2022-04-17,2022,6.72,-32.49,-1.52,18.54,5.82,7.8,892.0,,71.04,65.0
2022-04-24,2022,12.18,-2.37,-0.26,9.13,11.01,20.29,925.0,,71.04,65.0
2022-05-01,2022,8.89,1.4,-9.61,20.83,9.19,12.14,928.0,,71.05,65.02
2022-05-08,2022,14.86,-45.68,15.97,21.94,9.05,18.45,937.0,,71.05,65.02
2022-05-15,2022,6.46,2.56,1.99,11.28,4.05,8.13,870.0,,71.06,65.03
2022-05-22,2022,5.97,6.95,-5.29,12.32,5.8,8.42,849.0,,71.06,65.04
2022-05-29,2022,10.54,39.31,14.15,11.87,2.52,12.8,883.0,,71.06,65.05
2022-06-05,2022,7.11,21.46,-4.9,12.19,1.63,13.85,844.0,,71.07,65.05
2022-06-12,2022,12.24,1.72,7.01,26.11,9.54,10.96,869.0,,71.07,65.06
2022-06-19,2022,14.87,15.42,10.79,23.38,11.93,14.91,865.0,,71.08,65.07
2022-06-26,2022,9.45,29.82,-5.44,10.67,11.41,13.7,836.0,,71.08,65.08
2022-07-03,2022,21.51,-5.15,0.84,18.17,23.71,31.68,922.0,,71.09,65.09
2022-07-10,2022,25.16,-26.51,12.49,20.73,25.46,36.17,964.0,,71.09,65.1
2022-07-17,2022,22.33,12.53,-2.88,30.18,23.45,30.28,928.0,,71.1,65.11
2022-07-24,2022,24.41,-46.43,-5.97,20.69,28.15,41.98,942.0,,71.1,65.11
2022-07-31,2022,24.3,-25.78,-4.4,36.48,25.5,34.94,982.0,,71.1,65.12
2022-08-07,2022,17.42,-8.18,-0.12,18.28,19.77,24.74,899.0,,71.11,65.13
2022-08-14,2022,17.25,-15.9,9.5,26.08,15.03,20.04,919.0,,71.11,65.13
2022-08-21,2022,14.53,-0.84,5.83,5.79,12.37,24.97,878.0,,71.12,65.14
2022-08-28,2022,14.11,41.8,-8.64,14.75,13.33,23.57,885.0,,71.12,65.14
2022-09-04,2022,10.64,24.59,6.89,25.89,9.32,6.2,861.0,,71.12,65.15
2022-09-11,2022,11.47,6.3,-0.76,24.79,6.65,14.87,857.0,,71.12,65.15
2022-09-18,2022,10.73,4.96,-10.35,26.82,13.67,11.62,844.0,,71.13,65.15
2022-09-25,2022,10.46,2.47,1.66,18.31,7.44,13.48,853.0,,71.13,65.16
2022-10-02,2022,15.94,-6.57,-1.28,18.2,16.23,23.23,905.0,,71.13,65.16
2022-10-09,2022,17.56,12.53,0.17,17.96,18.79,24.81,924.0,,71.13,65.16
2022-10-16,2022,8.77,-16.58,7.41,26.41,5.67,5.53,868.0,,71.13,65.16
2022-10-23,2022,8.15,-34.11,-6.9,15.57,7.8,14.02,889.0,,71.13,65.16
2022-10-30,2022,8.5,1.25,4.36,17.96,5.28,8.77,888.0,,71.13,65.17
2022-11-06,2022,6.09,-22.24,-13.78,5.43,10.14,14.57,882.0,,71.13,65.17
2022-11-13,2022,8.13,-29.61,-0.13,15.24,6.68,11.43,902.0,,71.14,65.17
2022-11-20,2022,2.77,-15.57,5.45,16.62,-1.64,-0.26,876.0,,71.14,65.17
2022-11-27,2022,11.18,-37.67,20.82,16.38,5.2,11.37,931.0,,71.14,65.17
2022-12-04,2022,4.83,-6.17,-13.78,9.97,5.1,11.0,942.0,,71.14,65.17
2022-12-11,2022,9.79,-0.82,-15.54,20.71,13.75,13.58,951.0,,71.14,65.17
2022-12-18,2022,13.62,-14.56,11.52,26.16,10.22,13.01,1068.0,,71.14,65.17
2022-12-25,2022,9.47,-9.3,5.08,18.86,7.52,9.55,1022.0,,71.14,65.17
2023-01-01,2023,4.8,-29.83,-4.8,11.91,2.71,9.35,1021.0,,71.14,65.18
2023-01-08,2023,9.06,-1.85,-10.62,15.79,8.87,14.59,1103.0,,71.14,65.18
2023-01-15,2023,-0.78,-7.57,-12.05,6.6,-0.9,0.98,1046.0,,71.14,65.18
2023-01-22,2023,3.44,-48.5,-13.89,2.17,3.25,12.86,1069.0,,71.14,65.18
2023-01-29,2023,7.8,16.0,4.86,16.09,5.81,6.58,1131.0,,71.15,65.18
2023-02-05,2023,-3.5,-50.57,-6.77,-2.78,-8.05,2.7,1019.0,,71.15,65.18
2023-02-12,2023,0.38,19.67,-10.32,1.29,-3.72,6.26,1056.0,,71.15,65.18
2023-02-19,2023,8.85,-27.48,-7.43,12.59,10.59,13.81,1075.0,,71.15,65.18
2023-02-26,2023,7.38,14.35,6.03,0.12,2.49,14.33,1057.0,,71.15,65.18
2023-03-05,2023,12.7,20.49,7.03,18.62,11.07,13.24,1083.0,,71.15,65.18
2023-03-12,2023,5.96,-3.97,-15.49,12.6,6.32,12.21,996.0,,71.15,65.19
2023-03-19,2023,9.87,23.37,-7.47,9.62,10.88,16.29,1013.0,,71.15,65.19
2023-03-26,2023,16.8,-6.43,-0.72,20.88,14.09,25.58,1008.0,,71.15,65.19
2023-04-02,2023,1.35,-31.56,-2.5,12.92,0.65,-0.03,901.0,,71.15,65.19
2023-04-09,2023,14.53,11.33,-2.84,12.9,13.6,23.25,995.0,,71.15,65.19
2023-04-16,2023,14.86,-17.01,4.07,26.45,16.41,15.06,960.0,,71.15,65.19
2023-04-23,2023,14.84,16.64,1.49,13.65,12.78,22.5,947.0,,71.15,65.19
2023-04-30,2023,6.43,1.88,5.49,9.92,3.12,7.87,907.0,,71.15,65.19
2023-05-07,2023,7.26,-21.47,4.89,14.92,2.39,9.81,875.0,,,
2023-05-14,2023,12.82,24.32,7.98,9.54,10.83,17.18,922.0,,,
2023-05-21,2023,13.08,-10.67,-5.01,34.19,17.8,10.45,906.0,,,
2023-05-28,2023,16.05,25.44,6.33,16.91,12.72,21.93,927.0,,,
2023-06-04,2023,14.34,17.43,10.32,24.04,11.93,13.44,901.0,,,
2023-06-11,2023,5.79,6.37,-2.21,10.46,2.82,9.45,819.0,,,
2023-06-18,2023,3.05,-22.7,-5.89,4.43,1.08,9.1,776.0,,,
2023-06-25,2023,11.81,18.32,2.52,20.43,9.4,13.55,854.0,,,
2023-07-02,2023,7.41,34.83,9.96,17.15,2.92,3.88,815.0,,,
2023-07-09,2023,7.89,-15.9,5.46,13.93,3.26,11.05,831.0,,,
2023-07-16,2023,3.74,-13.65,-9.33,11.28,2.75,8.15,787.0,,,
2023-07-23,2023,6.58,8.29,-8.68,14.83,6.16,10.32,807.0,,,
2023-07-30,2023,-3.29,-41.93,-11.45,-10.61,-3.64,6.55,764.0,,,
2023-08-06,2023,14.03,3.31,0.45,13.69,15.58,19.81,873.0,,,
2023-08-13,2023,14.44,-2.72,6.87,15.74,14.74,17.91,897.0,,,
2023-08-20,2023,10.23,-25.56,-0.45,-0.84,9.87,22.4,845.0,,,
2023-08-27,2023,5.34,23.37,-9.76,7.83,7.51,8.87,817.0,,,
2023-09-03,2023,8.46,17.34,4.68,16.84,5.24,8.46,844.0,,,
2023-09-10,2023,12.51,10.63,7.13,11.24,8.22,18.77,865.0,,,
2023-09-17,2023,11.52,-59.02,11.47,26.0,13.39,8.19,850.0,,,
2023-09-24,2023,18.1,42.3,0.39,28.16,20.22,18.93,912.0,,,
2023-10-01,2023,16.06,15.61,0.74,18.15,14.06,23.21,906.0,,,
2023-10-08,2023,150.25,645.46,630.12,67.37,33.51,24.69,1967.0,,,
2023-10-15,2023,17.67,3.74,36.06,24.83,7.84,14.4,939.0,,,
2023-10-22,2023,14.96,0.05,10.45,13.95,8.66,22.9,945.0,,,
2023-10-29,2023,15.59,1.1,21.69,21.61,10.6,14.44,946.0,,,
2023-11-05,2023,5.85,9.88,2.19,-1.06,6.66,9.98,880.0,,,
2023-11-12,2023,4.17,10.47,21.1,9.57,0.45,-3.3,869.0,,,
2023-11-19,2023,1.36,-16.42,-0.45,9.88,-0.96,0.99,864.0,,,
2023-11-26,2023,2.58,-27.07,-0.71,3.85,0.3,6.51,859.0,,,
2023-12-03,2023,4.38,5.12,-7.07,9.8,2.3,8.44,938.0,,,
2023-12-10,2023,16.83,33.1,16.59,18.08,14.96,16.98,1012.0,,,
2023-12-17,2023,4.15,-6.82,14.99,9.43,-3.68,3.43,979.0,,,
2023-12-24,2023,10.75,67.93,22.15,6.06,5.8,8.92,1034.0,,,
2023-12-31,2023,8.91,-5.27,-3.08,20.9,10.2,8.86,1061.0,,,
2024-01-07,2024,5.7,-44.63,-12.09,5.12,6.15,15.23,1069.0,,,
2024-01-14,2024,6.05,-30.41,-3.25,-2.24,4.03,16.03,1118.0,,,
2024-01-21,2024,5.28,-16.97,13.1,7.56,0.85,5.52,1088.0,,,
2024-01-28,2024,12.47,-7.04,16.47,19.85,9.55,10.77,1180.0,,,
2024-02-04,2024,14.68,-36.51,3.48,22.88,13.29,19.01,1211.0,,,
2024-02-11,2024,17.02,-1.22,-2.05,27.06,19.16,19.82,1231.0,,,
2024-02-18,2024,28.9,34.16,7.52,31.24,28.52,36.15,1273.0,,,
2024-02-25,2024,20.89,6.22,-0.5,15.51,19.52,33.46,1190.0,,,
2024-03-03,2024,26.64,18.0,22.73,38.76,21.38,27.17,1217.0,,,
2024-03-10,2024,27.02,-16.26,14.27,23.61,23.11,38.28,1194.0,,,
2024-03-17,2024,19.52,35.09,-14.16,16.62,22.58,32.68,1102.0,,,
2024-03-24,2024,22.36,55.29,9.93,25.87,23.58,23.87,1056.0,,,
2024-03-31,2024,14.62,26.29,7.15,16.34,9.4,20.02,1019.0,,,
2024-04-07,2024,10.96,-31.51,-8.51,18.33,10.02,18.35,964.0,,,
2024-04-14,2024,16.18,-33.5,11.15,30.37,16.4,14.67,971.0,,,
2024-04-21,2024,7.32,-21.82,-11.04,1.76,8.5,18.06,885.0,,,
2024-04-28,2024,10.19,-21.6,2.52,13.15,10.33,14.01,939.0,,,
2024-05-05,2024,6.52,-20.93,14.74,14.17,2.91,3.67,869.0,,,
2024-05-12,2024,4.38,5.43,2.17,15.51,2.0,1.94,853.0,,,
2024-05-19,2024,3.59,-39.31,-4.71,1.95,3.13,10.78,830.0,,,
2024-05-26,2024,11.54,-6.36,6.61,10.55,9.34,16.52,891.0,,,
2024-06-02,2024,8.5,-1.31,-3.91,18.19,9.79,9.72,855.0,,,
2024-06-09,2024,16.38,43.67,14.27,25.67,12.85,14.43,901.0,,,
2024-06-16,2024,17.4,10.37,22.63,11.23,12.61,21.53,884.0,,,
2024-06-23,2024,15.87,22.4,9.59,15.59,15.28,19.13,885.0,,,
2024-06-30,2024,14.52,15.25,10.45,23.41,10.94,14.9,869.0,,,
2024-07-07,2024,,,,,,,,,,
2024-07-14,2024,,,,,,,,,,
2024-07-21,2024,,,,,,,,,,
2024-07-28,2024,,,,,,,,,,
2024-08-04,2024,,,,,,,,,,
2024-08-11,2024,,,,,,,,,,
2024-08-18,2024,,,,,,,,,,
2024-08-25,2024,,,,,,,,,,
2024-09-01,2024,,,,,,,,,,
2024-09-08,2024,,,,,,,,,,
2024-09-15,2024,,,,,,,,,,
2024-09-22,2024,,,,,,,,,,
2024-09-29,2024,,,,,,,,,,
2024-10-06,2024,,,,,,,,,,
2024-10-13,2024,,,,,,,,,,
2024-10-20,2024,,,,,,,,,,
2024-10-27,2024,,,,,,,,,,
2024-11-03,2024,,,,,,,,,,
2024-11-10,2024,,,,,,,,,,
2024-11-17,2024,,,,,,,,,,
2024-11-24,2024,,,,,,,,,,
2024-12-01,2024,,,,,,,,,,
2024-12-08,2024,,,,,,,,,,
2024-12-15,2024,,,,,,,,,,
2024-12-22,2024,,,,,,,,,,
2024-12-29,2024,,,,,,,,,,
