סמל ישוב,שם ישוב,בעלי זכות בחירה 25,הצבעה 19,הצבעה 20,הצבעה 21,ממוצע 19-21,תנודתיות 19-21,אחוז פסולים 21,גודל יישוב,שינוי 24 ל-25,המטרה: ההצבעה עלתה
7,שחר,530,71.69,73.75,71.9,72.45,0.93,0.0,"קטן (עד 2,000)",5.57,1
10,תירוש,336,66.11,71.24,71.17,69.51,2.4,0.84,"קטן (עד 2,000)",11.39,1
11,ניר חן,445,68.9,72.98,71.71,71.2,1.71,0.35,"קטן (עד 2,000)",-0.48,0
13,חצבה,566,75.7,76.37,80.28,77.45,2.02,0.0,"קטן (עד 2,000)",0.29,1
15,נועם,316,68.37,76.67,71.85,72.3,3.4,0.92,"קטן (עד 2,000)",10.77,1
16,בית ניר,488,82.23,80.9,77.16,80.1,2.15,0.0,"קטן (עד 2,000)",-0.72,0
18,שדה משה,405,76.58,78.68,76.88,77.38,0.93,1.31,"קטן (עד 2,000)",3.88,1
21,באר אורה,732,81.18,84.13,75.64,80.32,3.52,0.48,"קטן (עד 2,000)",-4.64,0
22,מקווה ישראל,157,67.66,69.23,67.11,68.0,0.9,0.0,"קטן (עד 2,000)",-1.17,0
23,אמציה,149,80.65,79.62,73.64,77.97,3.09,0.62,"קטן (עד 2,000)",4.61,1
24,לכיש,631,82.53,83.1,82.0,82.54,0.45,0.0,"קטן (עד 2,000)",-0.53,0
26,ראש פינה,2531,73.76,74.65,73.42,73.94,0.52,0.06,"בינוני (2,000-20,000)",-0.12,0
27,שדות מיכה,275,64.89,73.41,73.41,70.57,4.02,0.51,"קטן (עד 2,000)",6.76,1
28,מזכרת בתיה,11313,75.17,79.75,78.14,77.69,1.89,0.28,"בינוני (2,000-20,000)",0.38,1
29,יסוד המעלה,1348,73.6,76.45,73.66,74.57,1.33,0.22,"קטן (עד 2,000)",-4.16,0
31,אופקים,23916,59.24,66.81,65.5,63.85,3.3,1.15,"גדול (20,000+)",7.64,1
32,עוצם,463,75.97,81.57,76.53,78.02,2.52,0.61,"קטן (עד 2,000)",5.15,1
33,בת שלמה,439,78.55,81.36,82.87,80.93,1.79,0.84,"קטן (עד 2,000)",-6.97,0
35,גדות,377,64.77,68.45,66.31,66.51,1.51,0.81,"קטן (עד 2,000)",0.46,1
36,שדה דוד,449,63.75,68.81,75.7,69.42,4.89,0.0,"קטן (עד 2,000)",9.15,1
37,איתן,380,73.36,82.26,77.23,77.62,3.64,0.37,"קטן (עד 2,000)",8.6,1
39,גפן,270,73.09,78.17,73.62,74.96,2.28,1.07,"קטן (עד 2,000)",5.93,1
41,אליכין,2663,73.55,79.5,76.26,76.44,2.43,0.8,"בינוני (2,000-20,000)",1.96,1
43,מטולה,1511,65.42,66.0,65.28,65.57,0.31,0.22,"קטן (עד 2,000)",-4.45,0
44,זוהר,253,69.78,73.53,76.4,73.24,2.71,0.49,"קטן (עד 2,000)",1.77,1
46,יבנאל,2709,72.96,75.74,67.29,72.0,3.52,0.36,"בינוני (2,000-20,000)",4.19,1
47,כפר תבור,3529,73.56,75.3,75.02,74.62,0.76,0.36,"בינוני (2,000-20,000)",-0.74,0
48,מנחמיה,948,63.41,67.99,65.91,65.77,1.87,0.65,"קטן (עד 2,000)",4.76,1
49,אילניה,459,68.55,70.82,69.63,69.67,0.93,0.31,"קטן (עד 2,000)",-3.34,0
52,לוזית,507,71.53,77.75,73.8,74.36,2.57,0.62,"קטן (עד 2,000)",8.42,1
53,עתלית,6940,66.73,70.94,71.81,69.83,2.21,0.63,"בינוני (2,000-20,000)",2.19,1
55,נוגה,435,61.39,73.16,71.68,68.74,5.23,0.0,"קטן (עד 2,000)",8.14,1
57,כנרת קבוצה,657,67.05,69.35,66.61,67.67,1.2,0.24,"קטן (עד 2,000)",-2.55,0
58,מצפה,113,77.21,79.53,78.03,78.25,0.96,0.0,"קטן (עד 2,000)",3.19,1
59,נחושה,890,86.74,83.11,82.49,84.12,1.88,0.17,"קטן (עד 2,000)",-2.98,0
62,דגניה א,525,67.66,70.23,71.26,69.72,1.51,0.0,"קטן (עד 2,000)",-3.59,0
63,כנרת מושבה,558,70.38,75.42,73.13,72.98,2.06,0.52,"קטן (עד 2,000)",-1.05,0
64,יד רמבם,878,73.03,78.36,75.66,75.68,2.18,0.32,"קטן (עד 2,000)",3.87,1
65,מגדל,1469,62.51,67.61,67.29,65.8,2.33,0.11,"קטן (עד 2,000)",3.93,1
66,מרחביה קיבוץ,950,75.47,75.42,73.2,74.7,1.06,0.15,"קטן (עד 2,000)",-1.69,0
67,אור הנר,630,76.95,77.89,81.76,78.87,2.08,0.0,"קטן (עד 2,000)",-0.93,0
69,ניר עוז,329,75.52,78.2,75.08,76.26,1.38,0.0,"קטן (עד 2,000)",0.36,1
70,אשדוד,181784,62.98,67.66,66.14,65.59,1.95,0.94,"גדול (20,000+)",2.77,1
71,אשבול,434,71.05,73.46,78.62,74.38,3.16,0.31,"קטן (עד 2,000)",4.32,1
72,גן שמואל,872,76.22,79.04,77.15,77.47,1.17,0.15,"קטן (עד 2,000)",-1.49,0
74,עין הוד,518,70.94,74.56,74.4,73.3,1.67,0.0,"קטן (עד 2,000)",-5.38,0
76,כפר גלעדי,591,65.86,67.16,63.7,65.57,1.42,0.0,"קטן (עד 2,000)",-1.38,0
77,איילת השחר,826,72.12,72.87,73.28,72.75,0.48,0.17,"קטן (עד 2,000)",0.58,1
78,קרית ענבים,333,76.36,78.16,72.37,75.63,2.42,0.0,"קטן (עד 2,000)",-2.47,0
79,דגניה ב,591,75.1,77.38,78.17,76.88,1.3,0.47,"קטן (עד 2,000)",-2.96,0
80,נהלל,836,75.99,77.93,76.14,76.69,0.88,0.73,"קטן (עד 2,000)",-2.15,0
82,עין חרוד מאוחד,694,70.61,71.43,72.21,71.41,0.65,0.61,"קטן (עד 2,000)",-3.52,0
84,תל יוסף,390,73.53,77.75,77.36,76.21,1.9,0.0,"קטן (עד 2,000)",-3.26,0
85,כפר יחזקאל,763,79.63,82.71,81.74,81.36,1.29,0.17,"קטן (עד 2,000)",-1.2,0
86,גבע,514,75.5,75.83,71.95,74.42,1.76,0.0,"קטן (עד 2,000)",-4.8,0
89,עין חרוד איחוד,506,76.27,77.55,75.76,76.53,0.75,0.5,"קטן (עד 2,000)",-2.13,0
90,חפציבה,587,72.55,73.56,74.2,73.44,0.68,0.24,"קטן (עד 2,000)",-3.03,0
92,גיניגר,555,73.33,71.27,70.99,71.86,1.04,0.0,"קטן (עד 2,000)",-4.47,0
94,בלפוריה,413,75.91,80.0,82.23,79.38,2.62,0.0,"קטן (עד 2,000)",-1.09,0
95,בית אלפא,724,71.15,73.66,72.27,72.36,1.03,0.47,"קטן (עד 2,000)",0.14,1
96,יגור,1401,69.75,70.62,69.51,69.96,0.48,0.11,"קטן (עד 2,000)",-2.71,0
97,מרחביה מושב,603,76.75,78.73,75.99,77.16,1.15,0.24,"קטן (עד 2,000)",-0.86,0
98,כפר מלל,273,80.65,82.99,81.44,81.69,0.97,0.0,"קטן (עד 2,000)",-2.72,0
99,מצפה רמון,3739,58.71,60.94,57.77,59.14,1.33,0.99,"בינוני (2,000-20,000)",2.68,1
102,מאיר שפיה,128,52.53,53.26,50.94,52.24,0.97,0.0,"קטן (עד 2,000)",-7.47,0
103,תל עדשים,898,76.66,81.73,80.43,79.61,2.15,0.3,"קטן (עד 2,000)",-4.87,0
104,מזרע,701,73.21,72.82,73.53,73.19,0.29,0.0,"קטן (עד 2,000)",-2.16,0
106,כפר גדעון,211,73.08,77.84,80.22,77.05,2.97,0.68,"קטן (עד 2,000)",-0.87,0
107,כפר סילבר,85,56.0,56.04,40.96,51.0,7.1,0.0,"קטן (עד 2,000)",-8.92,0
112,כפר חסידים א,538,79.04,78.44,76.26,77.92,1.19,0.0,"קטן (עד 2,000)",-3.94,0
113,אדירים,235,82.45,77.99,76.09,78.84,2.67,0.0,"קטן (עד 2,000)",-1.6,0
115,חופית,788,76.69,78.52,71.8,75.67,2.84,0.0,"קטן (עד 2,000)",-2.49,0
122,רמת ישי,6016,76.04,77.54,75.7,76.43,0.8,0.35,"בינוני (2,000-20,000)",-0.95,0
126,שריד,772,71.75,73.04,72.7,72.5,0.55,0.18,"קטן (עד 2,000)",-0.85,0
127,רמת רחל,359,76.88,80.43,79.55,78.95,1.51,0.0,"קטן (עד 2,000)",-2.07,0
128,גת רימון,192,73.44,77.95,74.11,75.17,1.99,0.0,"קטן (עד 2,000)",-2.63,0
130,משמר העמק,939,76.29,74.45,76.33,75.69,0.88,0.14,"קטן (עד 2,000)",-0.86,0
132,כפר ברוך,436,78.84,78.35,79.28,78.83,0.38,0.0,"קטן (עד 2,000)",1.8,1
133,גבת,702,81.06,83.85,81.2,82.04,1.28,0.18,"קטן (עד 2,000)",0.62,1
134,יפעת,858,75.29,77.53,74.17,75.66,1.4,0.5,"קטן (עד 2,000)",0.61,1
135,רמת דוד,404,89.52,77.52,80.46,82.5,5.11,0.71,"קטן (עד 2,000)",-2.37,0
139,עין שמר,646,73.18,74.49,75.17,74.28,0.83,0.92,"קטן (עד 2,000)",-0.38,0
140,כפר יהושע,900,82.18,83.03,80.34,81.85,1.12,0.0,"קטן (עד 2,000)",-0.13,0
141,ברק,297,69.97,72.35,71.76,71.36,1.01,0.0,"קטן (עד 2,000)",7.84,1
142,שדה יעקב,671,85.47,84.16,82.08,83.91,1.39,0.0,"קטן (עד 2,000)",0.21,1
143,בית זרע,629,72.76,69.79,62.4,68.32,4.36,0.26,"קטן (עד 2,000)",2.07,1
144,גן שלמה,413,76.49,80.21,83.12,79.94,2.72,0.3,"קטן (עד 2,000)",-2.66,0
145,גדיש,283,67.86,76.06,70.55,71.49,3.42,0.0,"קטן (עד 2,000)",3.68,1
146,דבורה,226,71.93,74.43,70.0,72.12,1.81,0.0,"קטן (עד 2,000)",-3.2,0
147,גבעת ברנר,1923,75.82,75.69,75.03,75.51,0.35,0.07,"קטן (עד 2,000)",-1.37,0
154,תל מונד,10458,74.29,77.76,76.62,76.22,1.44,0.35,"בינוני (2,000-20,000)",1.04,1
155,באר טוביה,849,83.93,81.85,80.99,82.26,1.24,0.16,"קטן (עד 2,000)",-1.26,0
156,עיינות,146,70.13,59.09,48.62,59.28,8.78,0.0,"קטן (עד 2,000)",-1.05,0
157,עין ורד,1157,83.45,83.83,81.27,82.85,1.13,0.11,"קטן (עד 2,000)",-4.49,0
158,נען,1351,76.08,75.35,76.89,76.11,0.63,0.4,"קטן (עד 2,000)",-1.4,0
159,בית חנן,508,78.2,81.23,78.85,79.42,1.3,0.24,"קטן (עד 2,000)",-3.46,0
160,חולדה,712,73.73,83.88,84.48,80.7,4.93,0.0,"קטן (עד 2,000)",-4.58,0
162,חירות,963,83.91,84.52,82.35,83.59,0.91,0.13,"קטן (עד 2,000)",-3.14,0
163,תימורים,636,77.78,77.63,78.64,78.02,0.45,0.0,"קטן (עד 2,000)",0.25,1
164,מלאה,277,83.4,78.2,81.16,80.92,2.13,0.0,"קטן (עד 2,000)",-1.81,0
165,ניר יפה,461,73.0,81.0,74.63,76.21,3.45,0.33,"קטן (עד 2,000)",1.12,1
166,גן יבנה,17348,73.57,77.18,75.63,75.46,1.48,0.46,"בינוני (2,000-20,000)",2.07,1
167,עין החורש,720,78.62,80.97,81.9,80.49,1.38,0.18,"קטן (עד 2,000)",-0.53,0
168,כפר יונה,19357,71.92,76.58,74.0,74.16,1.91,0.66,"בינוני (2,000-20,000)",2.3,1
170,כפר יעבץ,477,78.59,81.21,78.96,79.59,1.16,0.0,"קטן (עד 2,000)",-3.44,0
171,פרדסיה,5739,75.6,78.31,77.29,77.07,1.12,0.31,"בינוני (2,000-20,000)",0.7,1
173,גבעת חיים מאוחד,917,77.52,79.15,76.75,77.81,1.0,0.44,"קטן (עד 2,000)",-2.05,0
174,נטעים,592,80.69,80.34,77.05,79.36,1.64,0.24,"קטן (עד 2,000)",-1.28,0
175,אביחיל,987,76.16,77.45,76.65,76.75,0.53,0.13,"קטן (עד 2,000)",-5.02,0
176,אפיקים,1068,68.26,69.56,68.79,68.87,0.54,0.13,"קטן (עד 2,000)",-0.44,0
177,כפר בילו,867,77.86,81.53,80.88,80.09,1.6,0.57,"קטן (עד 2,000)",0.15,1
178,רמת יוחנן,862,70.25,71.09,70.5,70.61,0.35,0.17,"קטן (עד 2,000)",-0.1,0
182,אבן יהודה,10452,76.83,79.13,77.11,77.69,1.03,0.26,"בינוני (2,000-20,000)",-0.68,0
183,ירקונה,309,76.43,81.6,75.24,77.76,2.76,0.43,"קטן (עד 2,000)",-1.78,0
184,רמת הכובש,696,75.42,77.94,77.68,77.01,1.13,0.0,"קטן (עד 2,000)",-0.51,0
186,נעורים,158,47.17,50.32,43.35,46.95,2.85,0.0,"קטן (עד 2,000)",-1.59,0
187,כפר הס,1067,78.66,79.2,77.01,78.29,0.93,0.0,"קטן (עד 2,000)",0.59,1
188,אשדות יעקב מאוחד,605,69.01,69.81,69.57,69.46,0.34,0.85,"קטן (עד 2,000)",1.32,1
189,כפר פינס,399,86.43,85.63,84.68,85.58,0.72,0.32,"קטן (עד 2,000)",-0.54,0
190,כפר ויתקין,1444,80.08,80.16,77.17,79.14,1.39,0.28,"קטן (עד 2,000)",-2.23,0
191,הדר עם,545,83.57,84.12,83.53,83.74,0.27,0.23,"קטן (עד 2,000)",-0.99,0
192,כפר החורש,479,76.0,78.59,78.11,77.56,1.12,0.54,"קטן (עד 2,000)",1.51,1
193,כפר חיים,436,80.82,81.75,78.37,80.31,1.43,0.31,"קטן (עד 2,000)",-0.9,0
194,משמר השרון,517,67.7,67.58,67.12,67.47,0.25,0.0,"קטן (עד 2,000)",-3.66,0
195,קדימהצורן,16165,74.43,77.82,76.14,76.13,1.38,0.3,"בינוני (2,000-20,000)",-0.13,0
196,גיבתון,276,82.46,84.65,77.82,81.64,2.85,0.0,"קטן (עד 2,000)",-2.81,0
197,מעברות,745,77.14,79.05,79.76,78.65,1.1,0.51,"קטן (עד 2,000)",-3.63,0
198,צופית,858,78.64,78.64,74.97,77.41,1.73,0.0,"קטן (עד 2,000)",-0.26,0
199,אשדות יעקב איחוד,683,69.1,73.97,74.85,72.64,2.53,0.2,"קטן (עד 2,000)",-2.03,0
200,בית ינאי,308,73.14,69.16,63.84,68.71,3.81,0.0,"קטן (עד 2,000)",-0.16,0
202,בית עובד,255,81.27,84.27,75.31,80.29,3.72,0.0,"קטן (עד 2,000)",-2.26,0
204,אלישיב,488,77.73,83.08,77.59,79.47,2.56,0.0,"קטן (עד 2,000)",0.7,1
205,חגלה,554,82.49,83.7,81.96,82.72,0.73,0.24,"קטן (עד 2,000)",-5.17,0
206,רמות השבים,1196,76.87,76.95,77.35,77.06,0.21,0.23,"קטן (עד 2,000)",-1.53,0
207,גבעת חן,285,84.52,84.28,86.53,85.11,1.01,0.0,"קטן (עד 2,000)",0.36,1
208,מוצא עילית,1227,68.92,71.01,73.11,71.01,1.71,0.15,"קטן (עד 2,000)",0.3,1
213,משמרות,734,77.15,79.96,79.58,78.9,1.24,0.22,"קטן (עד 2,000)",-2.0,0
217,כפר הראה,762,85.33,84.63,82.01,83.99,1.43,0.0,"קטן (עד 2,000)",1.48,1
218,גני עם,210,88.24,80.0,80.19,82.81,3.84,0.0,"קטן (עד 2,000)",-0.35,0
219,חיבת ציון,536,81.69,85.71,81.76,83.05,1.88,0.0,"קטן (עד 2,000)",-3.44,0
220,כפר ביאליק,474,70.94,76.26,77.35,74.85,2.8,0.28,"קטן (עד 2,000)",3.26,1
223,עין עירון,423,81.99,83.55,83.94,83.16,0.84,0.58,"קטן (עד 2,000)",-4.59,0
224,שושנת העמקים,443,64.3,72.38,71.11,69.26,3.55,0.0,"קטן (עד 2,000)",1.98,1
225,גן השומרון,642,77.82,78.47,76.9,77.73,0.65,0.0,"קטן (עד 2,000)",-1.54,0
229,גני תקווה,16803,76.48,79.1,78.66,78.08,1.15,0.33,"בינוני (2,000-20,000)",0.37,1
230,מעש,659,78.22,80.03,78.78,79.01,0.76,0.18,"קטן (עד 2,000)",-3.52,0
232,שפיים,1042,77.73,78.81,79.3,78.61,0.66,0.13,"קטן (עד 2,000)",0.33,1
233,כפר ידידיה,511,84.1,81.6,82.37,82.69,1.05,0.25,"קטן (עד 2,000)",-3.4,0
234,ביצרון,858,82.76,82.61,80.14,81.84,1.2,0.28,"קטן (עד 2,000)",-2.88,0
235,חבצלת השרון,340,67.06,65.41,66.37,66.28,0.68,0.89,"קטן (עד 2,000)",-0.99,0
237,שער העמקים,562,77.96,78.88,78.77,78.54,0.41,0.23,"קטן (עד 2,000)",-1.74,0
239,גן חיים,544,81.59,84.84,81.75,82.73,1.49,0.0,"קטן (עד 2,000)",-0.67,0
240,יקנעם עילית,18933,68.4,72.34,69.92,70.22,1.62,0.74,"בינוני (2,000-20,000)",0.38,1
241,יקנעם מושבה,1019,78.05,77.65,77.7,77.8,0.18,0.13,"קטן (עד 2,000)",-2.23,0
242,בית השיטה,1051,72.27,74.55,74.52,73.78,1.07,0.64,"קטן (עד 2,000)",-3.5,0
246,נתיבות,28166,73.29,76.46,75.03,74.93,1.3,0.7,"גדול (20,000+)",5.21,1
247,רשפון,920,77.82,76.29,78.43,77.51,0.9,0.0,"קטן (עד 2,000)",-3.14,0
248,בית שערים,526,85.18,86.81,81.1,84.36,2.4,0.79,"קטן (עד 2,000)",-1.49,0
249,כפר סירקין,999,79.86,79.57,80.21,79.88,0.26,0.0,"קטן (עד 2,000)",-0.2,0
250,הזורע,917,67.53,70.17,70.63,69.44,1.37,0.32,"קטן (עד 2,000)",-1.76,0
252,ביתן אהרן,240,72.06,67.88,76.11,72.02,3.36,0.73,"קטן (עד 2,000)",-4.56,0
253,חולתה,482,73.58,76.35,75.12,75.02,1.13,0.31,"קטן (עד 2,000)",-0.26,0
254,כפר המכבי,323,69.23,69.2,70.82,69.75,0.76,0.0,"קטן (עד 2,000)",3.45,1
255,כפר חיטים,540,71.33,73.1,68.53,70.99,1.88,0.29,"קטן (עד 2,000)",-2.02,0
256,ניר דוד תל עמל,641,77.32,76.95,78.85,77.71,0.82,0.42,"קטן (עד 2,000)",-4.4,0
257,נופך,406,70.13,77.81,80.96,76.3,4.55,1.25,"קטן (עד 2,000)",4.0,1
259,שדה נחום,719,70.34,74.31,77.58,74.08,2.96,0.26,"קטן (עד 2,000)",-2.63,0
262,גינוסר,557,67.98,71.68,70.8,70.15,1.58,0.0,"קטן (עד 2,000)",8.6,1
263,מסדה,290,61.81,69.43,69.03,66.76,3.5,0.0,"קטן (עד 2,000)",-1.62,0
264,שער הגולן,490,74.85,75.4,79.92,76.72,2.27,0.0,"קטן (עד 2,000)",-4.23,0
265,בית יוסף,369,56.07,60.37,71.99,62.81,6.72,0.78,"קטן (עד 2,000)",14.7,1
267,כפר שמריהו,1948,67.37,68.5,65.4,67.09,1.28,0.66,"קטן (עד 2,000)",-0.58,0
268,טירת צבי,562,78.95,79.73,80.77,79.82,0.75,0.24,"קטן (עד 2,000)",-2.37,0
269,מולדת,883,77.68,80.2,78.28,78.72,1.08,0.0,"קטן (עד 2,000)",-3.4,0
270,עין השופט,909,64.13,64.33,60.71,63.06,1.66,0.0,"קטן (עד 2,000)",-2.98,0
272,מעוז חיים,499,64.65,64.64,66.38,65.22,0.82,0.32,"קטן (עד 2,000)",0.06,1
273,עין גב,473,62.56,69.21,67.98,66.58,2.89,0.0,"קטן (עד 2,000)",-2.96,0
274,כפר מנחם,940,76.02,78.45,76.74,77.07,1.02,0.15,"קטן (עד 2,000)",-1.56,0
276,צור משה,1967,80.84,79.55,77.95,79.45,1.18,0.42,"קטן (עד 2,000)",-1.5,0
278,אושה,403,68.84,72.3,74.1,71.75,2.18,0.0,"קטן (עד 2,000)",-0.54,0
280,חניתה,726,63.58,65.66,53.71,60.98,5.21,0.0,"קטן (עד 2,000)",-0.72,0
281,פקיעין חדשה,355,66.02,73.67,78.86,72.85,5.28,0.4,"קטן (עד 2,000)",3.25,1
282,שבי ציון,944,73.45,73.18,72.8,73.14,0.27,0.48,"קטן (עד 2,000)",-3.08,0
284,שדה ורבורג,1019,80.3,81.16,78.98,80.15,0.9,0.13,"קטן (עד 2,000)",-3.33,0
285,אלונים,521,76.23,78.92,77.39,77.51,1.1,0.25,"קטן (עד 2,000)",-2.53,0
286,מעלה החמישה,589,65.48,70.56,70.47,68.84,2.37,0.0,"קטן (עד 2,000)",-0.13,0
287,תל יצחק,683,83.28,84.59,81.45,83.11,1.29,0.56,"קטן (עד 2,000)",0.86,1
288,בית יהושע,793,79.54,80.18,76.68,78.8,1.52,0.18,"קטן (עד 2,000)",-2.24,0
289,עין המפרץ,733,78.29,77.83,79.8,78.64,0.84,0.0,"קטן (עד 2,000)",-2.54,0
290,מעין צבי,684,71.36,71.92,71.64,71.64,0.23,0.21,"קטן (עד 2,000)",0.05,1
292,שרונה,441,79.63,80.14,79.23,79.67,0.37,0.28,"קטן (עד 2,000)",-2.14,0
293,שדה יואב,398,79.92,81.39,79.67,80.33,0.76,0.0,"קטן (עד 2,000)",-3.36,0
294,אילון,878,75.17,78.15,77.97,77.09,1.37,0.0,"קטן (עד 2,000)",-0.57,0
295,כפר רופין,401,67.5,67.68,69.69,68.29,0.99,0.0,"קטן (עד 2,000)",-2.92,0
296,נווה איתן,190,62.74,61.57,64.89,63.07,1.38,0.82,"קטן (עד 2,000)",3.94,1
297,כפר מסריק,620,73.57,74.76,70.05,72.79,2.0,0.49,"קטן (עד 2,000)",-1.96,0
298,מסילות,437,64.41,67.11,66.67,66.06,1.18,0.35,"קטן (עד 2,000)",-0.3,0
300,דליה,690,73.43,77.91,75.68,75.68,1.83,0.4,"קטן (עד 2,000)",-3.2,0
301,בית עוזיאל,479,69.98,76.96,72.14,73.02,2.92,0.0,"קטן (עד 2,000)",6.85,1
302,דפנה,650,79.27,80.14,80.67,80.03,0.58,0.0,"קטן (עד 2,000)",-1.42,0
303,דן,543,73.26,76.45,76.85,75.52,1.61,0.0,"קטן (עד 2,000)",-2.63,0
304,שדה אליהו,650,65.55,66.16,65.37,65.69,0.34,0.5,"קטן (עד 2,000)",-0.36,0
305,גשר,405,67.05,66.9,63.88,65.94,1.46,1.87,"קטן (עד 2,000)",-0.8,0
306,שדמות דבורה,495,78.85,82.37,81.33,80.85,1.48,0.0,"קטן (עד 2,000)",-1.69,0
307,הזורעים,575,78.54,84.05,82.14,81.58,2.28,0.24,"קטן (עד 2,000)",-5.56,0
308,מחניים,589,68.51,73.45,73.45,71.8,2.33,0.26,"קטן (עד 2,000)",-0.52,0
309,נהורה,972,69.64,76.04,74.6,73.43,2.74,0.14,"קטן (עד 2,000)",2.56,1
310,כפר גליקסון,291,72.24,74.62,76.7,74.52,1.82,0.47,"קטן (עד 2,000)",-5.52,0
311,גן שורק,266,76.19,80.57,75.57,77.44,2.22,0.0,"קטן (עד 2,000)",-0.11,0
312,נווה ים,211,73.97,79.51,72.99,75.49,2.87,0.65,"קטן (עד 2,000)",0.6,1
313,אפק,544,71.61,73.85,76.77,74.08,2.11,0.79,"קטן (עד 2,000)",0.92,1
315,נגבה,726,67.97,68.36,70.48,68.94,1.11,0.0,"קטן (עד 2,000)",-2.13,0
316,כפר נטר,706,79.88,80.95,82.14,80.99,0.92,0.17,"קטן (עד 2,000)",-1.86,0
317,בית אורן,358,63.81,68.93,65.56,66.1,2.13,0.0,"קטן (עד 2,000)",-2.31,0
318,עמיעוז,223,60.2,70.79,64.25,65.08,4.36,0.0,"קטן (עד 2,000)",10.94,1
319,עמיר,532,73.46,73.57,74.1,73.71,0.28,0.0,"קטן (עד 2,000)",-2.47,0
320,כפר ורבורג,853,80.29,80.81,79.8,80.3,0.41,0.15,"קטן (עד 2,000)",-1.21,0
322,בית הלל,600,73.9,74.33,74.26,74.16,0.19,0.94,"קטן (עד 2,000)",-3.25,0
324,שאר ישוב,425,76.84,80.25,75.76,77.62,1.91,0.0,"קטן (עד 2,000)",-1.12,0
325,מצובה,882,66.85,72.07,74.76,71.23,3.28,0.16,"קטן (עד 2,000)",1.06,1
326,בית יצחקשער חפר,1658,79.36,80.58,78.6,79.51,0.82,0.16,"קטן (עד 2,000)",-1.58,0
327,שדות ים,749,78.23,81.32,83.19,80.91,2.04,0.0,"קטן (עד 2,000)",-1.63,0
329,שדה נחמיה,821,76.91,78.32,78.23,77.82,0.64,0.0,"קטן (עד 2,000)",-2.68,0
330,אלומות,333,68.2,68.6,72.76,69.85,2.06,0.0,"קטן (עד 2,000)",3.6,1
331,ניר צבי,893,79.19,78.18,80.33,79.23,0.88,0.14,"קטן (עד 2,000)",-2.75,0
334,קבוצת יבנה,598,75.0,74.73,74.92,74.88,0.12,0.44,"קטן (עד 2,000)",-4.36,0
335,רמת השופט,806,71.64,71.7,71.73,71.69,0.04,0.39,"קטן (עד 2,000)",-3.04,0
336,דורות,575,73.0,74.85,75.86,74.57,1.19,0.24,"קטן (עד 2,000)",-3.38,0
338,איבים,188,11.86,39.29,5.0,18.72,14.81,0.0,"קטן (עד 2,000)",5.59,1
339,רמת צבי,488,79.84,83.29,83.82,82.32,1.76,0.0,"קטן (עד 2,000)",-4.66,0
340,גת קיבוץ,624,70.92,70.49,72.73,71.38,0.97,0.0,"קטן (עד 2,000)",-0.54,0
342,גברעם,419,74.06,71.28,76.88,74.07,2.28,0.0,"קטן (עד 2,000)",-0.26,0
343,חמדיה,335,71.8,72.06,70.85,71.57,0.52,0.48,"קטן (עד 2,000)",-0.76,0
344,מענית,588,81.72,84.54,82.56,82.94,1.18,0.0,"קטן (עד 2,000)",-1.43,0
345,כפר סאלד,533,73.09,75.17,74.63,74.3,0.88,0.85,"קטן (עד 2,000)",-3.1,0
346,גליל ים,362,79.61,85.22,78.9,81.24,2.83,1.1,"קטן (עד 2,000)",-1.12,0
347,מנרה,213,70.37,64.19,68.54,67.7,2.59,0.68,"קטן (עד 2,000)",-4.74,0
348,ניר עם,460,58.18,63.72,65.19,62.36,3.02,0.0,"קטן (עד 2,000)",3.95,1
351,ניצן,1588,77.89,79.83,80.72,79.48,1.18,0.46,"קטן (עד 2,000)",-0.48,0
352,גבולות,333,60.53,60.44,66.67,62.54,2.92,0.0,"קטן (עד 2,000)",-3.81,0
353,בית זיד,108,48.15,62.96,61.95,57.69,6.76,0.0,"קטן (עד 2,000)",6.75,1
354,רביבים,722,64.83,66.52,63.51,64.95,1.23,0.45,"קטן (עד 2,000)",-4.46,0
355,חורשים,307,64.77,67.4,67.82,66.66,1.35,0.0,"קטן (עד 2,000)",0.97,1
356,הגושרים,779,72.06,73.67,75.24,73.65,1.3,0.42,"קטן (עד 2,000)",-0.77,0
357,כפר בלום,737,66.11,70.08,70.31,68.84,1.93,0.78,"קטן (עד 2,000)",0.39,1
358,יד מרדכי,725,69.88,73.61,75.68,73.06,2.4,0.19,"קטן (עד 2,000)",0.91,1
359,ניצנים,445,74.93,76.16,75.99,75.69,0.54,0.4,"קטן (עד 2,000)",2.58,1
360,גבעת נילי,446,79.16,80.83,83.56,81.18,1.82,0.0,"קטן (עד 2,000)",-0.34,0
362,רוחמה,550,67.1,66.74,70.28,68.04,1.59,0.29,"קטן (עד 2,000)",-3.91,0
363,חפץ חיים,370,84.41,87.85,88.01,86.76,1.66,0.0,"קטן (עד 2,000)",-0.81,0
364,כפר אוריה,551,77.87,80.56,79.34,79.26,1.1,0.23,"קטן (עד 2,000)",2.24,1
365,בית קשת,496,68.41,72.89,74.06,71.78,2.44,0.56,"קטן (עד 2,000)",-1.81,0
366,שמיר,707,68.21,71.56,77.0,72.26,3.62,0.0,"קטן (עד 2,000)",-3.21,0
367,עין העמק,627,66.73,75.77,80.11,74.2,5.57,0.0,"קטן (עד 2,000)",2.82,1
368,ביריה,639,71.92,74.44,74.15,73.5,1.13,0.23,"קטן (עד 2,000)",1.61,1
369,גלעד אבן יצחק,368,69.83,75.98,75.27,73.69,2.75,0.0,"קטן (עד 2,000)",-1.85,0
370,גזר,399,50.43,53.65,52.73,52.27,1.35,0.49,"קטן (עד 2,000)",-0.98,0
372,רמות נפתלי,461,72.7,72.45,75.12,73.42,1.2,0.93,"קטן (עד 2,000)",-1.1,0
373,בית הלוי,544,82.07,81.87,81.31,81.75,0.32,0.24,"קטן (עד 2,000)",-1.18,0
374,חוקוק,495,65.35,69.46,68.99,67.93,1.83,0.0,"קטן (עד 2,000)",2.0,1
375,מגל,884,83.89,83.68,81.67,83.08,1.0,0.0,"קטן (עד 2,000)",-4.54,0
376,עברון,700,73.95,79.64,79.37,77.65,2.62,0.0,"קטן (עד 2,000)",-1.37,0
377,המעפיל,651,78.45,77.06,77.32,77.61,0.6,0.0,"קטן (עד 2,000)",-0.22,0
378,משגב עם,272,62.86,70.34,66.02,66.41,3.07,0.0,"קטן (עד 2,000)",-2.24,0
379,גאולים,721,69.77,81.61,78.17,76.52,4.97,0.57,"קטן (עד 2,000)",0.8,1
380,להבות הבשן,716,68.25,73.61,72.85,71.57,2.37,0.41,"קטן (עד 2,000)",-4.96,0
382,מכמורת,1097,69.82,70.87,70.05,70.24,0.45,0.14,"קטן (עד 2,000)",-1.28,0
383,עין הנציב,438,80.43,77.62,79.73,79.26,1.19,0.0,"קטן (עד 2,000)",-0.36,0
385,עמיעד,473,66.11,64.35,63.32,64.59,1.15,0.74,"קטן (עד 2,000)",-0.71,0
386,בני דרור,975,70.45,72.15,80.18,74.26,4.24,1.37,"קטן (עד 2,000)",-5.44,0
387,כפר מונש,624,80.33,79.45,76.44,78.74,1.66,0.21,"קטן (עד 2,000)",0.72,1
388,כפר קיש,491,68.77,74.33,75.23,72.78,2.86,1.23,"קטן (עד 2,000)",-2.74,0
389,בצרה,813,79.51,80.46,75.0,78.32,2.38,0.17,"קטן (עד 2,000)",0.41,1
390,רגבה,856,77.42,76.84,76.21,76.82,0.5,0.65,"קטן (עד 2,000)",0.48,1
393,גלאון,480,68.04,68.04,69.04,68.37,0.47,0.0,"קטן (עד 2,000)",1.28,1
394,שובל,645,69.31,73.86,78.32,73.83,3.68,0.41,"קטן (עד 2,000)",0.25,1
395,משמר הנגב,863,65.59,66.98,67.45,66.67,0.79,0.19,"קטן (עד 2,000)",-2.15,0
396,נבטים,790,77.22,81.66,78.16,79.02,1.91,0.53,"קטן (עד 2,000)",2.79,1
397,חצרים,832,72.69,76.3,75.4,74.8,1.53,0.16,"קטן (עד 2,000)",-2.72,0
398,שרשרת,280,77.19,78.17,75.89,77.08,0.93,0.0,"קטן (עד 2,000)",4.15,1
399,בארי,859,79.75,83.21,79.62,80.86,1.66,0.15,"קטן (עד 2,000)",-2.68,0
400,אבן שמואל,1069,87.63,89.08,86.8,87.84,0.94,0.26,"קטן (עד 2,000)",0.92,1
402,ניר יצחק,561,68.97,67.31,66.5,67.59,1.03,0.26,"קטן (עד 2,000)",-0.84,0
403,אורים,463,58.12,61.32,57.24,58.89,1.75,0.39,"קטן (עד 2,000)",1.01,1
405,נווה אילן,736,69.0,69.93,71.87,70.27,1.19,0.0,"קטן (עד 2,000)",-0.64,0
406,חצוראשדוד,693,70.69,71.18,70.91,70.92,0.2,0.0,"קטן (עד 2,000)",-1.46,0
407,דברת,372,73.39,69.36,68.21,70.32,2.22,0.49,"קטן (עד 2,000)",-3.56,0
408,נאות מרדכי,539,70.35,70.98,73.87,71.73,1.53,0.0,"קטן (עד 2,000)",-1.16,0
409,יחיעם,615,72.28,69.74,87.52,76.51,7.85,0.21,"קטן (עד 2,000)",-4.15,0
413,צאלים,390,69.7,75.94,74.19,73.27,2.63,0.0,"קטן (עד 2,000)",-3.51,0
414,קלחים,383,73.7,77.4,83.14,78.08,3.88,0.34,"קטן (עד 2,000)",3.27,1
415,שוקדה,302,73.2,81.5,80.46,78.39,3.69,0.0,"קטן (עד 2,000)",8.65,1
416,מעין ברוך,489,71.92,73.67,71.04,72.21,1.1,0.3,"קטן (עד 2,000)",-3.64,0
417,יקום,577,81.19,80.31,80.48,80.66,0.38,0.46,"קטן (עד 2,000)",-1.81,0
418,בני ציון,856,79.66,82.16,75.12,78.98,2.91,0.16,"קטן (עד 2,000)",-1.64,0
419,סעד,636,80.1,80.3,79.32,79.91,0.42,0.41,"קטן (עד 2,000)",-3.22,0
421,משאבי שדה,455,63.62,69.43,67.76,66.93,2.44,0.32,"קטן (עד 2,000)",-1.76,0
422,חרב לאת,587,79.96,82.35,78.69,80.34,1.52,0.0,"קטן (עד 2,000)",-2.52,0
423,העוגן,647,72.82,76.62,76.23,75.22,1.71,0.65,"קטן (עד 2,000)",-3.61,0
424,גבים,474,74.69,76.2,76.84,75.91,0.9,0.29,"קטן (עד 2,000)",-3.29,0
425,משמרת,677,80.73,81.03,80.31,80.69,0.3,0.19,"קטן (עד 2,000)",-1.11,0
426,עין כרמל,543,82.24,80.0,80.04,80.76,1.05,0.72,"קטן (עד 2,000)",-3.96,0
427,כפר גלים,116,67.47,71.43,68.54,69.15,1.67,3.28,"קטן (עד 2,000)",3.9,1
428,ברור חיל,781,68.65,69.29,72.48,70.14,1.68,0.0,"קטן (עד 2,000)",-2.99,0
429,אלוני אבא,744,84.0,82.16,79.58,81.91,1.81,0.19,"קטן (עד 2,000)",-2.21,0
430,בית לחם הגלילית,604,77.45,79.11,78.1,78.22,0.68,0.21,"קטן (עד 2,000)",0.66,1
431,דלתון,655,61.94,73.3,74.43,69.89,5.64,0.65,"קטן (עד 2,000)",13.37,1
432,שמרת,468,69.83,72.88,73.16,71.96,1.51,0.65,"קטן (עד 2,000)",1.09,1
433,נחשולים,546,76.47,80.0,79.66,78.71,1.59,0.0,"קטן (עד 2,000)",-3.51,0
434,החותרים,611,77.55,79.32,78.65,78.51,0.73,0.0,"קטן (עד 2,000)",-1.97,0
435,נצר סרני,661,77.94,79.74,82.38,80.02,1.83,0.21,"קטן (עד 2,000)",1.03,1
436,עין דור,927,64.42,66.9,65.82,65.71,1.01,0.0,"קטן (עד 2,000)",-0.99,0
437,רשפים,692,76.78,79.54,83.36,79.89,2.7,0.0,"קטן (עד 2,000)",-2.35,0
439,שלוחות,342,73.35,73.77,76.52,74.55,1.41,0.36,"קטן (עד 2,000)",-2.1,0
440,יסודות,352,93.2,91.0,95.03,93.08,1.65,0.98,"קטן (עד 2,000)",-1.13,0
442,גדעונה,320,67.48,74.8,73.79,72.02,3.24,0.0,"קטן (עד 2,000)",-1.61,0
443,כפר הנשיא,742,55.82,59.04,58.11,57.66,1.35,0.49,"קטן (עד 2,000)",-2.4,0
444,רגבים,447,62.09,68.87,69.76,66.9,3.42,0.35,"קטן (עד 2,000)",4.76,1
445,רמות מנשה,927,79.39,79.49,79.17,79.35,0.13,0.15,"קטן (עד 2,000)",-2.32,0
446,אודים,833,81.02,82.63,78.55,80.74,1.68,0.16,"קטן (עד 2,000)",-3.6,0
447,נורדיה,1531,75.82,79.14,76.68,77.21,1.41,0.68,"קטן (עד 2,000)",0.29,1
448,בני עטרות,603,83.75,83.53,85.06,84.11,0.67,0.0,"קטן (עד 2,000)",-2.71,0
449,נחלים,903,86.0,85.88,84.92,85.6,0.48,0.13,"קטן (עד 2,000)",-2.12,0
450,בארות יצחק,384,66.42,68.63,70.37,68.47,1.62,0.7,"קטן (עד 2,000)",-2.23,0
452,יזרעאל,565,57.91,62.48,62.54,60.98,2.17,0.85,"קטן (עד 2,000)",0.78,1
453,יפתח,563,61.39,69.41,72.42,67.74,4.65,0.52,"קטן (עד 2,000)",-2.07,0
454,סער,691,67.06,74.26,74.09,71.8,3.36,0.67,"קטן (עד 2,000)",1.21,1
456,שורש,1065,78.46,78.84,79.85,79.05,0.59,1.04,"קטן (עד 2,000)",0.08,1
457,גזית,684,75.47,74.66,72.9,74.34,1.07,0.0,"קטן (עד 2,000)",-2.73,0
460,רמת רזיאל,472,76.64,75.28,75.05,75.66,0.7,0.0,"קטן (עד 2,000)",0.66,1
462,טל שחר,811,77.36,83.04,81.0,80.47,2.35,0.0,"קטן (עד 2,000)",-1.47,0
463,געתון,569,68.64,67.53,70.64,68.94,1.29,0.26,"קטן (עד 2,000)",-2.07,0
464,הראל,236,49.19,52.26,54.75,52.07,2.27,0.0,"קטן (עד 2,000)",-0.28,0
465,צובה,612,68.19,68.72,64.85,67.25,1.71,0.0,"קטן (עד 2,000)",-2.5,0
466,בית דגן,5530,73.03,78.09,76.13,75.75,2.08,0.37,"בינוני (2,000-20,000)",3.31,1
469,קרית עקרון,8174,65.37,72.46,70.7,69.51,3.02,1.09,"בינוני (2,000-20,000)",5.35,1
472,אבו גוש,5094,47.42,60.77,40.68,49.62,8.35,3.76,"בינוני (2,000-20,000)",14.95,1
473,אבו סנאן,10013,60.01,69.33,52.47,60.6,6.9,1.69,"בינוני (2,000-20,000)",1.43,1
475,דחי,546,38.92,60.37,27.7,42.33,13.56,0.0,"קטן (עד 2,000)",19.89,1
478,אכסאל,10342,46.74,66.32,51.59,54.88,8.33,0.54,"בינוני (2,000-20,000)",8.04,1
480,בית גן,9177,57.93,53.49,57.48,56.3,2.0,0.53,"בינוני (2,000-20,000)",14.6,1
481,מגאר,17008,38.37,47.18,47.57,44.37,4.25,1.66,"בינוני (2,000-20,000)",0.64,1
482,בועיינהנוגידאת,7076,68.09,65.77,52.42,62.09,6.91,1.8,"בינוני (2,000-20,000)",4.45,1
483,בענה,6004,66.18,79.14,72.02,72.44,5.3,0.55,"בינוני (2,000-20,000)",6.25,1
485,גולס,4974,63.17,59.82,55.88,59.62,2.98,0.97,"בינוני (2,000-20,000)",-4.36,0
487,גש גוש חלב,2563,44.43,59.51,47.29,50.41,6.54,1.56,"בינוני (2,000-20,000)",4.37,1
489,דבוריה,7492,58.13,74.28,54.89,62.43,8.48,0.79,"בינוני (2,000-20,000)",8.53,1
490,דייר אלאסד,8873,73.01,80.15,73.47,75.55,3.26,0.59,"בינוני (2,000-20,000)",8.43,1
492,דייר חנא,7818,82.69,82.94,74.46,80.03,3.94,0.15,"בינוני (2,000-20,000)",0.18,1
494,דאלית אלכרמל,13249,57.88,58.64,59.77,58.76,0.78,0.8,"בינוני (2,000-20,000)",15.02,1
496,חורפיש,4836,54.38,52.86,52.88,53.37,0.71,0.3,"בינוני (2,000-20,000)",8.06,1
497,טייבה בעמק,1305,64.97,59.3,39.56,54.61,10.89,1.27,"קטן (עד 2,000)",9.62,1
498,טורעאן,10111,59.4,65.21,47.86,57.49,7.21,0.86,"בינוני (2,000-20,000)",10.83,1
499,יפיע,13860,55.59,64.72,44.69,55.0,8.19,1.78,"בינוני (2,000-20,000)",7.25,1
502,ירכא,11387,69.78,65.9,68.25,67.98,1.6,1.13,"בינוני (2,000-20,000)",0.17,1
504,כאבול,8670,76.86,82.41,64.36,74.55,7.55,0.75,"בינוני (2,000-20,000)",7.53,1
505,כאוכב אבו אלהיגא,2804,66.59,78.47,63.54,69.53,6.44,0.55,"בינוני (2,000-20,000)",5.26,1
507,כפר יאסיף,8257,66.6,71.59,60.87,66.35,4.38,0.91,"בינוני (2,000-20,000)",7.6,1
508,כפר כמא,2685,35.26,47.06,42.07,41.46,4.84,1.21,"בינוני (2,000-20,000)",2.27,1
509,כפר כנא,15877,59.83,69.97,48.37,59.39,8.82,1.3,"בינוני (2,000-20,000)",4.4,1
510,כפר מנדא,13756,73.04,76.9,61.99,70.64,6.32,1.01,"בינוני (2,000-20,000)",9.5,1
511,עילוט,5705,46.45,43.37,28.09,39.3,8.03,1.74,"בינוני (2,000-20,000)",14.22,1
512,כפר מצר,1947,51.01,61.3,45.12,52.48,6.69,2.91,"קטן (עד 2,000)",7.38,1
514,עין ראפה,723,50.58,65.3,39.12,51.67,10.72,5.24,"קטן (עד 2,000)",15.32,1
516,מגד אלכרום,11017,73.06,74.84,61.06,69.66,6.12,0.39,"בינוני (2,000-20,000)",12.69,1
517,מזרעה,3035,63.31,79.02,59.08,67.14,8.58,0.42,"בינוני (2,000-20,000)",12.44,1
518,מעיליא,2616,66.24,74.66,61.56,67.49,5.42,1.04,"בינוני (2,000-20,000)",1.52,1
520,משהד,5972,56.33,68.68,49.28,58.09,8.02,0.56,"בינוני (2,000-20,000)",-1.18,0
521,עין נקובא,1866,49.63,57.23,44.9,50.59,5.08,7.02,"קטן (עד 2,000)",8.48,1
522,נחף,9181,57.05,70.78,52.05,59.96,7.92,0.26,"בינוני (2,000-20,000)",11.08,1
523,ניין,1446,74.48,78.07,52.1,68.22,11.49,1.9,"קטן (עד 2,000)",-2.32,0
524,נאעורה,1590,54.92,61.56,43.14,53.2,7.62,2.28,"קטן (עד 2,000)",14.55,1
525,סאגור,3223,53.2,54.12,43.97,50.43,4.58,0.54,"בינוני (2,000-20,000)",6.45,1
526,סולם,2136,64.39,74.29,44.35,61.01,12.46,0.69,"בינוני (2,000-20,000)",13.56,1
527,שזור,274,66.16,76.25,69.12,70.51,4.23,0.0,"קטן (עד 2,000)",8.32,1
528,עוזייר,2223,37.7,56.52,40.06,44.76,8.37,0.13,"בינוני (2,000-20,000)",6.35,1
529,אעבלין,9638,59.21,61.07,50.58,56.95,4.57,1.42,"בינוני (2,000-20,000)",9.56,1
530,עיילבון,4294,74.15,70.92,64.41,69.83,4.05,0.91,"בינוני (2,000-20,000)",5.35,1
531,עראבה,18203,59.89,72.75,59.44,64.03,6.17,0.47,"בינוני (2,000-20,000)",1.72,1
532,עין מאהל,9688,61.36,73.97,44.35,59.89,12.13,0.9,"בינוני (2,000-20,000)",11.84,1
534,עספיא,9560,49.85,53.13,50.44,51.14,1.43,1.3,"בינוני (2,000-20,000)",10.05,1
535,פסוטה,2701,49.04,56.0,44.01,49.69,4.91,0.35,"בינוני (2,000-20,000)",3.17,1
536,פקיעין בוקייעה,4639,63.26,65.22,58.91,62.46,2.64,1.33,"בינוני (2,000-20,000)",3.67,1
537,פוריידיס,9208,42.58,67.13,64.04,57.92,10.92,0.79,"בינוני (2,000-20,000)",9.7,1
538,שעב,5247,68.92,75.69,60.33,68.31,6.28,0.45,"בינוני (2,000-20,000)",4.75,1
539,רומאנה,824,74.55,80.06,67.42,74.01,5.18,0.21,"קטן (עד 2,000)",3.82,1
540,ריחאניה,956,50.3,56.3,56.63,54.41,2.91,1.74,"קטן (עד 2,000)",5.54,1
541,גסר אזרקא,9560,40.96,58.09,21.77,40.27,14.83,1.06,"בינוני (2,000-20,000)",18.92,1
542,ריינה,11959,53.7,63.98,46.1,54.59,7.33,1.83,"בינוני (2,000-20,000)",7.52,1
543,ראמה,6574,55.23,60.32,53.94,56.5,2.75,2.06,"בינוני (2,000-20,000)",0.8,1
546,עין אלאסד,685,41.14,49.21,52.02,47.46,4.61,0.0,"קטן (עד 2,000)",2.75,1
547,טמרה יזרעאל,1115,50.42,82.17,54.55,62.38,14.1,0.18,"קטן (עד 2,000)",3.2,1
549,גנות הדר,749,79.13,82.33,76.96,79.47,2.21,0.18,"קטן (עד 2,000)",-2.83,0
553,ניר בנים,604,76.32,80.67,80.5,79.16,2.01,0.21,"קטן (עד 2,000)",2.99,1
555,שדמה,384,74.07,78.75,75.64,76.16,1.94,0.34,"קטן (עד 2,000)",-2.47,0
559,בוסתן הגליל,748,80.09,77.8,79.24,79.05,0.95,0.0,"קטן (עד 2,000)",-0.04,0
562,בית אלעזרי,1088,75.5,81.97,78.28,78.58,2.65,0.49,"קטן (עד 2,000)",-0.29,0
563,משמר דוד,735,75.0,83.73,86.54,81.76,4.91,0.0,"קטן (עד 2,000)",-1.76,0
564,רבדים,643,73.47,76.45,73.4,74.44,1.42,0.0,"קטן (עד 2,000)",-2.06,0
565,אזור,10054,67.56,70.61,69.06,69.08,1.25,0.79,"בינוני (2,000-20,000)",2.13,1
567,צרעה,836,68.61,66.22,66.63,67.15,1.05,0.36,"קטן (עד 2,000)",0.96,1
570,מעונה,673,71.45,75.59,74.5,73.85,1.75,0.41,"קטן (עד 2,000)",0.06,1
571,בית גמליאל,755,80.39,82.79,78.41,80.53,1.79,0.0,"קטן (עד 2,000)",-3.25,0
572,בית העמק,539,66.25,71.52,71.84,69.87,2.56,0.28,"קטן (עד 2,000)",-1.76,0
573,מבקיעים,390,65.85,78.45,75.0,73.1,5.32,0.0,"קטן (עד 2,000)",4.01,1
574,גשר הזיו,1262,73.19,73.92,72.02,73.05,0.78,0.12,"קטן (עד 2,000)",-2.25,0
575,יסעור,581,71.98,72.22,74.67,72.96,1.22,1.26,"קטן (עד 2,000)",-0.69,0
576,כברי,890,75.13,76.35,73.93,75.14,0.98,0.8,"קטן (עד 2,000)",-1.88,0
577,יד בנימין,2411,87.81,87.36,82.49,85.88,2.41,0.06,"בינוני (2,000-20,000)",-0.29,0
578,סאסא,414,70.93,72.53,71.67,71.71,0.65,0.0,"קטן (עד 2,000)",-3.09,0
579,כפר ראש הנקרה,1079,73.36,74.64,73.99,74.0,0.52,0.27,"קטן (עד 2,000)",-2.06,0
580,כרם מהרל,673,76.24,79.93,77.78,77.98,1.51,0.0,"קטן (עד 2,000)",-3.12,0
582,כפר הנגיד,761,78.56,79.57,77.91,78.68,0.68,0.17,"קטן (עד 2,000)",-3.3,0
584,זיקים,757,64.73,65.87,70.82,67.14,2.64,0.0,"קטן (עד 2,000)",-2.62,0
585,לביא,523,75.63,74.09,76.69,75.47,1.07,1.04,"קטן (עד 2,000)",-5.33,0
586,מגידו,682,79.67,76.58,75.52,77.26,1.76,0.21,"קטן (עד 2,000)",-0.41,0
587,סביון,3985,67.95,69.55,68.15,68.55,0.71,0.23,"בינוני (2,000-20,000)",-1.32,0
588,בני ראם,927,80.85,81.65,80.59,81.03,0.45,0.14,"קטן (עד 2,000)",-0.73,0
589,בצת,378,72.83,74.13,74.39,73.78,0.68,0.0,"קטן (עד 2,000)",5.99,1
590,נווה אור,345,70.76,67.49,68.34,68.87,1.39,0.43,"קטן (עד 2,000)",-1.16,0
591,עשרת,881,76.95,77.42,79.55,77.97,1.13,0.14,"קטן (עד 2,000)",-2.1,0
592,בני דרום,550,84.08,86.8,86.8,85.89,1.28,0.5,"קטן (עד 2,000)",-4.52,0
593,ערוגות,695,78.25,83.31,80.85,80.8,2.06,0.91,"קטן (עד 2,000)",-0.88,0
594,צפריה,553,84.49,88.96,85.35,86.27,1.94,0.23,"קטן (עד 2,000)",-1.06,0
595,לוחמי הגיטאות,597,75.86,75.76,81.05,77.56,2.47,0.23,"קטן (עד 2,000)",-1.23,0
596,מלכיה,416,58.63,62.76,63.39,61.59,2.11,0.78,"קטן (עד 2,000)",1.47,1
597,פלמחים,638,69.12,70.5,73.45,71.02,1.81,0.23,"קטן (עד 2,000)",-3.48,0
598,בית קמה,751,81.26,83.36,81.93,82.18,0.88,0.0,"קטן (עד 2,000)",-4.1,0
599,פרוד,435,65.56,73.31,76.33,71.73,4.54,0.61,"קטן (עד 2,000)",-4.08,0
602,נירים,416,70.98,74.27,73.96,73.07,1.48,0.7,"קטן (עד 2,000)",0.19,1
603,אלקוש,256,56.81,65.66,62.5,61.66,3.66,0.0,"קטן (עד 2,000)",8.86,1
604,בית עריף,773,75.47,81.99,80.19,79.22,2.75,0.17,"קטן (עד 2,000)",2.86,1
605,כפר שמאי,349,63.93,74.92,73.35,70.73,4.85,0.82,"קטן (עד 2,000)",0.99,1
606,מזור,844,77.15,79.56,78.35,78.35,0.98,0.32,"קטן (עד 2,000)",-4.83,0
607,מירון,526,67.51,65.19,67.27,66.66,1.04,0.0,"קטן (עד 2,000)",5.2,1
609,כפר חושן,617,61.82,73.74,72.54,69.37,5.36,0.24,"קטן (עד 2,000)",1.28,1
610,סתריה,800,79.56,78.73,79.92,79.4,0.5,0.31,"קטן (עד 2,000)",-1.36,0
612,צרופה,747,76.51,79.0,75.78,77.1,1.38,0.0,"קטן (עד 2,000)",-0.33,0
613,ציפורי,700,76.47,77.89,76.54,76.97,0.65,0.2,"קטן (עד 2,000)",-2.86,0
614,שומרה,310,59.71,71.28,66.22,65.74,4.73,0.0,"קטן (עד 2,000)",2.62,1
615,קדרון,1230,80.19,80.5,78.92,79.87,0.69,0.33,"קטן (עד 2,000)",-0.86,0
616,רינתיה,692,75.85,79.21,80.46,78.5,1.95,0.0,"קטן (עד 2,000)",0.68,1
617,ברקאי,535,66.1,68.18,67.91,67.4,0.92,0.58,"קטן (עד 2,000)",-2.15,0
618,חדיד,650,74.67,82.89,78.57,78.71,3.36,0.85,"קטן (עד 2,000)",-0.41,0
619,בית גוברין,302,77.35,79.71,79.65,78.9,1.1,0.0,"קטן (עד 2,000)",-1.89,0
620,משואות יצחק,450,83.23,84.19,82.94,83.45,0.53,0.26,"קטן (עד 2,000)",-0.11,0
622,עין צורים,470,83.71,81.64,80.39,81.91,1.37,0.54,"קטן (עד 2,000)",1.46,1
623,יראון,367,58.82,63.17,59.78,60.59,1.87,0.45,"קטן (עד 2,000)",1.63,1
627,גלגוליה,6876,70.88,82.07,68.42,73.79,5.94,0.78,"בינוני (2,000-20,000)",10.44,1
628,גת,8694,38.89,52.69,37.34,42.97,6.9,1.51,"בינוני (2,000-20,000)",13.23,1
633,כפר ברא,2576,60.09,76.56,64.77,67.14,6.93,0.34,"בינוני (2,000-20,000)",9.31,1
634,כפר קאסם,16449,80.18,63.03,64.62,69.28,7.74,1.27,"בינוני (2,000-20,000)",10.63,1
635,מוקייבלה,2769,54.33,63.61,33.86,50.6,12.43,2.47,"בינוני (2,000-20,000)",4.76,1
636,צנדלה,1318,43.5,67.85,32.03,47.79,14.94,2.34,"קטן (עד 2,000)",10.03,1
637,ערערה,14219,53.13,69.69,39.17,54.0,12.48,1.1,"בינוני (2,000-20,000)",13.37,1
638,קלנסווה,15420,52.6,70.79,47.67,57.02,9.94,1.11,"בינוני (2,000-20,000)",19.24,1
648,מצר,430,74.06,75.06,75.0,74.7,0.46,0.0,"קטן (עד 2,000)",-0.35,0
649,מייסר,1424,41.79,61.21,36.51,46.51,10.62,0.0,"קטן (עד 2,000)",9.02,1
652,אבטין,1935,41.23,49.45,36.36,42.34,5.4,2.79,"קטן (עד 2,000)",10.15,1
654,כפר קרע,13735,67.17,74.63,47.21,63.0,11.57,0.96,"בינוני (2,000-20,000)",16.66,1
658,שייח דנון,2134,54.29,73.69,54.25,60.74,9.15,1.89,"בינוני (2,000-20,000)",7.45,1
661,שער אפרים,1352,77.48,80.99,76.41,78.29,1.96,0.53,"קטן (עד 2,000)",1.05,1
662,חוסן,789,70.12,78.04,74.16,74.11,3.23,0.19,"קטן (עד 2,000)",3.31,1
663,טירת יהודה,823,80.87,85.9,83.1,83.29,2.05,0.62,"קטן (עד 2,000)",0.79,1
664,כרם בן זמרה,404,70.82,79.12,79.09,76.35,3.91,0.0,"קטן (עד 2,000)",1.24,1
665,תקומה,514,85.89,82.51,85.59,84.67,1.53,0.0,"קטן (עד 2,000)",0.34,1
666,עומר,6642,74.29,76.2,75.23,75.24,0.78,0.27,"בינוני (2,000-20,000)",0.13,1
667,ברעם,547,68.2,70.39,69.03,69.21,0.9,0.0,"קטן (עד 2,000)",-3.53,0
668,מפלסים,722,73.08,70.47,71.95,71.83,1.07,0.21,"קטן (עד 2,000)",1.02,1
670,משמר איילון,404,77.2,79.79,82.59,79.86,2.2,0.3,"קטן (עד 2,000)",8.54,1
672,בית נקופה,498,74.37,77.59,78.23,76.73,1.69,0.83,"קטן (עד 2,000)",-0.82,0
673,כפר טרומן,586,82.12,83.49,80.42,82.01,1.26,0.0,"קטן (עד 2,000)",-0.65,0
674,לימן,570,75.78,78.36,73.64,75.93,1.93,0.0,"קטן (עד 2,000)",-1.18,0
675,הבונים,315,72.4,72.22,69.86,71.5,1.16,0.0,"קטן (עד 2,000)",-4.74,0
676,עין השלושה,299,59.88,66.67,60.98,62.51,2.97,1.08,"קטן (עד 2,000)",-2.17,0
677,הסוללים,760,73.43,79.12,77.25,76.6,2.37,0.91,"קטן (עד 2,000)",0.17,1
678,מעגן,328,61.81,66.24,73.01,67.02,4.6,0.42,"קטן (עד 2,000)",-0.49,0
679,אביאל,547,81.14,81.98,79.08,80.73,1.22,0.49,"קטן (עד 2,000)",-4.27,0
680,אומץ,537,75.88,76.81,74.51,75.73,0.94,0.0,"קטן (עד 2,000)",-3.09,0
681,גבעת שמואל,20150,77.79,79.97,78.18,78.65,0.95,0.28,"גדול (20,000+)",0.35,1
682,אליקים,623,71.4,76.73,73.39,73.84,2.2,0.0,"קטן (עד 2,000)",7.04,1
683,גבע כרמל,729,75.78,80.25,77.81,77.94,1.83,0.53,"קטן (עד 2,000)",2.53,1
684,היוגב,618,79.16,80.82,80.39,80.12,0.7,0.44,"קטן (עד 2,000)",2.46,1
685,בניה,616,84.31,86.72,85.35,85.46,0.99,0.0,"קטן (עד 2,000)",-1.07,0
686,נווה ימין,951,71.75,77.63,76.23,75.2,2.5,0.39,"קטן (עד 2,000)",2.4,1
687,עין איילה,788,79.21,77.98,79.08,78.76,0.55,0.0,"קטן (עד 2,000)",-1.04,0
688,עלמה,595,62.74,75.64,77.51,71.96,6.57,0.0,"קטן (עד 2,000)",5.79,1
689,מגדים,842,75.43,79.48,78.9,77.94,1.79,0.49,"קטן (עד 2,000)",0.08,1
690,כפר אחים,533,79.42,79.75,83.58,80.92,1.89,0.68,"קטן (עד 2,000)",-1.44,0
692,שפיר,565,82.21,85.29,84.56,84.02,1.31,0.0,"קטן (עד 2,000)",-0.19,0
693,נתיב הלה,501,78.26,78.48,77.23,77.99,0.55,0.29,"קטן (עד 2,000)",0.31,1
694,מעגן מיכאל,1738,69.32,71.75,69.19,70.09,1.18,0.26,"קטן (עד 2,000)",-1.97,0
695,מגן,468,69.13,69.96,74.08,71.06,2.17,0.58,"קטן (עד 2,000)",-2.71,0
696,כפר חבד,4371,69.14,70.86,68.29,69.43,1.07,0.04,"בינוני (2,000-20,000)",1.65,1
697,בארותיים,754,81.74,82.26,79.4,81.14,1.24,0.0,"קטן (עד 2,000)",-1.13,0
698,בורגתה,835,79.17,80.82,78.12,79.37,1.11,0.16,"קטן (עד 2,000)",-1.99,0
699,ניר ישראל,616,77.24,78.82,76.75,77.6,0.88,0.0,"קטן (עד 2,000)",0.65,1
700,חצב,903,71.09,78.71,76.33,75.38,3.18,0.61,"קטן (עד 2,000)",2.77,1
701,ארבל,497,68.69,76.02,76.01,73.57,3.45,0.29,"קטן (עד 2,000)",4.64,1
702,האון,157,63.47,62.2,61.44,62.37,0.84,1.06,"קטן (עד 2,000)",-3.93,0
703,גבעת עוז,409,66.34,67.59,68.05,67.33,0.72,0.0,"קטן (עד 2,000)",0.29,1
705,נחשונים,363,70.47,70.1,71.8,70.79,0.73,0.0,"קטן (עד 2,000)",2.26,1
706,גיאה,574,75.8,80.69,79.6,78.7,2.09,0.0,"קטן (עד 2,000)",-1.63,0
707,כפר דניאל,505,81.82,79.3,77.39,79.5,1.81,0.79,"קטן (עד 2,000)",-4.07,0
708,עמקה,610,71.31,73.02,76.46,73.6,2.14,0.46,"קטן (עד 2,000)",3.35,1
709,תפרח,1082,89.0,89.74,87.99,88.91,0.72,0.68,"קטן (עד 2,000)",3.52,1
710,בית זית,1126,76.67,76.38,74.72,75.92,0.86,0.35,"קטן (עד 2,000)",-0.95,0
711,עזריה,809,72.91,81.96,81.72,78.87,4.21,0.0,"קטן (עד 2,000)",5.15,1
712,בן עמי,558,76.09,80.71,78.95,78.58,1.9,0.0,"קטן (עד 2,000)",-3.31,0
713,רעים,387,76.36,80.17,74.59,77.04,2.33,0.37,"קטן (עד 2,000)",-0.8,0
714,ארז,473,73.97,76.44,76.04,75.48,1.08,0.32,"קטן (עד 2,000)",-3.76,0
715,להבות חביבה,653,74.23,79.3,78.99,77.51,2.32,0.22,"קטן (עד 2,000)",-0.23,0
716,אייל,410,80.33,81.87,82.78,81.66,1.01,0.62,"קטן (עד 2,000)",-0.76,0
717,חגור,729,78.52,85.24,81.3,81.69,2.76,0.35,"קטן (עד 2,000)",-0.19,0
718,ירחיב,822,71.13,75.33,74.47,73.64,1.81,0.5,"קטן (עד 2,000)",4.49,1
719,תל קציר,358,69.74,73.63,71.9,71.75,1.59,0.0,"קטן (עד 2,000)",-0.11,0
720,ניר גלים,664,87.98,87.48,86.85,87.43,0.46,0.0,"קטן (עד 2,000)",-4.88,0
721,שדה אילן,419,81.98,82.83,82.63,82.48,0.37,0.0,"קטן (עד 2,000)",0.59,1
722,מגשימים,686,77.09,75.55,78.62,77.09,1.26,0.0,"קטן (עד 2,000)",-3.4,0
723,בית הגדי,595,75.4,84.83,83.25,81.16,4.13,0.42,"קטן (עד 2,000)",3.17,1
726,הודיה,535,57.32,68.57,67.94,64.61,5.16,0.0,"קטן (עד 2,000)",2.71,1
727,תלמי יחיאל,634,70.08,73.87,77.96,73.97,3.22,0.0,"קטן (עד 2,000)",1.24,1
729,משמר השבעה,716,74.72,78.29,76.41,76.47,1.46,0.39,"קטן (עד 2,000)",4.7,1
730,אליפלט,504,64.15,72.89,70.04,69.03,3.64,0.31,"קטן (עד 2,000)",7.17,1
731,מישר,486,80.41,83.04,79.92,81.12,1.37,0.0,"קטן (עד 2,000)",-1.08,0
732,משמר הירדן,582,69.75,76.65,73.81,73.4,2.83,0.5,"קטן (עד 2,000)",4.85,1
734,גן יאשיה,678,81.63,82.93,79.01,81.19,1.63,0.41,"קטן (עד 2,000)",-1.89,0
735,רמות מאיר,553,70.31,73.75,74.01,72.69,1.69,0.24,"קטן (עד 2,000)",-2.04,0
736,גילת,1119,68.02,76.42,76.23,73.56,3.92,0.26,"קטן (עד 2,000)",6.53,1
737,עולש,787,78.79,79.33,79.42,79.18,0.28,0.66,"קטן (עד 2,000)",-4.54,0
738,דור,286,73.41,82.71,80.07,78.73,3.91,0.45,"קטן (עד 2,000)",-2.88,0
739,שדה עוזיהו,1026,71.58,79.64,78.25,76.49,3.52,0.4,"קטן (עד 2,000)",7.72,1
740,אשתאול,757,78.0,80.88,81.94,80.27,1.66,0.32,"קטן (עד 2,000)",2.04,1
741,שואבה,462,75.12,79.29,76.77,77.06,1.72,0.28,"קטן (עד 2,000)",3.18,1
742,מסילת ציון,711,80.31,81.61,81.96,81.29,0.71,0.0,"קטן (עד 2,000)",3.87,1
743,כפר שמואל,616,82.38,82.61,84.69,83.23,1.04,0.2,"קטן (עד 2,000)",0.18,1
744,תלמי יפה,526,74.32,78.3,74.49,75.71,1.84,0.27,"קטן (עד 2,000)",3.46,1
745,גמזו,692,82.01,84.15,84.02,83.4,0.98,0.18,"קטן (עד 2,000)",0.17,1
746,ברכיה,793,80.21,85.63,84.76,83.53,2.38,0.16,"קטן (עד 2,000)",6.16,1
747,בית שקמה,575,53.55,66.54,69.88,63.32,7.04,0.25,"קטן (עד 2,000)",5.92,1
748,מסלול,546,69.6,78.72,74.95,74.42,3.74,0.82,"קטן (עד 2,000)",3.06,1
749,פטיש,683,69.7,82.54,82.98,78.4,6.16,0.37,"קטן (עד 2,000)",5.78,1
750,פדויים,347,63.96,72.15,67.89,68.0,3.34,0.0,"קטן (עד 2,000)",3.14,1
751,בית מאיר,341,74.93,80.28,73.53,76.25,2.91,0.36,"קטן (עד 2,000)",1.01,1
752,תעוז,433,75.25,80.99,80.71,78.98,2.64,0.58,"קטן (עד 2,000)",1.97,1
753,ינוב,621,73.81,77.7,77.69,76.4,1.83,0.42,"קטן (עד 2,000)",1.17,1
755,גורן,344,71.02,75.21,73.56,73.27,1.72,0.39,"קטן (עד 2,000)",4.21,1
756,בית עזרא,833,74.74,80.05,79.12,77.97,2.31,0.9,"קטן (עד 2,000)",1.38,1
757,מצליח,958,70.59,77.44,75.51,74.51,2.88,0.82,"קטן (עד 2,000)",3.97,1
758,יד חנה,604,81.17,81.84,79.89,80.97,0.81,0.22,"קטן (עד 2,000)",1.02,1
759,יציץ,579,64.66,75.72,73.71,71.36,4.81,0.7,"קטן (עד 2,000)",1.94,1
760,בן זכאי,584,74.07,80.85,81.9,78.94,3.47,1.03,"קטן (עד 2,000)",5.32,1
761,שובה,448,75.0,80.38,78.87,78.08,2.26,0.3,"קטן (עד 2,000)",5.86,1
762,בטחה,629,75.93,81.72,77.72,78.46,2.42,0.42,"קטן (עד 2,000)",4.37,1
763,שתולים,1460,71.54,76.37,76.2,74.7,2.24,0.38,"קטן (עד 2,000)",4.42,1
764,כפר מרדכי,478,79.95,80.37,79.83,80.05,0.23,0.54,"קטן (עד 2,000)",-0.49,0
765,משגב דב,521,79.49,79.27,81.06,79.94,0.8,0.0,"קטן (עד 2,000)",-2.98,0
766,קוממיות,258,60.32,57.94,57.5,58.59,1.24,0.0,"קטן (עד 2,000)",17.95,1
767,פורת,924,59.97,70.6,68.65,66.4,4.62,0.49,"קטן (עד 2,000)",7.1,1
768,כרמיה,461,70.27,76.72,74.06,73.68,2.65,0.0,"קטן (עד 2,000)",0.83,1
769,ניר עציון,431,69.86,75.38,74.5,73.25,2.42,0.0,"קטן (עד 2,000)",-0.37,0
771,מבוא ביתר,675,71.98,77.22,76.37,75.19,2.3,0.22,"קטן (עד 2,000)",-2.38,0
772,אמונים,735,71.86,73.12,72.62,72.53,0.52,0.4,"קטן (עד 2,000)",-0.25,0
773,עמיקם,548,75.58,78.45,77.04,77.02,1.17,0.25,"קטן (עד 2,000)",-1.51,0
774,צוריאל,330,70.08,77.73,75.09,74.3,3.17,0.0,"קטן (עד 2,000)",-2.94,0
775,יד נתן,419,71.63,79.3,78.08,76.34,3.37,0.63,"קטן (עד 2,000)",0.72,1
776,מחסיה,311,65.37,77.1,78.55,73.67,5.9,0.8,"קטן (עד 2,000)",3.97,1
777,נחשון,478,76.04,76.62,75.55,76.07,0.44,1.16,"קטן (עד 2,000)",-0.83,0
778,תרום,616,76.31,85.27,79.32,80.3,3.72,0.23,"קטן (עד 2,000)",1.14,1
779,עמינדב,652,75.04,77.69,76.49,76.41,1.08,0.2,"קטן (עד 2,000)",-0.1,0
780,אורה,831,72.21,76.85,72.92,73.99,2.04,0.33,"קטן (עד 2,000)",3.04,1
783,אבן ספיר,506,70.94,75.2,72.23,72.79,1.78,1.11,"קטן (עד 2,000)",2.94,1
784,בית נחמיה,647,73.45,78.07,79.94,77.15,2.73,0.4,"קטן (עד 2,000)",2.07,1
785,אחיהוד,714,76.6,81.19,79.53,79.11,1.9,0.0,"קטן (עד 2,000)",1.45,1
786,כפר זיתים,473,57.76,70.73,72.1,66.86,6.46,0.28,"קטן (עד 2,000)",2.54,1
787,גבעת יערים,916,74.52,78.15,76.63,76.43,1.49,0.0,"קטן (עד 2,000)",-0.65,0
788,זיתן,818,76.89,83.67,80.36,80.31,2.77,0.45,"קטן (עד 2,000)",5.43,1
789,רנן,468,64.74,73.58,76.11,71.48,4.88,0.31,"קטן (עד 2,000)",6.17,1
791,משען,725,69.26,74.09,78.71,74.02,3.86,0.54,"קטן (עד 2,000)",2.19,1
792,נתיב השיירה,419,73.08,79.02,75.72,75.94,2.43,0.63,"קטן (עד 2,000)",4.12,1
793,גבעתי,677,67.64,75.34,71.27,71.41,3.15,1.34,"קטן (עד 2,000)",8.53,1
794,עגור,327,71.48,72.73,73.93,72.71,1.0,0.0,"קטן (עד 2,000)",1.8,1
795,יערה,590,73.84,79.41,73.22,75.49,2.78,0.5,"קטן (עד 2,000)",-1.9,0
796,צלפון,696,70.44,76.35,77.56,74.78,3.11,0.58,"קטן (עד 2,000)",5.6,1
797,אחיעזר,1224,78.7,83.94,83.38,82.01,2.35,0.31,"קטן (עד 2,000)",2.96,1
798,יגל,631,71.61,79.1,80.48,77.07,3.9,0.2,"קטן (עד 2,000)",5.46,1
799,זכריה,767,74.56,80.76,76.32,77.21,2.61,0.17,"קטן (עד 2,000)",5.63,1
800,בית חנניה,628,78.4,82.67,78.86,79.98,1.91,0.0,"קטן (עד 2,000)",0.04,1
801,חמד,614,85.77,87.28,87.52,86.86,0.77,0.0,"קטן (עד 2,000)",-2.31,0
802,גבעת כח,640,71.7,75.57,72.73,73.33,1.64,0.42,"קטן (עד 2,000)",7.13,1
803,יושיביה,377,82.13,86.96,78.72,82.6,3.38,0.39,"קטן (עד 2,000)",5.96,1
804,אחיסמך,890,72.26,79.83,79.03,77.04,3.4,0.73,"קטן (עד 2,000)",6.18,1
805,ישעי,576,78.83,78.74,76.22,77.93,1.21,0.71,"קטן (עד 2,000)",4.59,1
806,עין יהב,618,80.13,79.5,75.67,78.43,1.97,0.0,"קטן (עד 2,000)",-3.54,0
807,חניאל,647,72.84,74.88,73.98,73.9,0.83,0.41,"קטן (עד 2,000)",1.6,1
808,ניר אליהו,425,70.5,74.74,71.29,72.18,1.84,0.34,"קטן (עד 2,000)",-1.95,0
809,נחם,418,87.5,91.73,84.56,87.93,2.94,0.29,"קטן (עד 2,000)",5.47,1
810,עופר,402,76.86,80.99,79.45,79.1,1.7,0.0,"קטן (עד 2,000)",2.13,1
811,יכיני,482,78.05,80.41,78.57,79.01,1.01,0.0,"קטן (עד 2,000)",6.38,1
812,שלומי,5887,64.92,69.16,66.87,66.98,1.73,0.65,"בינוני (2,000-20,000)",2.76,1
813,עין יעקב,776,74.4,76.67,79.05,76.71,1.9,0.18,"קטן (עד 2,000)",5.21,1
814,תלמים,577,72.14,80.78,75.58,76.17,3.55,0.24,"קטן (עד 2,000)",8.12,1
815,זבדיאל,447,79.27,82.89,84.37,82.17,2.14,0.59,"קטן (עד 2,000)",2.54,1
816,זנוח,407,67.24,75.68,71.46,71.46,3.45,0.0,"קטן (עד 2,000)",7.21,1
817,עזריקם,992,72.15,77.67,78.21,76.01,2.74,0.28,"קטן (עד 2,000)",5.35,1
818,זרחיה,519,76.79,82.18,83.3,80.76,2.84,0.25,"קטן (עד 2,000)",1.53,1
819,אביגדור,607,80.46,83.48,80.71,81.55,1.37,0.0,"קטן (עד 2,000)",2.31,1
820,חלץ,367,63.64,72.49,69.36,68.5,3.67,0.0,"קטן (עד 2,000)",2.18,1
821,אחוזם,404,64.86,73.37,70.84,69.69,3.57,0.0,"קטן (עד 2,000)",-0.04,0
822,מטע,585,70.93,77.21,74.01,74.05,2.57,0.0,"קטן (עד 2,000)",-1.09,0
823,בר גיורא,431,74.28,75.95,77.35,75.86,1.26,0.0,"קטן (עד 2,000)",4.41,1
824,כוכב מיכאל,748,73.64,74.81,75.79,74.75,0.88,0.38,"קטן (עד 2,000)",1.46,1
825,נס הרים,884,70.63,80.65,76.53,75.94,4.11,0.0,"קטן (עד 2,000)",0.28,1
826,עוזה,342,71.66,78.61,75.41,75.23,2.84,0.0,"קטן (עד 2,000)",6.25,1
827,נווה מבטח,509,76.12,81.42,82.56,80.03,2.81,0.8,"קטן (עד 2,000)",-0.96,0
828,ישרש,725,71.5,77.18,77.79,75.49,2.83,0.54,"קטן (עד 2,000)",0.67,1
829,מבטחים,399,61.11,62.67,60.78,61.52,0.82,0.0,"קטן (עד 2,000)",6.72,1
831,ירוחם,7861,60.27,64.31,66.49,63.69,2.58,1.12,"בינוני (2,000-20,000)",3.52,1
836,גנות,345,81.04,82.42,76.72,80.06,2.43,0.0,"קטן (עד 2,000)",2.84,1
837,עזריאל,618,79.72,84.39,83.25,82.45,1.98,0.2,"קטן (עד 2,000)",1.91,1
838,פדיה,612,72.6,79.63,78.71,76.98,3.12,0.65,"קטן (עד 2,000)",3.11,1
839,פתחיה,639,71.64,78.2,79.06,76.3,3.31,0.41,"קטן (עד 2,000)",3.15,1
840,כיסופים,300,57.03,55.4,54.7,55.71,0.97,0.0,"קטן (עד 2,000)",5.13,1
841,אלישמע,812,77.41,79.34,81.33,79.36,1.6,0.76,"קטן (עד 2,000)",-0.44,0
842,געש,725,74.78,78.62,79.2,77.53,1.96,0.0,"קטן (עד 2,000)",-2.27,0
843,מרגליות,354,47.67,55.91,56.93,53.5,4.15,0.0,"קטן (עד 2,000)",6.23,1
844,נחל עוז,355,68.86,70.48,71.85,70.4,1.22,0.0,"קטן (עד 2,000)",3.28,1
845,כפר עזה,768,76.88,75.52,74.23,75.54,1.08,0.38,"קטן (עד 2,000)",0.13,1
846,שפר,319,67.49,71.53,73.73,70.92,2.58,0.0,"קטן (עד 2,000)",5.99,1
848,בית רבן,299,75.41,83.11,82.75,80.42,3.55,0.0,"קטן (עד 2,000)",-0.84,0
849,דבירה,686,80.81,78.81,76.19,78.6,1.89,0.2,"קטן (עד 2,000)",-2.45,0
850,אחיטוב,743,70.23,80.86,79.18,76.76,4.67,2.49,"קטן (עד 2,000)",1.29,1
851,ניצני עוז,765,74.47,80.61,74.87,76.65,2.8,0.36,"קטן (עד 2,000)",0.76,1
852,גונן,360,67.45,71.35,69.86,69.55,1.61,0.83,"קטן (עד 2,000)",-2.69,0
853,גאליה,820,78.84,78.62,77.14,78.2,0.76,0.46,"קטן (עד 2,000)",-3.33,0
854,רחוב,336,67.29,78.09,72.98,72.79,4.41,0.0,"קטן (עד 2,000)",2.6,1
856,שעלבים,824,88.76,90.55,88.53,89.28,0.9,0.32,"קטן (עד 2,000)",-1.54,0
857,כפר אביב,562,79.0,81.08,77.21,79.1,1.58,0.0,"קטן (עד 2,000)",-3.46,0
858,נווה ירק,860,82.99,84.53,80.86,82.79,1.51,0.0,"קטן (עד 2,000)",-3.72,0
859,כסלון,303,70.93,77.62,77.37,75.31,3.1,0.0,"קטן (עד 2,000)",2.63,1
861,שדה אליעזר,674,69.53,76.05,75.35,73.64,2.92,0.0,"קטן (עד 2,000)",1.61,1
862,גני יוחנן,520,76.48,77.26,74.95,76.23,0.96,0.5,"קטן (עד 2,000)",1.52,1
863,גינתון,646,79.16,81.4,78.75,79.77,1.17,0.39,"קטן (עד 2,000)",1.14,1
864,בקוע,571,75.24,80.68,81.13,79.02,2.68,0.0,"קטן (עד 2,000)",9.38,1
865,שיבולים,282,75.57,83.53,80.75,79.95,3.3,0.47,"קטן (עד 2,000)",3.52,1
866,יטבתה,711,64.52,64.23,63.21,63.99,0.56,0.24,"קטן (עד 2,000)",-3.34,0
868,אלוני יצחק,125,24.35,22.69,21.05,22.7,1.35,0.0,"קטן (עד 2,000)",0.8,1
870,גבעת השלושה,531,77.12,77.51,78.87,77.83,0.75,0.51,"קטן (עד 2,000)",-3.11,0
871,עינת,600,84.65,84.92,84.14,84.57,0.32,0.0,"קטן (עד 2,000)",-3.21,0
872,גאולי תימן,252,68.21,75.46,77.24,73.64,3.9,0.97,"קטן (עד 2,000)",5.77,1
873,שלווה,421,65.78,80.36,80.42,75.52,6.89,0.0,"קטן (עד 2,000)",6.2,1
874,מגדל העמק,22031,61.35,65.42,63.25,63.34,1.66,0.8,"גדול (20,000+)",3.42,1
877,בית חירות,618,80.51,80.75,79.1,80.12,0.73,0.0,"קטן (עד 2,000)",-3.94,0
880,עין שריד,1112,72.93,76.44,76.42,75.26,1.65,0.24,"קטן (עד 2,000)",1.38,1
885,שדה בוקר,428,69.43,66.33,70.1,68.62,1.64,0.7,"קטן (עד 2,000)",-4.44,0
888,כפר הריף,605,74.91,81.51,77.3,77.9,2.73,0.22,"קטן (עד 2,000)",-1.63,0
889,כפר חסידים ב,226,74.19,72.56,73.97,73.58,0.72,0.0,"קטן (עד 2,000)",-2.69,0
892,עבדון,528,69.3,72.3,70.76,70.79,1.23,0.0,"קטן (עד 2,000)",6.52,1
913,שבלי  אום אלגנם,4548,43.93,59.29,39.63,47.62,8.44,0.87,"בינוני (2,000-20,000)",12.76,1
916,ישע,301,70.83,72.69,73.45,72.33,1.1,0.5,"קטן (עד 2,000)",6.9,1
917,עצמון שגב,1003,75.74,74.79,73.4,74.64,0.96,0.15,"קטן (עד 2,000)",-7.09,0
919,גבעת ישעיהו,506,75.12,84.3,77.65,79.03,3.87,0.25,"קטן (עד 2,000)",-2.32,0
921,שער מנשה,132,9.02,10.83,9.92,9.92,0.74,15.38,"קטן (עד 2,000)",5.25,1
922,רכסים,6974,85.12,85.9,86.31,85.78,0.49,0.95,"בינוני (2,000-20,000)",2.54,1
939,מסעודין אלעזאזמה,8444,37.26,45.28,42.03,41.52,3.29,0.91,"בינוני (2,000-20,000)",-0.67,0
942,סואעד חמרייה,173,76.84,42.48,34.03,51.12,18.52,4.08,"קטן (עד 2,000)",0.44,1
944,בסמת טבעון,5646,39.64,51.4,31.86,40.96,8.03,2.1,"בינוני (2,000-20,000)",10.4,1
956,הוזייל שבט,1156,22.07,31.86,32.6,28.84,4.8,1.4,"קטן (עד 2,000)",7.16,1
957,עוקבי בנו עוקבה,353,64.11,70.09,43.84,59.35,11.23,1.65,"קטן (עד 2,000)",10.43,1
958,אבו עבדון שבט,154,65.09,31.09,8.7,34.96,23.19,0.0,"קטן (עד 2,000)",8.62,1
960,אסד שבט,539,22.31,15.95,10.25,16.17,4.93,4.0,"קטן (עד 2,000)",8.43,1
961,אבו רוקייק שבט,5336,27.25,30.23,24.07,27.18,2.51,1.15,"בינוני (2,000-20,000)",5.0,1
962,טובאזנגריה,4793,33.07,46.57,30.29,36.64,7.11,2.64,"בינוני (2,000-20,000)",10.97,1
963,אעצם שבט,5320,35.14,32.24,21.44,29.61,5.89,1.87,"בינוני (2,000-20,000)",9.65,1
964,קודייראת אצאנעשבט,1512,30.18,34.84,12.86,25.96,9.45,1.19,"קטן (עד 2,000)",2.21,1
965,אטרש שבט,1803,28.81,27.7,15.13,23.88,6.21,0.44,"קטן (עד 2,000)",3.84,1
966,אבו רובייעה שבט,4484,15.77,20.45,19.42,18.54,2.01,1.05,"בינוני (2,000-20,000)",10.19,1
967,אבו גווייעד שבט,2279,15.04,19.44,14.36,16.28,2.25,1.82,"בינוני (2,000-20,000)",8.08,1
968,אבו קורינאת שבט,3386,27.66,28.27,21.87,25.93,2.89,1.72,"בינוני (2,000-20,000)",4.19,1
969,עטאוונה שבט,116,23.39,47.9,4.5,25.26,17.77,0.0,"קטן (עד 2,000)",16.92,1
970,תראבין אצאנע שבט,582,16.78,16.59,5.24,12.87,5.39,0.0,"קטן (עד 2,000)",2.28,1
972,קוואעין שבט,554,25.41,74.82,13.77,38.0,26.46,1.54,"קטן (עד 2,000)",2.27,1
975,זרזיר,5760,48.75,48.66,36.16,44.52,5.91,1.69,"בינוני (2,000-20,000)",10.01,1
976,גנאביב שבט,564,38.91,38.23,34.6,37.24,1.89,1.94,"קטן (עד 2,000)",9.38,1
978,כעביהטבאשחגאגרה,3989,56.65,46.47,43.43,48.85,5.65,1.99,"בינוני (2,000-20,000)",15.9,1
990,ראס עלי,444,59.27,62.5,40.51,54.09,9.69,1.9,"קטן (עד 2,000)",10.21,1
993,חמאם,1230,39.32,50.0,37.12,42.15,5.63,2.37,"קטן (עד 2,000)",14.37,1
994,מנשית זבדה,927,59.91,65.16,50.54,58.54,6.04,1.91,"קטן (עד 2,000)",8.49,1
997,רומת הייב,1481,34.76,39.13,39.46,37.78,2.14,1.14,"קטן (עד 2,000)",7.63,1
998,ביר אלמכסור,6991,44.07,48.85,31.7,41.54,7.23,1.3,"בינוני (2,000-20,000)",22.3,1
1015,מבשרת ציון,19755,71.68,74.91,73.57,73.39,1.33,0.27,"בינוני (2,000-20,000)",1.61,1
1020,אור עקיבא,17133,52.46,64.07,62.97,59.83,5.23,0.74,"בינוני (2,000-20,000)",4.56,1
1024,חרוצים,615,72.46,77.47,75.68,75.21,2.07,0.68,"קטן (עד 2,000)",2.26,1
1031,שדרות,23403,55.58,62.57,64.77,60.97,3.92,1.22,"גדול (20,000+)",5.76,1
1034,קרית מלאכי,17963,61.25,68.01,66.77,65.34,2.94,0.88,"בינוני (2,000-20,000)",8.04,1
1041,נצאצרה שבט,345,78.91,43.55,29.15,50.54,20.91,0.0,"קטן (עד 2,000)",5.56,1
1043,גיזו,150,81.75,80.31,79.72,80.59,0.85,0.0,"קטן (עד 2,000)",-2.0,0
1044,יעף,185,89.6,86.71,86.47,87.59,1.42,0.0,"קטן (עד 2,000)",-4.71,0
1045,שתולה,240,65.3,71.56,73.57,70.14,3.52,0.0,"קטן (עד 2,000)",4.54,1
1046,אוהד,280,70.56,76.95,73.91,73.81,2.61,0.53,"קטן (עד 2,000)",3.38,1
1047,חזון,255,73.17,79.04,80.61,77.61,3.2,0.0,"קטן (עד 2,000)",7.98,1
1050,בית חשמונאי,1525,78.2,79.63,77.41,78.41,0.92,0.18,"קטן (עד 2,000)",2.19,1
1051,תלמי אליהו,232,52.46,65.56,64.07,60.7,5.86,0.68,"קטן (עד 2,000)",3.96,1
1052,קטורה,453,46.51,50.34,55.0,50.62,3.47,1.24,"קטן (עד 2,000)",-1.44,0
1054,תל שבע,10918,43.68,47.45,30.91,40.68,7.08,1.01,"בינוני (2,000-20,000)",10.56,1
1057,נווה זוהר,57,38.89,56.34,37.93,44.39,8.46,0.0,"קטן (עד 2,000)",-12.12,0
1058,שדה ניצן,391,53.8,55.73,59.23,56.25,2.25,0.0,"קטן (עד 2,000)",1.32,1
1059,כסיפה,9552,50.65,48.78,41.35,46.93,4.02,0.95,"בינוני (2,000-20,000)",8.8,1
1060,לקיה,8671,63.88,44.84,22.94,43.89,16.73,1.13,"בינוני (2,000-20,000)",7.4,1
1061,נוף הגליל,40467,53.08,57.78,55.18,55.35,1.92,1.73,"גדול (20,000+)",2.33,1
1063,מעלותתרשיחא,18917,61.3,66.76,59.62,62.56,3.05,0.97,"בינוני (2,000-20,000)",2.46,1
1064,אמירים,628,75.05,75.44,71.55,74.01,1.75,0.48,"קטן (עד 2,000)",-3.22,0
1065,זמרת,400,79.17,82.67,88.95,83.6,4.05,0.0,"קטן (עד 2,000)",2.52,1
1066,בני עיש,5695,64.78,70.42,66.34,67.18,2.38,0.99,"בינוני (2,000-20,000)",1.52,1
1067,דובב,357,59.08,63.08,70.19,64.12,4.6,0.0,"קטן (עד 2,000)",2.71,1
1068,אדמית,369,42.8,54.79,55.08,50.89,5.72,0.51,"קטן (עד 2,000)",1.21,1
1069,רםאון,687,82.79,80.24,77.33,80.12,2.23,0.2,"קטן (עד 2,000)",-3.23,0
1070,אביעזר,618,79.26,82.02,78.69,79.99,1.46,0.23,"קטן (עד 2,000)",2.4,1
1071,נווה מיכאל,488,72.78,76.86,77.17,75.61,2.0,0.28,"קטן (עד 2,000)",5.6,1
1072,גן הדרום,344,80.0,86.84,80.41,82.42,3.13,0.0,"קטן (עד 2,000)",1.91,1
1077,גבעת שפירא,226,79.89,82.86,79.25,80.66,1.57,0.0,"קטן (עד 2,000)",0.69,1
1079,צפרירים,332,63.53,72.7,66.67,67.63,3.8,0.5,"קטן (עד 2,000)",-1.83,0
1080,מבועים,942,67.97,73.17,74.62,71.92,2.85,0.0,"קטן (עד 2,000)",7.16,1
1081,אבן מנחם,278,61.51,74.81,71.02,69.12,5.6,0.0,"קטן (עד 2,000)",0.69,1
1082,מעגלים,1090,76.62,82.8,84.56,81.32,3.4,0.0,"קטן (עד 2,000)",1.77,1
1083,תושיה,362,87.98,87.31,81.37,85.55,2.97,0.0,"קטן (עד 2,000)",-1.14,0
1084,בן שמן כפר נוער,245,64.98,70.46,69.92,68.45,2.47,0.0,"קטן (עד 2,000)",1.94,1
1085,כרם שלום,153,43.68,50.53,53.97,49.39,4.28,1.47,"קטן (עד 2,000)",8.5,1
1094,כרם יבנה ישיבה,138,90.73,90.74,88.61,90.03,1.0,0.0,"קטן (עד 2,000)",4.26,1
1095,כפר מימון,484,88.83,85.35,83.78,85.99,2.11,0.0,"קטן (עד 2,000)",-3.41,0
1098,מרכז שפירא,1620,81.88,84.64,85.34,83.95,1.49,0.25,"קטן (עד 2,000)",1.5,1
1102,צוקי ים,193,73.43,76.07,75.32,74.94,1.11,0.0,"קטן (עד 2,000)",-3.56,0
1103,גני הדר,286,74.65,81.66,79.44,78.58,2.93,0.0,"קטן (עד 2,000)",2.01,1
1104,פוריה  כפר עבודה,287,59.38,69.29,69.81,66.16,4.8,0.0,"קטן (עד 2,000)",4.33,1
1105,פוריה  נווה עובד,1055,63.22,67.39,70.3,66.97,2.91,0.29,"קטן (עד 2,000)",4.34,1
1108,אומן,499,54.35,59.2,60.23,57.93,2.56,0.48,"קטן (עד 2,000)",3.53,1
1110,חבר,501,65.91,71.91,66.67,68.16,2.67,0.43,"קטן (עד 2,000)",2.08,1
1112,יודפת,668,79.16,80.26,81.49,80.3,0.95,0.21,"קטן (עד 2,000)",-3.03,0
1113,צור הדסה,6616,76.71,78.59,78.6,77.97,0.89,0.3,"בינוני (2,000-20,000)",-0.07,0
1114,שריגים ליאון,779,72.03,74.86,75.52,74.14,1.51,0.33,"קטן (עד 2,000)",-1.38,0
1115,אביבים,347,63.49,68.45,74.1,68.68,4.33,0.41,"קטן (עד 2,000)",7.05,1
1123,אדרת,609,74.02,76.91,74.86,75.26,1.21,0.73,"קטן (עד 2,000)",3.8,1
1124,נאות הכיכר,225,70.37,68.69,69.67,69.58,0.69,0.0,"קטן (עד 2,000)",-0.11,0
1125,אלמגור,300,80.63,82.08,81.34,81.35,0.59,0.0,"קטן (עד 2,000)",-5.31,0
1126,אילות,276,68.58,62.41,65.86,65.62,2.53,0.0,"קטן (עד 2,000)",-2.54,0
1127,מעלה גלבוע,386,80.99,82.51,84.62,82.7,1.49,0.0,"קטן (עד 2,000)",-0.34,0
1128,מי עמי,259,82.88,84.0,81.5,82.79,1.02,0.97,"קטן (עד 2,000)",3.01,1
1129,גרופית,292,62.83,63.82,63.03,63.23,0.43,0.0,"קטן (עד 2,000)",-1.6,0
1130,כפר רוזנואלד זרעית,222,65.62,74.75,69.37,69.91,3.74,0.0,"קטן (עד 2,000)",5.1,1
1132,שניר,493,75.38,74.94,75.94,75.42,0.41,0.0,"קטן (עד 2,000)",-2.16,0
1133,ורדון,214,71.2,81.08,78.08,76.79,4.13,0.58,"קטן (עד 2,000)",7.0,1
1136,צוחר,466,57.27,68.26,72.41,65.98,6.39,0.0,"קטן (עד 2,000)",1.25,1
1137,קרית יערים,3496,74.17,76.34,75.23,75.25,0.89,0.79,"בינוני (2,000-20,000)",4.08,1
1138,יעד,628,79.6,78.75,77.92,78.76,0.69,0.23,"קטן (עד 2,000)",-4.14,0
1139,כרמיאל,42065,59.03,63.08,60.56,60.89,1.67,1.04,"גדול (20,000+)",0.54,1
1140,מדרשת בן גוריון,1147,74.06,75.56,75.37,75.0,0.67,0.12,"קטן (עד 2,000)",-3.67,0
1141,מבוא מודיעים,176,63.78,65.59,65.22,64.86,0.78,0.0,"קטן (עד 2,000)",4.85,1
1145,אלומה,612,89.12,88.52,86.1,87.92,1.31,0.0,"קטן (עד 2,000)",2.72,1
1146,עלומים,347,84.28,75.94,80.35,80.19,3.4,0.0,"קטן (עד 2,000)",-2.89,0
1147,נטועה,257,67.54,81.61,76.67,75.27,5.83,0.54,"קטן (עד 2,000)",1.65,1
1148,צור נתן,228,74.88,79.53,74.78,76.4,2.22,0.58,"קטן (עד 2,000)",-6.7,0
1149,עזר,609,73.06,77.69,79.42,76.72,2.69,0.4,"קטן (עד 2,000)",0.07,1
1150,צופר,383,77.22,79.49,76.35,77.69,1.32,0.0,"קטן (עד 2,000)",1.55,1
1151,פארן,398,73.64,74.66,75.82,74.71,0.89,0.36,"קטן (עד 2,000)",-5.12,0
1152,אשלים,437,66.78,74.92,75.45,72.38,3.97,0.34,"קטן (עד 2,000)",2.67,1
1153,כישור,131,76.77,78.5,76.67,77.31,0.84,0.0,"קטן (עד 2,000)",2.05,1
1155,מגן שאול,413,68.47,76.02,80.59,75.03,5.0,0.33,"קטן (עד 2,000)",7.38,1
1156,סמר,239,62.78,65.65,64.63,64.35,1.19,0.0,"קטן (עד 2,000)",-7.45,0
1157,אחווה,181,79.56,81.01,77.01,79.19,1.65,1.39,"קטן (עד 2,000)",-3.54,0
1158,יהל,224,49.77,50.0,55.14,51.64,2.48,0.85,"קטן (עד 2,000)",-1.62,0
1160,שכניה,623,80.08,74.38,78.98,77.81,2.47,0.0,"קטן (עד 2,000)",0.75,1
1161,רהט,38346,56.57,58.17,49.62,54.79,3.71,1.11,"גדול (20,000+)",12.83,1
1162,בית רימון,448,83.54,85.16,87.5,85.4,1.63,0.0,"קטן (עד 2,000)",1.66,1
1163,מורן,376,74.66,79.0,76.58,76.74,1.78,0.0,"קטן (עד 2,000)",-1.29,0
1165,שילת,529,85.29,84.58,80.99,83.62,1.88,0.0,"קטן (עד 2,000)",-1.62,0
1166,כפר רות,190,82.16,86.67,82.16,83.66,2.12,0.0,"קטן (עד 2,000)",-2.73,0
1167,קיסריה,5448,66.06,67.62,66.01,66.56,0.75,0.16,"בינוני (2,000-20,000)",-0.69,0
1169,הוואשלה שבט,1202,39.72,41.22,35.79,38.91,2.29,2.14,"קטן (עד 2,000)",7.47,1
1170,סייד שבט,970,37.45,41.52,17.09,32.02,10.69,2.68,"קטן (עד 2,000)",7.81,1
1171,לוטם,533,70.94,77.0,73.17,73.7,2.5,0.56,"קטן (עד 2,000)",-0.27,0
1172,תובל,324,69.04,69.04,65.78,67.95,1.54,0.0,"קטן (עד 2,000)",-4.39,0
1173,לפידות,118,67.69,73.81,73.17,71.56,2.75,0.0,"קטן (עד 2,000)",5.17,1
1174,מנוף,672,73.23,74.95,74.1,74.09,0.71,0.0,"קטן (עד 2,000)",-2.97,0
1175,עידן,340,62.08,66.8,63.85,64.24,1.94,0.0,"קטן (עד 2,000)",2.4,1
1176,ספיר,360,60.99,69.86,63.31,64.72,3.75,1.54,"קטן (עד 2,000)",1.04,1
1177,טללים,455,75.23,79.01,72.35,75.53,2.73,0.0,"קטן (עד 2,000)",2.37,1
1178,מורשת,1120,83.99,85.94,79.54,83.16,2.68,0.0,"קטן (עד 2,000)",-3.86,0
1179,קורנית,656,80.04,77.89,81.43,79.79,1.45,0.0,"קטן (עד 2,000)",-5.22,0
1180,צביה,270,76.76,76.82,76.6,76.73,0.09,0.49,"קטן (עד 2,000)",-2.69,0
1181,טלאל,1005,80.49,79.58,74.95,78.34,2.43,0.72,"קטן (עד 2,000)",-1.36,0
1182,אלון הגליל,865,76.96,78.77,80.56,78.76,1.47,0.0,"קטן (עד 2,000)",-6.19,0
1183,כליל,577,74.42,78.27,76.14,76.28,1.58,0.0,"קטן (עד 2,000)",-9.69,0
1184,מתת,178,69.4,74.83,68.12,70.79,2.91,0.0,"קטן (עד 2,000)",-7.65,0
1186,הושעיה,1449,82.06,77.83,81.12,80.34,1.81,0.18,"קטן (עד 2,000)",-3.31,0
1188,אשחר,681,83.07,78.28,80.97,80.77,1.96,0.0,"קטן (עד 2,000)",-5.11,0
1190,מצפה נטופה,680,79.79,79.85,78.46,79.37,0.64,0.4,"קטן (עד 2,000)",-2.52,0
1191,בר יוחאי,712,74.29,79.67,69.01,74.32,4.35,0.0,"קטן (עד 2,000)",4.94,1
1192,ערערהבנגב,9791,65.53,57.53,56.55,59.87,4.02,0.91,"בינוני (2,000-20,000)",9.08,1
1197,נאות סמדר,268,61.81,60.36,58.98,60.39,1.15,0.66,"קטן (עד 2,000)",-3.23,0
1198,כרמים,234,78.38,76.61,79.13,78.04,1.05,0.61,"קטן (עד 2,000)",-3.9,0
1199,עדי,1506,74.54,80.27,77.08,77.3,2.34,0.18,"קטן (עד 2,000)",-2.91,0
1200,מודיעיןמכביםרעות,69212,78.73,80.45,78.07,79.08,1.0,0.29,"גדול (20,000+)",-0.23,0
1201,כמון,577,77.05,82.42,75.94,78.47,2.83,0.0,"קטן (עד 2,000)",-6.28,0
1202,מכמנים,393,81.55,79.48,77.43,79.48,1.68,0.0,"קטן (עד 2,000)",-1.78,0
1203,הררית,423,69.49,79.92,76.88,75.43,4.38,0.0,"קטן (עד 2,000)",-2.56,0
1204,גילון,937,79.12,78.14,77.36,78.21,0.72,0.0,"קטן (עד 2,000)",-2.15,0
1205,מנות,370,67.57,76.03,74.21,72.6,3.64,0.0,"קטן (עד 2,000)",-0.25,0
1206,גיתה,222,74.46,72.83,69.54,72.28,2.04,0.73,"קטן (עד 2,000)",-2.65,0
1207,לבון,550,77.07,81.56,78.37,79.0,1.88,0.0,"קטן (עד 2,000)",0.03,1
1208,הילה,509,74.41,77.6,73.79,75.27,1.67,0.0,"קטן (עד 2,000)",-1.9,0
1209,חרשים,249,72.88,74.48,81.25,76.2,3.63,0.0,"קטן (עד 2,000)",-4.05,0
1210,כחל,364,71.9,75.17,75.22,74.09,1.55,0.0,"קטן (עד 2,000)",0.58,1
1211,קדרים,208,70.48,68.5,72.73,70.57,1.73,0.0,"קטן (עד 2,000)",-6.92,0
1212,עמוקה,156,69.46,68.63,74.66,70.92,2.67,1.83,"קטן (עד 2,000)",-3.4,0
1214,טפחות,259,81.7,78.01,78.97,79.56,1.56,0.0,"קטן (עד 2,000)",-2.79,0
1219,גורנות הגליל,199,52.29,67.3,68.05,62.54,7.26,0.0,"קטן (עד 2,000)",1.38,1
1220,אבירים,235,78.4,76.88,79.27,78.18,0.99,0.65,"קטן (עד 2,000)",-3.64,0
1221,צורית,755,80.14,81.83,74.23,78.74,3.26,0.19,"קטן (עד 2,000)",-1.52,0
1222,מצפה אביב,744,77.05,80.66,80.77,79.49,1.73,0.18,"קטן (עד 2,000)",-2.06,0
1223,שדי אברהם,264,72.22,73.45,73.6,73.09,0.62,1.63,"קטן (עד 2,000)",-8.19,0
1224,כוכב יאיר,7829,78.18,78.34,77.62,78.05,0.31,0.13,"בינוני (2,000-20,000)",-2.32,0
1226,יובלים,1055,78.25,82.5,81.35,80.7,1.8,0.25,"קטן (עד 2,000)",-4.11,0
1227,יתד,373,68.75,75.74,74.85,73.11,3.11,0.41,"קטן (עד 2,000)",-0.47,0
1228,רקפת,787,79.42,85.37,75.3,80.03,4.13,0.0,"קטן (עד 2,000)",1.15,1
1229,כלנית,187,74.39,76.74,76.63,75.92,1.08,0.0,"קטן (עד 2,000)",8.13,1
1230,לבנים,353,69.71,70.48,74.3,71.5,2.01,0.42,"קטן (עד 2,000)",-2.67,0
1231,פרי גן,177,70.77,75.0,68.52,71.43,2.69,0.0,"קטן (עד 2,000)",7.26,1
1232,יבול,227,77.13,81.0,82.52,80.22,2.27,0.0,"קטן (עד 2,000)",-4.86,0
1233,שקף,323,83.09,86.44,79.43,82.99,2.86,0.0,"קטן (עד 2,000)",-4.77,0
1234,קבועה שבט,822,31.6,33.44,26.8,30.61,2.8,2.58,"קטן (עד 2,000)",8.66,1
1235,שורשים,456,71.47,76.26,73.79,73.84,1.95,0.0,"קטן (עד 2,000)",1.4,1
1236,נירית,882,83.0,81.65,79.88,81.51,1.28,0.15,"קטן (עד 2,000)",-4.3,0
1237,תלמי יוסף,275,68.07,70.04,67.7,68.6,1.03,0.0,"קטן (עד 2,000)",-0.16,0
1238,סופה,189,67.42,75.0,64.32,68.91,4.49,0.0,"קטן (עד 2,000)",-4.88,0
1239,חולית,141,62.26,65.32,69.17,65.59,2.83,0.0,"קטן (עד 2,000)",-1.2,0
1240,עין הבשור,759,78.5,80.28,76.41,78.4,1.58,0.18,"קטן (עד 2,000)",-4.3,0
1241,דקל,280,64.62,68.05,72.87,68.51,3.38,0.0,"קטן (עד 2,000)",-4.29,0
1242,נתיב העשרה,742,79.24,84.51,80.06,81.27,2.32,0.57,"קטן (עד 2,000)",-0.25,0
1243,קציר,2310,69.57,70.57,70.79,70.31,0.53,0.13,"בינוני (2,000-20,000)",-2.59,0
1244,תמרת,1164,77.72,80.03,80.02,79.26,1.09,0.0,"קטן (עד 2,000)",-4.6,0
1245,סלמה,2445,45.22,54.18,44.79,48.06,4.33,1.44,"בינוני (2,000-20,000)",8.28,1
1246,עראמשה,1086,27.24,47.09,34.22,36.19,8.22,1.45,"קטן (עד 2,000)",12.38,1
1247,חריש,17269,69.72,68.71,74.68,71.04,2.61,0.71,"בינוני (2,000-20,000)",3.5,1
1249,הרדוף,450,81.07,81.11,83.05,81.74,0.92,0.59,"קטן (עד 2,000)",-8.17,0
1251,עין תמר,158,77.42,75.0,65.73,72.72,5.04,0.0,"קטן (עד 2,000)",-2.84,0
1252,כורזים,345,71.25,69.97,73.51,71.58,1.46,0.0,"קטן (עד 2,000)",1.01,1
1253,אמנון,353,63.98,69.42,79.01,70.8,6.21,0.0,"קטן (עד 2,000)",4.41,1
1254,נטף,377,74.05,76.49,82.4,77.65,3.51,0.0,"קטן (עד 2,000)",-1.27,0
1255,לוטן,179,61.34,61.59,54.39,59.11,3.34,1.08,"קטן (עד 2,000)",-4.8,0
1256,אשרת,470,67.15,79.5,75.18,73.94,5.12,0.65,"קטן (עד 2,000)",-2.18,0
1257,חנתון,558,77.59,78.77,75.58,77.31,1.32,0.0,"קטן (עד 2,000)",-0.75,0
1258,מסד,382,68.68,76.37,76.62,73.89,3.69,0.0,"קטן (עד 2,000)",-0.13,0
1259,נווה שלום,253,78.4,79.53,70.73,76.22,3.91,0.69,"קטן (עד 2,000)",-3.87,0
1260,רתמים,276,84.57,87.62,82.49,84.89,2.11,0.0,"קטן (עד 2,000)",-5.14,0
1261,הר עמשא,130,74.31,77.99,71.7,74.67,2.58,0.0,"קטן (עד 2,000)",-4.94,0
1262,צוקים,222,86.92,79.26,76.54,80.9,4.39,0.0,"קטן (עד 2,000)",-7.49,0
1263,כפר ורדים,4780,74.88,74.7,74.01,74.53,0.37,0.26,"בינוני (2,000-20,000)",-3.07,0
1264,כרמי יוסף,1420,77.82,79.62,77.68,78.37,0.88,0.09,"קטן (עד 2,000)",-4.01,0
1265,שומריה,354,87.5,87.83,82.52,85.95,2.43,0.37,"קטן (עד 2,000)",2.53,1
1268,מיתר,8021,76.36,76.94,76.73,76.68,0.24,0.21,"בינוני (2,000-20,000)",-0.76,0
1271,להבים,5518,76.93,78.25,78.14,77.77,0.6,0.18,"בינוני (2,000-20,000)",-2.57,0
1272,חלוץ,454,68.64,69.25,70.68,69.52,0.85,0.35,"קטן (עד 2,000)",-3.82,0
1274,גן נר,2178,69.56,74.28,72.81,72.21,1.97,0.26,"בינוני (2,000-20,000)",1.15,1
1275,אבטליון,323,77.37,82.1,75.41,78.29,2.81,0.43,"קטן (עד 2,000)",2.44,1
1280,ניצני סיני,231,76.73,66.09,71.14,71.32,4.35,0.0,"קטן (עד 2,000)",-4.22,0
1282,מירב,466,81.42,82.62,83.15,82.4,0.72,0.0,"קטן (עד 2,000)",-2.01,0
1283,תל תאומים,345,66.17,71.86,75.15,71.06,3.71,0.82,"קטן (עד 2,000)",8.0,1
1284,נופית,2028,82.01,80.72,76.75,79.83,2.24,0.26,"בינוני (2,000-20,000)",-2.07,0
1285,כרכום,452,69.86,76.07,70.09,72.01,2.88,0.31,"קטן (עד 2,000)",-2.14,0
1286,שגבשלום,6049,39.36,51.85,42.03,44.41,5.37,1.48,"בינוני (2,000-20,000)",3.93,1
1287,שני,377,61.64,67.79,74.02,67.82,5.05,0.88,"קטן (עד 2,000)",0.47,1
1288,גבעת אלה,1567,76.02,77.81,79.72,77.85,1.51,0.0,"קטן (עד 2,000)",-2.94,0
1290,זמר,5038,55.56,63.18,45.01,54.58,7.45,1.16,"בינוני (2,000-20,000)",17.1,1
1291,כמהין,153,51.74,79.76,77.09,69.53,12.63,0.0,"קטן (עד 2,000)",2.85,1
1292,גדיידהמכר,15255,54.18,69.17,44.64,56.0,10.1,1.26,"בינוני (2,000-20,000)",12.06,1
1293,גבעת אבני,1723,71.5,74.63,70.01,72.05,1.93,0.35,"קטן (עד 2,000)",0.61,1
1294,אור הגנוז,323,64.6,76.22,61.09,67.3,6.47,1.27,"קטן (עד 2,000)",11.83,1
1295,יאנוחגת,4843,57.98,53.93,57.81,56.58,1.87,0.54,"בינוני (2,000-20,000)",-6.06,0
1296,כסראסמיע,6066,74.78,65.23,70.35,70.12,3.9,0.36,"בינוני (2,000-20,000)",-30.16,0
1297,כפר חנניה,537,77.07,78.35,72.96,76.13,2.3,0.53,"קטן (עד 2,000)",3.06,1
1303,חורה,9346,37.88,51.15,29.24,39.43,9.01,1.7,"בינוני (2,000-20,000)",8.2,1
1304,שוהם,17006,79.52,80.64,78.5,79.55,0.87,0.22,"בינוני (2,000-20,000)",0.67,1
1309,אלעד,23395,89.37,88.61,84.65,87.54,2.07,0.8,"גדול (20,000+)",3.33,1
1310,לפיד,1773,75.86,78.76,77.37,77.33,1.19,0.07,"קטן (עד 2,000)",0.89,1
1311,אבשלום,308,65.88,69.27,61.25,65.47,3.29,4.08,"קטן (עד 2,000)",5.26,1
1313,פוריה עילית,939,60.29,71.67,67.73,66.56,4.72,0.35,"קטן (עד 2,000)",1.02,1
1314,נווה זיו,609,77.45,77.89,73.71,76.35,1.87,0.0,"קטן (עד 2,000)",-3.9,0
1315,מתן,2652,79.82,79.37,76.83,78.68,1.32,0.31,"בינוני (2,000-20,000)",-4.3,0
1316,אלעריאן,131,72.9,70.0,50.0,64.3,10.18,6.25,"קטן (עד 2,000)",11.72,1
1317,דמיידה,352,51.97,70.15,48.57,56.9,9.47,1.31,"קטן (עד 2,000)",4.18,1
1319,בת חפר,4193,76.6,79.23,76.15,77.33,1.36,0.5,"בינוני (2,000-20,000)",0.1,1
1320,עין חוד,206,77.7,68.55,36.9,61.05,17.48,0.0,"קטן (עד 2,000)",3.42,1
1321,חואלד,552,43.97,58.8,45.49,49.42,6.66,2.25,"קטן (עד 2,000)",3.83,1
1323,בת הדר,511,68.5,75.59,77.0,73.7,3.72,0.26,"קטן (עד 2,000)",2.35,1
1326,בסמה,7247,55.58,66.51,39.71,53.93,11.0,1.61,"בינוני (2,000-20,000)",7.87,1
1327,מעלה עירון,10678,51.57,66.27,37.14,51.66,11.9,1.15,"בינוני (2,000-20,000)",11.64,1
1330,אחוזת ברק,1852,75.41,78.74,77.49,77.21,1.37,0.77,"קטן (עד 2,000)",2.3,1
1331,כמאנה,1133,52.78,62.13,40.75,51.89,8.75,1.21,"קטן (עד 2,000)",8.73,1
1332,חוסנייה,607,55.75,62.01,45.01,54.26,7.02,3.77,"קטן (עד 2,000)",13.64,1
1333,נוף איילון,1682,86.16,84.83,85.15,85.38,0.57,0.07,"קטן (עד 2,000)",-3.38,0
1334,ראס אלעין,288,51.15,60.34,59.7,57.06,4.19,1.27,"קטן (עד 2,000)",10.17,1
1335,ערב אל נעים,579,68.62,61.18,54.56,61.46,5.74,4.09,"קטן (עד 2,000)",-6.99,0
1337,שמשית,1960,82.38,82.17,74.71,79.75,3.57,0.07,"קטן (עד 2,000)",-2.12,0
1338,כדיתה,138,53.76,60.75,53.85,56.12,3.27,0.0,"קטן (עד 2,000)",13.04,1
1342,אבו קרינאת יישוב,703,43.7,42.21,39.23,41.71,1.86,1.88,"קטן (עד 2,000)",9.35,1
1343,מכחול,582,25.0,28.82,26.9,26.91,1.56,0.94,"קטן (עד 2,000)",5.5,1
1344,גבעות בר,703,84.9,82.26,79.45,82.2,2.22,0.0,"קטן (עד 2,000)",-1.36,0
1345,צור יצחק,3924,85.0,89.04,84.63,86.22,2.0,0.21,"בינוני (2,000-20,000)",0.24,1
1346,תראבין אצאנעישוב,650,35.06,34.09,25.22,31.46,4.43,1.4,"קטן (עד 2,000)",-1.72,0
1347,קצר אסר,1409,59.81,59.27,55.78,58.29,1.79,1.35,"קטן (עד 2,000)",11.17,1
1348,ביר הדאג,1363,69.01,69.64,59.51,66.05,4.63,0.15,"קטן (עד 2,000)",-5.76,0
1349,דריגאת,630,61.52,72.84,63.64,66.0,4.92,0.89,"קטן (עד 2,000)",11.59,1
1358,אום בטין,2399,49.91,48.33,33.7,43.98,7.3,2.01,"בינוני (2,000-20,000)",5.6,1
1359,אל סייד,2028,46.42,45.26,32.97,41.55,6.08,1.1,"בינוני (2,000-20,000)",10.38,1
1361,בת חן,395,77.46,80.6,72.81,76.96,3.2,0.63,"קטן (עד 2,000)",5.45,1
1363,בני נצרים,368,88.72,90.91,89.08,89.57,0.96,0.79,"קטן (עד 2,000)",-0.6,0
1366,נווה,373,92.82,91.37,89.97,91.39,1.16,1.8,"קטן (עד 2,000)",-4.69,0
1370,מצפה אילן,325,95.83,98.97,90.3,95.04,3.58,0.0,"קטן (עד 2,000)",-2.83,0
1412,מחנה תל נוף,158,74.24,82.0,72.77,76.34,4.05,0.0,"קטן (עד 2,000)",-2.93,0
1414,מחנה מרים,83,55.0,59.26,77.67,63.98,9.84,0.0,"קטן (עד 2,000)",-5.72,0
1415,מחנה יפה,217,67.57,72.13,74.54,71.41,2.89,0.0,"קטן (עד 2,000)",-9.05,0
1416,מחנה יוכבד,108,73.39,85.95,70.83,76.72,6.61,2.35,"קטן (עד 2,000)",7.18,1
1418,מחנה טלי,154,60.49,65.87,68.55,64.97,3.35,0.0,"קטן (עד 2,000)",10.11,1
1419,ניצן ב,466,73.01,78.59,76.81,76.14,2.32,0.39,"קטן (עד 2,000)",8.73,1
2002,תנובות,633,74.64,79.33,77.31,77.09,1.92,1.26,"קטן (עד 2,000)",1.75,1
2003,תלמי אלעזר,685,77.65,78.66,79.34,78.55,0.69,0.0,"קטן (עד 2,000)",-0.1,0
2008,שדה יצחק,446,70.88,74.04,71.65,72.19,1.35,0.0,"קטן (עד 2,000)",6.34,1
2009,יובל,464,74.08,79.19,75.41,76.23,2.17,0.31,"קטן (עד 2,000)",0.44,1
2010,כפר בן נון,548,81.15,81.58,80.5,81.08,0.45,0.71,"קטן (עד 2,000)",2.36,1
2011,ינון,943,69.21,76.91,76.4,74.18,3.52,0.88,"קטן (עד 2,000)",7.15,1
2012,אורות,443,71.07,76.25,72.81,73.38,2.15,0.32,"קטן (עד 2,000)",0.84,1
2013,בן שמן מושב,610,78.61,80.84,78.25,79.24,1.15,0.44,"קטן (עד 2,000)",-1.95,0
2014,גבעולים,316,73.93,83.72,81.57,79.74,4.2,0.0,"קטן (עד 2,000)",5.65,1
2015,שדי חמד,728,78.6,81.7,81.03,80.44,1.33,0.17,"קטן (עד 2,000)",-1.09,0
2016,רוויה,271,67.62,68.78,68.38,68.26,0.48,0.0,"קטן (עד 2,000)",4.14,1
2018,גבעת חיים איחוד,1004,75.52,77.03,77.27,76.61,0.78,0.13,"קטן (עד 2,000)",-0.64,0
2021,אשל הנשיא,111,64.37,63.44,69.3,65.7,2.57,0.0,"קטן (עד 2,000)",3.03,1
2023,להב,545,77.33,71.01,70.59,72.98,3.09,0.0,"קטן (עד 2,000)",-3.23,0
2024,אום אלקוטוף,784,54.74,83.07,52.38,63.39,13.94,0.28,"קטן (עד 2,000)",6.7,1
2026,ירדנה,283,60.07,69.23,71.99,67.1,5.09,0.99,"קטן (עד 2,000)",5.18,1
2029,מדרך עוז,574,68.18,76.6,70.99,71.92,3.5,0.76,"קטן (עד 2,000)",-0.02,0
2030,מנוחה,460,67.26,78.12,78.12,74.5,5.12,0.0,"קטן (עד 2,000)",3.77,1
2033,בית חלקיה,484,85.3,84.4,90.11,86.61,2.51,0.51,"קטן (עד 2,000)",-1.19,0
2034,חצור הגלילית,7481,65.76,71.37,69.85,68.99,2.37,0.49,"בינוני (2,000-20,000)",4.01,1
2035,עדנים,293,79.51,78.42,77.93,78.62,0.66,0.0,"קטן (עד 2,000)",-3.41,0
2038,ברקת,1205,82.55,87.85,84.88,85.1,2.17,0.11,"קטן (עד 2,000)",6.13,1
2042,עין גדי,478,69.75,67.35,68.34,68.48,0.99,0.31,"קטן (עד 2,000)",-3.52,0
2043,בחן,672,79.1,80.38,79.86,79.78,0.53,0.22,"קטן (עד 2,000)",-3.19,0
2044,מלילות,296,80.91,78.64,78.95,79.5,1.01,0.0,"קטן (עד 2,000)",8.77,1
2045,נחלה,483,75.21,85.97,81.93,81.04,4.44,0.0,"קטן (עד 2,000)",3.49,1
2046,סגולה,446,76.38,81.41,81.16,79.65,2.32,0.29,"קטן (עד 2,000)",3.47,1
2047,ניר משה,436,70.44,75.54,71.5,72.49,2.2,0.34,"קטן (עד 2,000)",-2.94,0
2048,ניר עקיבא,467,71.68,80.15,79.04,76.96,3.76,0.27,"קטן (עד 2,000)",-6.46,0
2049,שדה צבי,442,67.22,78.43,74.16,73.27,4.62,0.0,"קטן (עד 2,000)",2.01,1
2050,תלמי בילו,367,64.71,76.22,75.07,72.0,5.18,0.4,"קטן (עד 2,000)",3.72,1
2051,רווחה,415,76.01,80.39,82.31,79.57,2.64,0.0,"קטן (עד 2,000)",5.58,1
2052,אביטל,414,69.68,76.52,76.3,74.17,3.17,0.0,"קטן (עד 2,000)",3.91,1
2053,פרזון,333,66.44,75.5,71.16,71.03,3.7,0.0,"קטן (עד 2,000)",3.67,1
2054,מיטב,364,67.83,77.62,78.51,74.65,4.84,0.0,"קטן (עד 2,000)",5.85,1
2055,מאור,972,77.73,80.53,78.77,79.01,1.15,0.29,"קטן (עד 2,000)",-1.3,0
2057,שדי תרומות,387,55.25,67.74,70.8,64.6,6.73,0.39,"קטן (עד 2,000)",8.05,1
2059,פעמי תשז,390,68.32,80.91,78.82,76.02,5.51,0.68,"קטן (עד 2,000)",3.26,1
2060,ברוש,375,77.88,75.4,77.85,77.05,1.16,0.41,"קטן (עד 2,000)",5.76,1
2061,תדהר,440,71.73,77.55,76.07,75.12,2.47,0.0,"קטן (עד 2,000)",2.33,1
2062,תאשור,309,67.63,72.13,72.26,70.68,2.15,0.95,"קטן (עד 2,000)",5.85,1
2063,דישון,299,64.29,68.23,70.41,67.64,2.53,0.97,"קטן (עד 2,000)",3.87,1
2064,זרועה,336,62.1,77.58,74.74,71.47,6.73,0.47,"קטן (עד 2,000)",3.71,1
2100,טירת כרמל,22069,61.46,66.45,64.71,64.21,2.07,0.71,"גדול (20,000+)",5.69,1
2200,דימונה,29297,53.02,60.75,60.14,57.97,3.51,1.27,"גדול (20,000+)",7.23,1
2300,קרית טבעון,14446,71.81,72.29,71.25,71.78,0.43,0.3,"בינוני (2,000-20,000)",0.31,1
2400,אור יהודה,27640,62.97,71.25,69.56,67.92,3.57,1.0,"גדול (20,000+)",5.66,1
2500,נשר,19644,62.95,67.29,64.36,64.86,1.81,0.63,"בינוני (2,000-20,000)",2.04,1
2530,באר יעקב,18146,71.99,78.63,76.21,75.61,2.75,0.72,"בינוני (2,000-20,000)",4.83,1
2550,גדרה,19693,73.58,76.79,74.0,74.79,1.43,0.48,"בינוני (2,000-20,000)",2.5,1
2560,ערד,21746,55.98,60.33,60.71,59.01,2.14,1.0,"גדול (20,000+)",0.15,1
2600,אילת,51974,43.07,49.03,45.43,45.84,2.45,0.74,"גדול (20,000+)",1.7,1
2610,בית שמש,78064,64.5,67.51,65.3,65.77,1.27,0.91,"גדול (20,000+)",4.52,1
2620,קרית אונו,31113,74.28,77.04,75.43,75.58,1.13,0.42,"גדול (20,000+)",0.21,1
2630,קרית גת,45388,60.94,67.64,66.58,65.05,2.94,1.19,"גדול (20,000+)",5.93,1
2640,ראש העין,49148,73.27,78.25,77.62,76.38,2.21,0.36,"גדול (20,000+)",2.72,1
2650,רמת השרון,38282,73.44,75.31,73.18,73.98,0.95,0.26,"גדול (20,000+)",-0.36,0
2660,יבנה,37761,67.89,74.46,74.57,72.31,3.13,0.73,"גדול (20,000+)",4.63,1
2710,אום אלפחם,38286,56.74,67.42,45.14,56.43,9.1,0.88,"גדול (20,000+)",5.14,1
2720,טירה,19319,58.83,72.6,59.65,63.69,6.31,0.95,"בינוני (2,000-20,000)",15.17,1
2730,טייבה,30461,60.48,73.95,61.83,65.42,6.06,1.29,"גדול (20,000+)",14.31,1
2800,קרית שמונה,18582,54.85,61.76,60.42,59.01,2.99,0.84,"בינוני (2,000-20,000)",3.95,1
3000,ירושלים,432125,65.12,67.09,63.89,65.36,1.32,0.78,"גדול (20,000+)",2.5,1
3400,חברון,338,87.9,85.24,79.3,84.15,3.6,0.0,"קטן (עד 2,000)",-1.44,0
3488,כפר עציון,564,81.7,80.05,77.16,79.64,1.88,0.28,"קטן (עד 2,000)",0.56,1
3555,נתיב הגדוד,225,57.04,70.47,69.48,65.66,6.11,0.0,"קטן (עד 2,000)",-5.21,0
3556,אלמוג,195,74.29,72.41,70.1,72.27,1.71,0.0,"קטן (עד 2,000)",-9.21,0
3557,קדומים,2715,85.66,86.19,83.67,85.17,1.08,0.27,"בינוני (2,000-20,000)",-1.42,0
3558,תומר,254,75.21,72.84,82.94,76.99,4.31,0.48,"קטן (עד 2,000)",-1.96,0
3560,אלקנה,2797,84.31,85.54,84.89,84.91,0.5,0.14,"בינוני (2,000-20,000)",-0.54,0
3561,מגדל עוז,266,70.63,72.08,69.2,70.64,1.18,0.0,"קטן (עד 2,000)",0.24,1
3563,תקוע,2334,77.11,81.19,78.37,78.89,1.71,0.19,"בינוני (2,000-20,000)",0.26,1
3564,כוכב השחר,1358,86.91,86.0,84.71,85.87,0.9,0.1,"קטן (עד 2,000)",0.36,1
3565,רימונים,512,65.28,69.82,69.59,68.23,2.09,0.28,"קטן (עד 2,000)",3.33,1
3566,יפית,176,50.78,60.74,67.72,59.75,6.95,0.0,"קטן (עד 2,000)",-2.25,0
3567,סלעית,824,79.84,77.94,81.55,79.78,1.47,0.0,"קטן (עד 2,000)",-0.95,0
3568,ריחן,242,74.17,76.34,80.73,77.08,2.73,0.0,"קטן (עד 2,000)",-2.23,0
3569,מבוא דותן,331,57.68,63.77,69.82,63.76,4.96,0.0,"קטן (עד 2,000)",6.33,1
3570,אריאל,15396,65.92,69.6,66.76,67.43,1.57,0.92,"בינוני (2,000-20,000)",0.19,1
3571,שבי שומרון,588,79.26,78.65,81.95,79.96,1.43,0.22,"קטן (עד 2,000)",0.06,1
3572,כפר תפוח,726,81.29,75.92,81.06,79.42,2.48,0.2,"קטן (עד 2,000)",-2.63,0
3573,נוה צוף,822,79.5,82.92,80.98,81.13,1.4,0.33,"קטן (עד 2,000)",0.07,1
3574,בית אל,3503,85.69,85.05,85.14,85.29,0.28,0.21,"בינוני (2,000-20,000)",0.59,1
3575,בית חורון,886,87.16,85.84,83.56,85.52,1.49,0.6,"קטן (עד 2,000)",0.51,1
3576,מצפה יריחו,1399,84.98,84.82,81.53,83.78,1.59,0.29,"קטן (עד 2,000)",0.22,1
3578,שדמות מחולה,437,64.4,81.93,85.79,77.37,9.31,0.0,"קטן (עד 2,000)",2.39,1
3579,אלון מורה,971,81.58,83.08,80.02,81.56,1.25,0.14,"קטן (עד 2,000)",-1.38,0
3598,ארגמן,121,63.43,67.69,64.84,65.32,1.77,0.0,"קטן (עד 2,000)",-3.58,0
3599,מחולה,393,84.07,82.23,85.74,84.02,1.43,0.0,"קטן (עד 2,000)",-3.06,0
3601,קליה,339,74.24,77.27,75.0,75.5,1.29,0.0,"קטן (עד 2,000)",2.22,1
3602,ראש צורים,537,89.68,89.37,88.22,89.09,0.63,0.23,"קטן (עד 2,000)",-1.88,0
3603,הר גילה,1059,86.83,80.32,78.73,81.96,3.5,0.13,"קטן (עד 2,000)",0.74,1
3604,אלון שבות,2286,82.71,82.78,80.22,81.9,1.19,0.29,"בינוני (2,000-20,000)",-0.92,0
3605,משואה,212,72.39,73.48,67.33,71.07,2.68,0.0,"קטן (עד 2,000)",4.46,1
3606,גלגל,158,57.38,62.12,58.5,59.33,2.02,0.0,"קטן (עד 2,000)",5.17,1
3607,ייטב,270,78.95,82.14,80.39,80.49,1.31,0.0,"קטן (עד 2,000)",0.24,1
3608,מעלה אפרים,1162,50.76,55.79,55.63,54.06,2.33,0.63,"קטן (עד 2,000)",3.23,1
3609,חמרה,148,64.0,70.45,71.85,68.77,3.42,0.0,"קטן (עד 2,000)",6.3,1
3610,מצפה שלם,265,72.41,72.85,72.25,72.51,0.25,0.0,"קטן (עד 2,000)",-0.27,0
3611,קרית ארבע,4914,72.62,74.35,73.45,73.47,0.71,0.38,"בינוני (2,000-20,000)",2.56,1
3612,בקעות,145,75.51,80.99,83.09,79.86,3.19,0.0,"קטן (עד 2,000)",1.59,1
3613,גיתית,253,73.05,80.21,79.67,77.65,3.25,0.0,"קטן (עד 2,000)",-1.74,0
3614,מכורה,143,72.64,70.43,69.92,71.0,1.18,1.08,"קטן (עד 2,000)",0.25,1
3615,פצאל,269,70.09,78.22,84.78,77.7,6.01,0.0,"קטן (עד 2,000)",1.06,1
3616,מעלה אדומים,28142,71.07,74.91,73.12,73.04,1.57,0.49,"גדול (20,000+)",2.67,1
3617,עופרה,2027,84.76,83.33,80.2,82.76,1.9,0.13,"בינוני (2,000-20,000)",-2.08,0
3618,אלעזר,1635,85.38,84.64,80.77,83.6,2.02,0.09,"קטן (עד 2,000)",-2.11,0
3619,רועי,129,79.43,81.05,76.74,79.08,1.78,0.0,"קטן (עד 2,000)",8.33,1
3638,כפר אדומים,2787,82.32,81.52,79.25,81.03,1.3,0.25,"בינוני (2,000-20,000)",-3.57,0
3639,ורד יריחו,267,83.04,78.61,78.32,79.99,2.16,0.56,"קטן (עד 2,000)",-0.76,0
3640,קרני שומרון,6464,74.43,77.57,77.15,76.38,1.39,0.46,"בינוני (2,000-20,000)",0.99,1
3641,שילה,2259,82.31,84.3,82.58,83.06,0.88,0.13,"בינוני (2,000-20,000)",2.48,1
3643,חיננית,902,82.08,80.96,78.24,80.43,1.61,1.49,"קטן (עד 2,000)",-0.15,0
3644,גבעון החדשה,958,73.5,73.88,70.94,72.77,1.31,0.56,"קטן (עד 2,000)",-1.51,0
3645,בית הערבה,239,90.2,85.48,86.9,87.53,1.97,0.0,"קטן (עד 2,000)",4.4,1
3647,יקיר,1380,88.2,86.4,88.19,87.6,0.84,0.48,"קטן (עד 2,000)",-3.01,0
3648,מתתיהו,521,69.26,65.98,75.11,70.12,3.78,1.74,"קטן (עד 2,000)",1.73,1
3649,שקד,674,75.47,77.33,74.07,75.62,1.33,0.23,"קטן (עד 2,000)",-1.14,0
3650,אפרת,7945,78.28,78.1,78.95,78.45,0.37,0.27,"בינוני (2,000-20,000)",-1.39,0
3651,מעלה מכמש,1076,87.78,87.32,80.65,85.25,3.26,0.0,"קטן (עד 2,000)",0.13,1
3652,בית אריה,3892,74.96,78.81,74.76,76.17,1.87,0.49,"בינוני (2,000-20,000)",0.39,1
3653,מעלה עמוס,431,72.43,70.87,75.94,73.08,2.12,0.41,"קטן (עד 2,000)",0.57,1
3654,ברקן,1511,72.74,76.1,74.53,74.46,1.37,0.4,"קטן (עד 2,000)",0.55,1
3655,נילי,1309,76.25,80.65,77.5,78.13,1.85,0.24,"קטן (עד 2,000)",-1.14,0
3656,כרמל,288,85.6,81.37,85.98,84.32,2.09,0.0,"קטן (עד 2,000)",-7.3,0
3657,מעון,305,72.03,78.76,80.07,76.96,3.52,0.0,"קטן (עד 2,000)",6.09,1
3658,עטרת,327,84.86,87.46,86.78,86.37,1.1,0.0,"קטן (עד 2,000)",-1.58,0
3659,פסגות,1135,88.57,86.52,85.8,86.96,1.17,0.12,"קטן (עד 2,000)",-1.41,0
3660,עמנואל,2567,73.81,72.84,72.68,73.11,0.5,0.9,"בינוני (2,000-20,000)",8.51,1
3709,מבוא חורון,1268,89.9,91.4,90.22,90.51,0.64,0.2,"קטן (עד 2,000)",-0.36,0
3710,ברכה,1327,80.63,85.83,88.65,85.04,3.32,0.1,"קטן (עד 2,000)",0.53,1
3712,ענב,560,82.49,83.92,84.49,83.63,0.84,0.0,"קטן (עד 2,000)",-1.79,0
3713,נעמה,171,64.41,61.11,71.01,65.51,4.12,0.0,"קטן (עד 2,000)",2.17,1
3715,עלמון,1037,76.83,77.58,77.08,77.16,0.31,0.0,"קטן (עד 2,000)",2.71,1
3717,חרמש,213,60.59,67.4,69.12,65.7,3.68,0.71,"קטן (עד 2,000)",3.0,1
3719,תלם,230,75.4,74.63,92.86,80.96,8.42,0.51,"קטן (עד 2,000)",6.14,1
3722,אשכולות,374,80.12,78.3,78.1,78.84,0.91,0.37,"קטן (עד 2,000)",2.46,1
3723,פני חבר,267,83.44,86.46,84.98,84.96,1.23,1.1,"קטן (עד 2,000)",-0.49,0
3725,נווה דניאל,1638,83.58,81.51,77.57,80.89,2.49,0.08,"קטן (עד 2,000)",-3.47,0
3726,נוקדים,1429,78.01,82.43,76.96,79.13,2.37,0.0,"קטן (עד 2,000)",-1.37,0
3727,עלי זהב,2056,70.78,80.97,84.54,78.76,5.83,0.09,"בינוני (2,000-20,000)",-1.44,0
3730,גבעת זאב,12613,74.67,77.69,76.41,76.26,1.24,0.45,"בינוני (2,000-20,000)",3.49,1
3743,טנא,541,73.5,76.58,76.95,75.68,1.55,0.52,"קטן (עד 2,000)",2.22,1
3744,ברוכין,926,92.21,86.09,90.16,89.49,2.54,0.26,"קטן (עד 2,000)",-1.12,0
3745,מצדות יהודה,477,86.59,87.37,82.14,85.37,2.3,0.0,"קטן (עד 2,000)",-2.19,0
3746,קרית נטפים,474,84.94,86.93,84.15,85.34,1.17,0.29,"קטן (עד 2,000)",-1.62,0
3747,דולב,904,84.2,84.28,84.38,84.28,0.08,0.15,"קטן (עד 2,000)",-1.38,0
3748,עתניאל,501,85.47,85.68,82.22,84.46,1.58,0.0,"קטן (עד 2,000)",-6.05,0
3749,יצהר,830,78.2,83.12,81.64,80.99,2.06,0.37,"קטן (עד 2,000)",0.91,1
3750,אלפי מנשה,6017,76.79,79.18,75.87,77.28,1.4,0.21,"בינוני (2,000-20,000)",0.11,1
3751,מגדלים,297,62.16,69.4,76.55,69.37,5.87,0.0,"קטן (עד 2,000)",1.37,1
3752,מעלה לבונה,461,75.43,81.06,82.72,79.74,3.12,0.0,"קטן (עד 2,000)",-1.36,0
3754,אספר,465,76.89,75.4,76.16,76.15,0.61,2.67,"קטן (עד 2,000)",4.34,1
3756,סוסיה,780,79.92,81.71,83.03,81.55,1.28,0.36,"קטן (עד 2,000)",4.25,1
3759,אדורה,264,80.45,80.0,79.59,80.01,0.35,0.0,"קטן (עד 2,000)",3.79,1
3760,אורנית,6744,79.2,81.9,79.88,80.33,1.14,0.2,"בינוני (2,000-20,000)",-0.69,0
3762,איתמר,676,77.04,82.06,78.36,79.15,2.13,0.0,"קטן (עד 2,000)",2.21,1
3763,גבע בנימין,3518,72.4,79.55,74.13,75.36,3.04,0.61,"בינוני (2,000-20,000)",6.02,1
3764,חגי,384,84.25,87.89,83.33,85.16,1.97,0.74,"קטן (עד 2,000)",-8.14,0
3765,עלי,2318,80.36,80.47,79.43,80.09,0.47,0.06,"בינוני (2,000-20,000)",-2.27,0
3766,כרמי צור,582,86.68,89.79,83.64,86.71,2.51,0.22,"קטן (עד 2,000)",-3.49,0
3767,נחליאל,346,77.69,85.07,78.18,80.31,3.37,0.0,"קטן (עד 2,000)",4.87,1
3768,פדואל,1175,89.51,86.95,87.65,88.04,1.08,0.11,"קטן (עד 2,000)",0.04,1
3769,הר אדר,3177,79.27,80.02,79.02,79.44,0.43,0.21,"בינוני (2,000-20,000)",-2.39,0
3770,חשמונאים,2244,82.44,79.57,78.13,80.05,1.79,0.28,"בינוני (2,000-20,000)",-0.06,0
3779,כוכב יעקב,5005,81.37,83.26,81.25,81.96,0.92,0.72,"בינוני (2,000-20,000)",3.41,1
3780,ביתר עילית,29318,84.82,84.41,80.8,83.34,1.81,0.87,"גדול (20,000+)",4.02,1
3781,קדר,1084,73.78,80.29,74.11,76.06,2.99,0.28,"קטן (עד 2,000)",2.4,1
3784,שמעה,485,58.92,70.39,75.29,68.2,6.86,0.31,"קטן (עד 2,000)",2.88,1
3787,נעלה,1637,79.5,80.76,77.07,79.11,1.53,0.69,"קטן (עד 2,000)",1.4,1
3788,טלמון,2624,89.14,88.43,86.91,88.16,0.93,0.34,"בינוני (2,000-20,000)",0.29,1
3790,נופים,636,69.57,73.18,76.06,72.93,2.66,0.53,"קטן (עד 2,000)",2.14,1
3791,צופים,1574,79.54,84.06,80.88,81.49,1.9,0.09,"קטן (עד 2,000)",0.66,1
3793,אבני חפץ,1358,83.96,86.07,80.93,83.65,2.11,0.23,"קטן (עד 2,000)",3.33,1
3794,בת עין,960,73.07,74.68,76.38,74.71,1.35,0.0,"קטן (עד 2,000)",3.84,1
3795,רבבה,1457,92.97,90.98,87.88,90.61,2.1,0.41,"קטן (עד 2,000)",-3.08,0
3796,כפר האורנים,1766,83.23,81.3,76.5,80.34,2.83,0.25,"קטן (עד 2,000)",-1.42,0
3797,מודיעין עילית,32933,90.69,89.26,84.47,88.14,2.66,2.69,"גדול (20,000+)",1.01,1
4000,חיפה,253292,58.6,62.2,58.74,59.85,1.66,0.71,"גדול (20,000+)",0.42,1
4001,בוקעאתא,749,2.72,4.68,14.26,7.22,5.04,1.35,"קטן (עד 2,000)",9.9,1
4002,אליעד,330,71.97,69.62,76.35,72.64,2.79,0.88,"קטן (עד 2,000)",2.56,1
4003,אלרום,387,65.26,69.93,76.06,70.42,4.42,0.0,"קטן (עד 2,000)",-1.64,0
4004,כפר חרוב,427,56.04,65.06,64.12,61.74,4.05,0.0,"קטן (עד 2,000)",1.53,1
4005,חספין,891,81.96,81.93,78.9,80.93,1.44,0.16,"קטן (עד 2,000)",-1.16,0
4006,קשת,442,78.61,78.89,78.77,78.76,0.12,0.0,"קטן (עד 2,000)",1.26,1
4007,יונתן,452,79.32,79.05,81.51,79.96,1.1,0.0,"קטן (עד 2,000)",-2.51,0
4008,מעלה גמלא,416,74.31,75.22,80.0,76.51,2.49,0.0,"קטן (עד 2,000)",-0.9,0
4009,שעל,237,70.39,78.54,79.81,76.25,4.17,0.59,"קטן (עד 2,000)",1.4,1
4010,אודם,133,67.02,78.43,77.88,74.44,5.25,0.0,"קטן (עד 2,000)",-3.43,0
4011,אבני איתן,455,76.84,77.87,81.52,78.74,2.01,0.0,"קטן (עד 2,000)",-1.14,0
4012,אניעם,445,68.78,71.76,70.34,70.29,1.21,0.0,"קטן (עד 2,000)",-4.7,0
4013,אורטל,269,71.72,72.77,77.82,74.1,2.67,0.52,"קטן (עד 2,000)",-9.18,0
4014,נטור,312,79.61,79.37,80.34,79.77,0.42,0.0,"קטן (עד 2,000)",-3.22,0
4015,בני יהודה,935,66.55,71.63,67.23,68.47,2.25,0.83,"קטן (עד 2,000)",0.73,1
4017,אלוני הבשן,237,83.33,84.78,73.27,80.46,5.12,1.26,"קטן (עד 2,000)",-2.54,0
4021,גבעת יואב,492,74.2,79.49,75.69,76.46,2.23,0.0,"קטן (עד 2,000)",2.07,1
4022,גשור,239,70.0,70.77,70.85,70.54,0.38,0.0,"קטן (עד 2,000)",-3.7,0
4024,קלע,301,48.51,60.9,59.91,56.44,5.62,0.79,"קטן (עד 2,000)",2.35,1
4025,קדמת צבי,431,65.68,72.55,77.96,72.06,5.03,0.0,"קטן (עד 2,000)",-5.19,0
4026,חדנס,724,68.27,72.92,63.17,68.12,3.98,0.0,"קטן (עד 2,000)",-2.51,0
4028,כנף,350,75.33,74.9,78.62,76.28,1.66,0.0,"קטן (עד 2,000)",-8.26,0
4100,קצרין,6578,57.21,61.64,59.02,59.29,1.82,1.07,"בינוני (2,000-20,000)",0.08,1
4101,מרום גולן,606,73.29,70.86,70.34,71.5,1.29,0.0,"קטן (עד 2,000)",-4.41,0
4201,מגדל שמס,1338,20.4,19.66,17.35,19.13,1.3,1.44,"קטן (עד 2,000)",5.83,1
4203,מסעדה,461,19.08,11.98,21.78,17.61,4.13,0.0,"קטן (עד 2,000)",3.14,1
4204,מבוא חמה,409,63.4,70.14,70.57,68.04,3.29,0.35,"קטן (עד 2,000)",-3.18,0
4301,אפיק,270,67.05,69.55,70.92,69.17,1.6,0.0,"קטן (עד 2,000)",1.97,1
4303,נווה אטיב,180,73.47,71.43,67.27,70.72,2.58,0.9,"קטן (עד 2,000)",-6.67,0
4304,נוב,574,79.77,85.23,83.74,82.92,2.31,0.0,"קטן (עד 2,000)",-4.07,0
4501,עגר,1844,55.91,46.94,36.79,46.55,7.81,2.28,"קטן (עד 2,000)",-18.28,0
4503,עין זיוון,336,69.48,65.13,68.75,67.79,1.9,0.53,"קטן (עד 2,000)",-0.4,0
4551,נאות גולן,474,65.37,71.51,71.29,69.39,2.84,0.68,"קטן (עד 2,000)",-0.8,0
4701,רמת מגשימים,484,82.21,84.29,81.14,82.54,1.31,0.0,"קטן (עד 2,000)",-2.1,0
4702,רמות,460,78.26,77.33,79.77,78.45,1.01,0.0,"קטן (עד 2,000)",-0.1,0
5000,תל אביב  יפו,447576,62.64,65.26,63.04,63.65,1.15,0.44,"גדול (20,000+)",-0.37,0
6000,באקה אלגרביה,20643,43.26,61.51,42.88,49.22,8.69,1.63,"גדול (20,000+)",16.21,1
6100,בני ברק,115586,77.93,80.03,77.25,78.4,1.18,1.66,"גדול (20,000+)",2.62,1
6200,בת ים,124742,52.27,55.8,52.33,53.47,1.65,0.88,"גדול (20,000+)",2.18,1
6300,גבעתיים,49341,71.62,73.54,71.61,72.26,0.91,0.33,"גדול (20,000+)",-0.32,0
6400,הרצליה,88932,67.2,69.87,67.81,68.29,1.15,0.4,"גדול (20,000+)",0.32,1
6500,חדרה,80141,57.75,64.88,62.83,61.82,3.0,0.85,"גדול (20,000+)",3.67,1
6600,חולון,159831,61.41,66.74,64.37,64.17,2.18,0.72,"גדול (20,000+)",3.04,1
6700,טבריה,36702,54.14,61.02,59.32,58.16,2.93,0.64,"גדול (20,000+)",6.06,1
6800,קרית אתא,48568,60.97,66.97,65.74,64.56,2.58,0.8,"גדול (20,000+)",3.19,1
6900,כפר סבא,81737,71.68,74.91,73.21,73.27,1.32,0.41,"גדול (20,000+)",-0.02,0
7000,לוד,58888,55.66,61.58,56.14,57.8,2.69,1.02,"גדול (20,000+)",7.52,1
7100,אשקלון,119846,56.88,63.76,62.28,60.97,2.95,0.88,"גדול (20,000+)",3.33,1
7200,נס ציונה,34763,74.84,78.61,76.52,76.66,1.54,0.47,"גדול (20,000+)",0.54,1
7300,נצרת,59519,55.05,61.41,39.83,52.1,9.05,1.39,"גדול (20,000+)",9.25,1
7400,נתניה,195220,58.48,63.19,60.33,60.66,1.94,0.75,"גדול (20,000+)",1.79,1
7500,סחנין,23207,76.3,81.68,81.38,79.79,2.47,0.49,"גדול (20,000+)",-1.84,0
7600,עכו,43269,55.95,64.53,58.33,59.6,3.62,1.36,"גדול (20,000+)",6.19,1
7700,עפולה,45870,57.22,65.07,64.72,62.34,3.62,0.96,"גדול (20,000+)",3.97,1
7800,פרדס חנהכרכור,32011,65.33,71.62,72.17,69.71,3.1,0.48,"גדול (20,000+)",0.28,1
7900,פתח תקווה,197815,66.54,70.83,69.49,68.95,1.79,0.67,"גדול (20,000+)",1.72,1
8000,צפת,24148,60.92,64.96,61.12,62.34,1.86,0.68,"גדול (20,000+)",4.24,1
8200,קרית מוצקין,40960,63.65,69.03,66.89,66.52,2.21,0.63,"גדול (20,000+)",1.44,1
8300,ראשון לציון,211845,66.23,70.93,67.73,68.3,1.96,0.51,"גדול (20,000+)",1.78,1
8400,רחובות,111435,66.99,71.2,69.42,69.2,1.72,0.54,"גדול (20,000+)",2.09,1
8500,רמלה,57383,56.21,64.68,58.88,59.92,3.54,1.39,"גדול (20,000+)",7.58,1
8600,רמת גן,139055,66.26,69.35,67.12,67.58,1.3,0.42,"גדול (20,000+)",0.47,1
8700,רעננה,69652,68.91,70.75,68.48,69.38,0.98,0.32,"גדול (20,000+)",-0.08,0
8800,שפרעם,30875,54.09,59.18,47.42,53.56,4.82,1.56,"גדול (20,000+)",6.64,1
8900,טמרה,24503,70.34,80.67,58.53,69.84,9.05,0.52,"גדול (20,000+)",11.14,1
9000,באר שבע,164728,56.74,62.86,61.34,60.31,2.6,0.98,"גדול (20,000+)",4.75,1
9100,נהריה,55086,60.84,65.88,62.93,63.22,2.07,0.71,"גדול (20,000+)",1.57,1
9200,בית שאן,14782,63.35,70.25,69.86,67.82,3.17,0.64,"בינוני (2,000-20,000)",5.5,1
9300,זכרון יעקב,17889,74.66,76.98,74.64,75.42,1.1,0.33,"בינוני (2,000-20,000)",-0.64,0
9400,יהודמונוסון,24273,73.15,76.07,74.57,74.6,1.19,0.42,"גדול (20,000+)",2.54,1
9500,קרית ביאליק,36757,62.64,67.7,64.78,65.04,2.07,0.71,"גדול (20,000+)",1.68,1
9600,קרית ים,36834,54.68,59.31,57.84,57.28,1.93,1.08,"גדול (20,000+)",2.2,1
9700,הוד השרון,48723,75.01,77.7,76.69,76.47,1.11,0.3,"גדול (20,000+)",-0.07,0
9800,בנימינהגבעת עדה,10889,75.12,76.57,75.97,75.89,0.59,0.35,"בינוני (2,000-20,000)",-0.86,0
