מדינה,מקצוע,מחזור,ציון ממוצע,שינוי מ-2022
ישראל,מדעים,2025,442.0,-22.7
ישראל,קריאה,2025,435.8,-38.0
ישראל,מתמטיקה,2025,433.4,-24.5
סינגפור,מדעים,2025,559.9,-1.6
סינגפור,קריאה,2025,534.9,-7.7
סינגפור,מתמטיקה,2025,562.9,-11.8
יפן,מדעים,2025,537.6,-9.0
יפן,קריאה,2025,502.7,-13.1
יפן,מתמטיקה,2025,525.4,-10.2
דרום קוריאה,מדעים,2025,526.1,-1.7
דרום קוריאה,קריאה,2025,500.6,-14.9
דרום קוריאה,מתמטיקה,2025,522.3,-5.0
אסטוניה,מדעים,2025,527.1,1.3
אסטוניה,קריאה,2025,499.2,-11.8
אסטוניה,מתמטיקה,2025,507.9,-2.1
טייוואן,מדעים,2025,539.7,2.3
טייוואן,קריאה,2025,507.8,-7.4
טייוואן,מתמטיקה,2025,546.2,-0.9
בריטניה,מדעים,2025,511.4,11.7
בריטניה,קריאה,2025,494.2,-0.2
בריטניה,מתמטיקה,2025,487.6,-1.4
קנדה,מדעים,2025,510.1,-5.0
קנדה,קריאה,2025,489.8,-17.3
קנדה,מתמטיקה,2025,485.3,-11.6
ניו זילנד,מדעים,2025,509.4,5.3
ניו זילנד,קריאה,2025,497.0,-3.8
ניו זילנד,מתמטיקה,2025,479.6,0.5
אוסטרליה,מדעים,2025,509.1,2.1
אוסטרליה,קריאה,2025,490.9,-7.2
אוסטרליה,מתמטיקה,2025,477.5,-9.6
פינלנד,מדעים,2025,504.4,-6.6
פינלנד,קריאה,2025,474.3,-15.9
פינלנד,מתמטיקה,2025,468.7,-15.4
ארצות הברית,מדעים,2025,501.6,2.2
ארצות הברית,קריאה,2025,489.5,-14.4
ארצות הברית,מתמטיקה,2025,462.8,-2.0
שווייץ,מדעים,2025,501.2,-1.3
שווייץ,קריאה,2025,470.1,-13.3
שווייץ,מתמטיקה,2025,499.1,-8.8
אירלנד,מדעים,2025,499.6,-4.2
אירלנד,קריאה,2025,500.4,-15.6
אירלנד,מתמטיקה,2025,479.9,-11.8
אוסטריה,מדעים,2025,496.9,5.6
אוסטריה,קריאה,2025,467.2,-13.2
אוסטריה,מתמטיקה,2025,477.2,-10.1
הונג קונג,מדעים,2025,495.6,-24.8
הונג קונג,קריאה,2025,480.1,-19.6
הונג קונג,מתמטיקה,2025,521.7,-18.6
פולין,מדעים,2025,495.1,-4.1
פולין,קריאה,2025,481.5,-7.2
פולין,מתמטיקה,2025,484.1,-4.8
טורקיה,מדעים,2025,494.3,18.3
טורקיה,קריאה,2025,472.1,16.0
טורקיה,מתמטיקה,2025,461.5,8.4
צ׳כיה,מדעים,2025,490.3,-7.5
צ׳כיה,קריאה,2025,468.4,-20.2
צ׳כיה,מתמטיקה,2025,477.1,-9.9
בלגיה,מדעים,2025,489.7,-0.9
בלגיה,קריאה,2025,466.3,-12.5
בלגיה,מתמטיקה,2025,479.7,-9.8
ליטא,מדעים,2025,487.7,3.3
ליטא,קריאה,2025,464.1,-7.8
ליטא,מתמטיקה,2025,470.5,-4.7
גרמניה,מדעים,2025,485.5,-6.9
גרמניה,קריאה,2025,465.3,-14.5
גרמניה,מתמטיקה,2025,463.8,-11.0
הולנד,מדעים,2025,485.5,-2.9
הולנד,קריאה,2025,441.3,-17.9
הולנד,מתמטיקה,2025,483.3,-9.4
שוודיה,מדעים,2025,485.1,-8.4
שוודיה,קריאה,2025,466.4,-20.5
שוודיה,מתמטיקה,2025,464.3,-17.5
סלובניה,מדעים,2025,483.7,-16.2
סלובניה,קריאה,2025,444.7,-23.8
סלובניה,מתמטיקה,2025,459.8,-24.7
צרפת,מדעים,2025,483.4,-3.8
צרפת,קריאה,2025,456.3,-17.5
צרפת,מתמטיקה,2025,457.7,-16.3
איטליה,מדעים,2025,483.0,5.5
איטליה,קריאה,2025,474.3,-7.3
איטליה,מתמטיקה,2025,467.8,-3.5
פורטוגל,מדעים,2025,481.7,-2.7
פורטוגל,קריאה,2025,462.0,-14.6
פורטוגל,מתמטיקה,2025,459.9,-12.0
הונגריה,מדעים,2025,479.9,-6.0
הונגריה,קריאה,2025,452.3,-20.7
הונגריה,מתמטיקה,2025,459.5,-13.3
דנמרק,מדעים,2025,477.5,-16.3
דנמרק,קריאה,2025,460.0,-28.8
דנמרק,מתמטיקה,2025,470.6,-18.6
ספרד,מדעים,2025,477.1,-7.4
ספרד,קריאה,2025,451.4,-23.0
ספרד,מתמטיקה,2025,457.4,-15.7
קרואטיה,מדעים,2025,476.3,-6.4
קרואטיה,קריאה,2025,453.4,-22.1
קרואטיה,מתמטיקה,2025,455.3,-7.8
סלובקיה,מדעים,2025,474.9,12.6
סלובקיה,קריאה,2025,448.0,1.1
סלובקיה,מתמטיקה,2025,469.1,5.1
לוקסמבורג,מדעים,2025,473.8,
לוקסמבורג,קריאה,2025,443.2,
לוקסמבורג,מתמטיקה,2025,458.1,
נורווגיה,מדעים,2025,470.2,-8.0
נורווגיה,קריאה,2025,452.8,-23.7
נורווגיה,מתמטיקה,2025,451.8,-16.7
לטביה,מדעים,2025,468.4,-25.5
לטביה,קריאה,2025,429.7,-44.9
לטביה,מתמטיקה,2025,460.5,-22.7
איחוד האמירויות,מדעים,2025,458.1,26.1
איחוד האמירויות,קריאה,2025,432.8,15.5
איחוד האמירויות,מתמטיקה,2025,452.6,21.5
איסלנד,מדעים,2025,441.4,-5.6
איסלנד,קריאה,2025,422.3,-13.6
איסלנד,מתמטיקה,2025,449.7,-9.2
יוון,מדעים,2025,434.3,-6.5
יוון,קריאה,2025,422.7,-15.8
יוון,מתמטיקה,2025,423.9,-6.3
צ׳ילה,מדעים,2025,442.4,-1.2
צ׳ילה,קריאה,2025,435.7,-12.3
צ׳ילה,מתמטיקה,2025,402.6,-9.1
אורוגוואי,מדעים,2025,444.5,9.2
אורוגוואי,קריאה,2025,423.2,-7.1
אורוגוואי,מתמטיקה,2025,404.9,-3.8
מקאו,מדעים,2025,540.8,-2.3
מקאו,קריאה,2025,501.1,-9.4
מקאו,מתמטיקה,2025,549.3,-2.6
קוסטה ריקה,מדעים,2025,424.0,13.0
קוסטה ריקה,קריאה,2025,416.0,0.8
קוסטה ריקה,מתמטיקה,2025,387.1,2.5
מקסיקו,מדעים,2025,413.6,3.7
מקסיקו,קריאה,2025,407.9,-7.4
מקסיקו,מתמטיקה,2025,387.6,-7.4
ברזיל,מדעים,2025,408.5,5.5
ברזיל,קריאה,2025,408.0,-2.3
ברזיל,מתמטיקה,2025,376.8,-1.9
קולומביה,מדעים,2025,413.7,2.6
קולומביה,קריאה,2025,399.3,-9.4
קולומביה,מתמטיקה,2025,380.5,-2.2
קטאר,מדעים,2025,434.4,2.0
קטאר,קריאה,2025,418.0,-1.3
קטאר,מתמטיקה,2025,416.2,2.1
ערב הסעודית,מדעים,2025,413.4,23.0
ערב הסעודית,קריאה,2025,387.3,4.7
ערב הסעודית,מתמטיקה,2025,389.9,1.1
ירדן,מדעים,2025,406.9,32.4
ירדן,קריאה,2025,362.6,20.4
ירדן,מתמטיקה,2025,387.6,26.3
מלזיה,מדעים,2025,419.2,2.9
מלזיה,קריאה,2025,392.8,4.7
מלזיה,מתמטיקה,2025,397.4,-11.3
תאילנד,מדעים,2025,432.2,23.0
תאילנד,קריאה,2025,391.8,13.2
תאילנד,מתמטיקה,2025,406.8,12.8
אינדונזיה,מדעים,2025,388.7,5.8
אינדונזיה,קריאה,2025,365.2,6.6
אינדונזיה,מתמטיקה,2025,363.9,-1.6
רומניה,מדעים,2025,424.7,-2.8
רומניה,קריאה,2025,412.9,-15.5
רומניה,מתמטיקה,2025,419.1,-8.6
בולגריה,מדעים,2025,420.8,-0.2
בולגריה,קריאה,2025,386.6,-17.7
בולגריה,מתמטיקה,2025,405.1,-12.2
סרביה,מדעים,2025,429.0,-18.5
סרביה,קריאה,2025,414.6,-25.8
סרביה,מתמטיקה,2025,416.7,-23.1
מונטנגרו,מדעים,2025,435.2,32.1
מונטנגרו,קריאה,2025,418.4,13.4
מונטנגרו,מתמטיקה,2025,411.1,5.5
