מדינה,מדינה באנגלית,מתמטיקה 2018,מתמטיקה 2022,שינוי מתמטיקה,קריאה 2018,קריאה 2022,שינוי קריאה,מדעים 2018,מדעים 2022,שינוי מדעים
Albania,Albania,437.0,368.0,-69.0,405.0,358.0,-47.0,417.0,376.0,-41.0
Argentina,Argentina,379.0,378.0,-1.0,402.0,401.0,-1.0,404.0,406.0,2.0
Baku (Azerbaijan),Baku (Azerbaijan),420.0,397.0,-23.0,389.0,365.0,-24.0,398.0,380.0,-18.0
Brunei Darussalam,Brunei Darussalam,430.0,442.0,12.0,408.0,429.0,21.0,431.0,446.0,15.0
Cambodia,Cambodia,325.0,336.0,11.0,321.0,329.0,8.0,330.0,347.0,17.0
Cyprus,Cyprus,451.0,418.0,-33.0,424.0,381.0,-43.0,439.0,411.0,-28.0
Dominican Republic,Dominican Republic,325.0,339.0,14.0,342.0,351.0,9.0,336.0,360.0,24.0
El Salvador,El Salvador,,343.0,,,365.0,,,373.0,
Georgia,Georgia,398.0,390.0,-8.0,380.0,374.0,-6.0,383.0,384.0,1.0
Guatemala,Guatemala,334.0,344.0,10.0,369.0,374.0,5.0,365.0,373.0,8.0
Jamaica,Jamaica,,377.0,,,410.0,,,403.0,
Kazakhstan,Kazakhstan,423.0,425.0,2.0,387.0,386.0,-1.0,397.0,423.0,26.0
Kosovo,Kosovo,366.0,355.0,-11.0,353.0,342.0,-11.0,365.0,357.0,-8.0
Malta,Malta,472.0,466.0,-6.0,448.0,445.0,-3.0,457.0,466.0,9.0
Moldova,Moldova,421.0,414.0,-7.0,424.0,411.0,-13.0,428.0,417.0,-11.0
Mongolia,Mongolia,,425.0,,,378.0,,,412.0,
Montenegro,Montenegro,430.0,406.0,-24.0,421.0,405.0,-16.0,415.0,403.0,-12.0
North Macedonia,North Macedonia,394.0,389.0,-5.0,393.0,359.0,-34.0,413.0,380.0,-33.0
OECD average-23,OECD average-23,496.0,480.0,-16.0,493.0,482.0,-11.0,493.0,491.0,-2.0
OECD average-26,OECD average-26,483.0,468.0,-15.0,480.0,469.0,-11.0,482.0,479.0,-3.0
OECD average-35,OECD average-35,490.0,475.0,-15.0,488.0,477.0,-11.0,489.0,487.0,-2.0
Palestinian Authority,Palestinian Authority,,366.0,,,349.0,,,369.0,
Panama,Panama,353.0,357.0,4.0,377.0,392.0,15.0,365.0,388.0,23.0
Paraguay,Paraguay,326.0,338.0,12.0,370.0,373.0,3.0,358.0,368.0,10.0
Peru,Peru,400.0,391.0,-9.0,401.0,408.0,7.0,404.0,408.0,4.0
Philippines,Philippines,353.0,355.0,2.0,340.0,347.0,7.0,357.0,356.0,-1.0
Spain,Spain,,473.0,,,474.0,,,485.0,
Ukrainian regions (18 of 27),Ukrainian regions (18 of 27),,441.0,,,428.0,,,450.0,
Uzbekistan,Uzbekistan,,364.0,,,336.0,,,355.0,
Viet Nam,Viet Nam,,,,,462.0,,,,
אוסטריה,Austria,499.0,487.0,-12.0,484.0,480.0,-4.0,490.0,491.0,1.0
אוסטרליה,Australia,491.0,487.0,-4.0,503.0,498.0,-5.0,503.0,507.0,4.0
אורוגוואי,Uruguay,418.0,409.0,-9.0,427.0,430.0,3.0,426.0,435.0,9.0
איחוד האמירויות,United Arab Emirates,435.0,431.0,-4.0,432.0,417.0,-15.0,434.0,432.0,-2.0
איטליה,Italy,487.0,471.0,-16.0,476.0,482.0,6.0,468.0,477.0,9.0
אינדונזיה,Indonesia,379.0,366.0,-13.0,371.0,359.0,-12.0,396.0,383.0,-13.0
איסלנד,Iceland,495.0,459.0,-36.0,474.0,436.0,-38.0,475.0,447.0,-28.0
אירלנד,Ireland,500.0,492.0,-8.0,518.0,516.0,-2.0,496.0,504.0,8.0
אסטוניה,Estonia,523.0,510.0,-13.0,523.0,511.0,-12.0,530.0,526.0,-4.0
ארצות הברית,United States,478.0,465.0,-13.0,505.0,504.0,-1.0,502.0,499.0,-3.0
בולגריה,Bulgaria,436.0,417.0,-19.0,420.0,404.0,-16.0,424.0,421.0,-3.0
בלגיה,Belgium,508.0,489.0,-19.0,493.0,479.0,-14.0,499.0,491.0,-8.0
ברזיל,Brazil,384.0,379.0,-5.0,413.0,410.0,-3.0,404.0,403.0,-1.0
בריטניה,United Kingdom,502.0,489.0,-13.0,504.0,494.0,-10.0,505.0,500.0,-5.0
גרמניה,Germany,500.0,475.0,-25.0,498.0,480.0,-18.0,503.0,492.0,-11.0
דנמרק,Denmark,509.0,489.0,-20.0,501.0,489.0,-12.0,493.0,494.0,1.0
דרום קוריאה,Korea,526.0,527.0,1.0,514.0,515.0,1.0,519.0,528.0,9.0
הולנד,Netherlands,519.0,493.0,-26.0,485.0,459.0,-26.0,503.0,488.0,-15.0
הונג קונג,Hong Kong (China),551.0,540.0,-11.0,524.0,500.0,-24.0,517.0,520.0,3.0
הונגריה,Hungary,481.0,473.0,-8.0,476.0,473.0,-3.0,481.0,486.0,5.0
וייטנאם,Viet Nam,,469.0,,,,,,472.0,
טורקיה,Türkiye,454.0,453.0,-1.0,466.0,456.0,-10.0,468.0,476.0,8.0
טייוואן,Chinese Taipei,531.0,547.0,16.0,503.0,515.0,12.0,516.0,537.0,21.0
יוון,Greece,451.0,430.0,-21.0,457.0,438.0,-19.0,452.0,441.0,-11.0
יפן,Japan,527.0,536.0,9.0,504.0,516.0,12.0,529.0,547.0,18.0
ירדן,Jordan,400.0,361.0,-39.0,,342.0,,,375.0,
ישראל,Israel,463.0,458.0,-5.0,470.0,474.0,4.0,462.0,465.0,3.0
לטביה,Latvia,496.0,483.0,-13.0,479.0,475.0,-4.0,487.0,494.0,7.0
ליטא,Lithuania,481.0,475.0,-6.0,476.0,472.0,-4.0,482.0,484.0,2.0
מלזיה,Malaysia,440.0,409.0,-31.0,415.0,388.0,-27.0,438.0,416.0,-22.0
ממוצע OECD,OECD average,,472.0,,,476.0,,,485.0,
מקאו,Macao (China),558.0,552.0,-6.0,525.0,510.0,-15.0,544.0,543.0,-1.0
מקסיקו,Mexico,409.0,395.0,-14.0,420.0,415.0,-5.0,419.0,410.0,-9.0
מרוקו,Morocco,368.0,365.0,-3.0,359.0,339.0,-20.0,377.0,365.0,-12.0
נורווגיה,Norway,501.0,468.0,-33.0,499.0,477.0,-22.0,490.0,478.0,-12.0
ניו זילנד,New Zealand,494.0,479.0,-15.0,506.0,501.0,-5.0,508.0,504.0,-4.0
סינגפור,Singapore,569.0,575.0,6.0,549.0,543.0,-6.0,551.0,561.0,10.0
סלובניה,Slovenia,509.0,485.0,-24.0,495.0,469.0,-26.0,507.0,500.0,-7.0
סלובקיה,Slovak Republic,486.0,464.0,-22.0,458.0,447.0,-11.0,464.0,462.0,-2.0
סרביה,Serbia,448.0,440.0,-8.0,439.0,440.0,1.0,440.0,447.0,7.0
ערב הסעודית,Saudi Arabia,373.0,389.0,16.0,399.0,383.0,-16.0,386.0,390.0,4.0
פולין,Poland,516.0,489.0,-27.0,512.0,489.0,-23.0,511.0,499.0,-12.0
פורטוגל,Portugal,492.0,472.0,-20.0,492.0,477.0,-15.0,492.0,484.0,-8.0
פינלנד,Finland,507.0,484.0,-23.0,520.0,490.0,-30.0,522.0,511.0,-11.0
צרפת,France,495.0,474.0,-21.0,493.0,474.0,-19.0,493.0,487.0,-6.0
צ׳ילה,Chile,417.0,412.0,-5.0,452.0,448.0,-4.0,444.0,444.0,0.0
צ׳כיה,Czech Republic,499.0,487.0,-12.0,490.0,489.0,-1.0,497.0,498.0,1.0
קולומביה,Colombia,391.0,383.0,-8.0,412.0,409.0,-3.0,413.0,411.0,-2.0
קוסטה ריקה,Costa Rica,402.0,385.0,-17.0,426.0,415.0,-11.0,416.0,411.0,-5.0
קטאר,Qatar,414.0,414.0,0.0,407.0,419.0,12.0,419.0,432.0,13.0
קנדה,Canada,512.0,497.0,-15.0,520.0,507.0,-13.0,518.0,515.0,-3.0
קרואטיה,Croatia,464.0,463.0,-1.0,479.0,475.0,-4.0,472.0,483.0,11.0
רומניה,Romania,430.0,428.0,-2.0,428.0,428.0,0.0,426.0,428.0,2.0
שוודיה,Sweden,502.0,482.0,-20.0,506.0,487.0,-19.0,499.0,494.0,-5.0
שווייץ,Switzerland,515.0,508.0,-7.0,484.0,483.0,-1.0,495.0,503.0,8.0
תאילנד,Thailand,419.0,394.0,-25.0,393.0,379.0,-14.0,426.0,409.0,-17.0
