מדינה,מדינה באנגלית,מקצוע,מחזור,ציון ממוצע
אוסטרליה,Australia,מתמטיקה,2003,524.0
אוסטרליה,Australia,מתמטיקה,2006,520.0
אוסטרליה,Australia,מתמטיקה,2009,514.0
אוסטרליה,Australia,מתמטיקה,2012,504.0
אוסטרליה,Australia,מתמטיקה,2015,494.0
אוסטרליה,Australia,מתמטיקה,2018,491.0
אוסטרליה,Australia,מתמטיקה,2022,487.0
אוסטריה,Austria,מתמטיקה,2003,506.0
אוסטריה,Austria,מתמטיקה,2006,505.0
אוסטריה,Austria,מתמטיקה,2012,506.0
אוסטריה,Austria,מתמטיקה,2015,497.0
אוסטריה,Austria,מתמטיקה,2018,499.0
אוסטריה,Austria,מתמטיקה,2022,487.0
בלגיה,Belgium,מתמטיקה,2003,529.0
בלגיה,Belgium,מתמטיקה,2006,520.0
בלגיה,Belgium,מתמטיקה,2009,515.0
בלגיה,Belgium,מתמטיקה,2012,515.0
בלגיה,Belgium,מתמטיקה,2015,507.0
בלגיה,Belgium,מתמטיקה,2018,508.0
בלגיה,Belgium,מתמטיקה,2022,489.0
קנדה,Canada,מתמטיקה,2003,532.0
קנדה,Canada,מתמטיקה,2006,527.0
קנדה,Canada,מתמטיקה,2009,527.0
קנדה,Canada,מתמטיקה,2012,518.0
קנדה,Canada,מתמטיקה,2015,516.0
קנדה,Canada,מתמטיקה,2018,512.0
קנדה,Canada,מתמטיקה,2022,497.0
צ׳ילה,Chile,מתמטיקה,2006,411.0
צ׳ילה,Chile,מתמטיקה,2009,421.0
צ׳ילה,Chile,מתמטיקה,2012,423.0
צ׳ילה,Chile,מתמטיקה,2015,423.0
צ׳ילה,Chile,מתמטיקה,2018,417.0
צ׳ילה,Chile,מתמטיקה,2022,412.0
קולומביה,Colombia,מתמטיקה,2006,370.0
קולומביה,Colombia,מתמטיקה,2009,381.0
קולומביה,Colombia,מתמטיקה,2012,376.0
קולומביה,Colombia,מתמטיקה,2015,390.0
קולומביה,Colombia,מתמטיקה,2018,391.0
קולומביה,Colombia,מתמטיקה,2022,383.0
קוסטה ריקה,Costa Rica,מתמטיקה,2009,409.0
קוסטה ריקה,Costa Rica,מתמטיקה,2012,407.0
קוסטה ריקה,Costa Rica,מתמטיקה,2015,400.0
קוסטה ריקה,Costa Rica,מתמטיקה,2018,402.0
קוסטה ריקה,Costa Rica,מתמטיקה,2022,385.0
צ׳כיה,Czech Republic,מתמטיקה,2003,516.0
צ׳כיה,Czech Republic,מתמטיקה,2006,510.0
צ׳כיה,Czech Republic,מתמטיקה,2009,493.0
צ׳כיה,Czech Republic,מתמטיקה,2012,499.0
צ׳כיה,Czech Republic,מתמטיקה,2015,492.0
צ׳כיה,Czech Republic,מתמטיקה,2018,499.0
צ׳כיה,Czech Republic,מתמטיקה,2022,487.0
דנמרק,Denmark,מתמטיקה,2003,514.0
דנמרק,Denmark,מתמטיקה,2006,513.0
דנמרק,Denmark,מתמטיקה,2009,503.0
דנמרק,Denmark,מתמטיקה,2012,500.0
דנמרק,Denmark,מתמטיקה,2015,511.0
דנמרק,Denmark,מתמטיקה,2018,509.0
דנמרק,Denmark,מתמטיקה,2022,489.0
אסטוניה,Estonia,מתמטיקה,2006,515.0
אסטוניה,Estonia,מתמטיקה,2009,512.0
אסטוניה,Estonia,מתמטיקה,2012,521.0
אסטוניה,Estonia,מתמטיקה,2015,520.0
אסטוניה,Estonia,מתמטיקה,2018,523.0
אסטוניה,Estonia,מתמטיקה,2022,510.0
פינלנד,Finland,מתמטיקה,2003,544.0
פינלנד,Finland,מתמטיקה,2006,548.0
פינלנד,Finland,מתמטיקה,2009,541.0
פינלנד,Finland,מתמטיקה,2012,519.0
פינלנד,Finland,מתמטיקה,2015,511.0
פינלנד,Finland,מתמטיקה,2018,507.0
פינלנד,Finland,מתמטיקה,2022,484.0
צרפת,France,מתמטיקה,2003,511.0
צרפת,France,מתמטיקה,2006,496.0
צרפת,France,מתמטיקה,2009,497.0
צרפת,France,מתמטיקה,2012,495.0
צרפת,France,מתמטיקה,2015,493.0
צרפת,France,מתמטיקה,2018,495.0
צרפת,France,מתמטיקה,2022,474.0
גרמניה,Germany,מתמטיקה,2003,503.0
גרמניה,Germany,מתמטיקה,2006,504.0
גרמניה,Germany,מתמטיקה,2009,513.0
גרמניה,Germany,מתמטיקה,2012,514.0
גרמניה,Germany,מתמטיקה,2015,506.0
גרמניה,Germany,מתמטיקה,2018,500.0
גרמניה,Germany,מתמטיקה,2022,475.0
יוון,Greece,מתמטיקה,2003,445.0
יוון,Greece,מתמטיקה,2006,459.0
יוון,Greece,מתמטיקה,2009,466.0
יוון,Greece,מתמטיקה,2012,453.0
יוון,Greece,מתמטיקה,2015,454.0
יוון,Greece,מתמטיקה,2018,451.0
יוון,Greece,מתמטיקה,2022,430.0
הונגריה,Hungary,מתמטיקה,2003,490.0
הונגריה,Hungary,מתמטיקה,2006,491.0
הונגריה,Hungary,מתמטיקה,2009,490.0
הונגריה,Hungary,מתמטיקה,2012,477.0
הונגריה,Hungary,מתמטיקה,2015,477.0
הונגריה,Hungary,מתמטיקה,2018,481.0
הונגריה,Hungary,מתמטיקה,2022,473.0
איסלנד,Iceland,מתמטיקה,2003,515.0
איסלנד,Iceland,מתמטיקה,2006,506.0
איסלנד,Iceland,מתמטיקה,2009,507.0
איסלנד,Iceland,מתמטיקה,2012,493.0
איסלנד,Iceland,מתמטיקה,2015,488.0
איסלנד,Iceland,מתמטיקה,2018,495.0
איסלנד,Iceland,מתמטיקה,2022,459.0
אירלנד,Ireland,מתמטיקה,2003,503.0
אירלנד,Ireland,מתמטיקה,2006,501.0
אירלנד,Ireland,מתמטיקה,2009,487.0
אירלנד,Ireland,מתמטיקה,2012,501.0
אירלנד,Ireland,מתמטיקה,2015,504.0
אירלנד,Ireland,מתמטיקה,2018,500.0
אירלנד,Ireland,מתמטיקה,2022,492.0
ישראל,Israel,מתמטיקה,2006,442.0
ישראל,Israel,מתמטיקה,2009,447.0
ישראל,Israel,מתמטיקה,2012,466.0
ישראל,Israel,מתמטיקה,2015,470.0
ישראל,Israel,מתמטיקה,2018,463.0
ישראל,Israel,מתמטיקה,2022,458.0
איטליה,Italy,מתמטיקה,2003,466.0
איטליה,Italy,מתמטיקה,2006,462.0
איטליה,Italy,מתמטיקה,2009,483.0
איטליה,Italy,מתמטיקה,2012,485.0
איטליה,Italy,מתמטיקה,2015,490.0
איטליה,Italy,מתמטיקה,2018,487.0
איטליה,Italy,מתמטיקה,2022,471.0
יפן,Japan,מתמטיקה,2003,534.0
יפן,Japan,מתמטיקה,2006,523.0
יפן,Japan,מתמטיקה,2009,529.0
יפן,Japan,מתמטיקה,2012,536.0
יפן,Japan,מתמטיקה,2015,532.0
יפן,Japan,מתמטיקה,2018,527.0
יפן,Japan,מתמטיקה,2022,536.0
דרום קוריאה,Korea,מתמטיקה,2003,542.0
דרום קוריאה,Korea,מתמטיקה,2006,547.0
דרום קוריאה,Korea,מתמטיקה,2009,546.0
דרום קוריאה,Korea,מתמטיקה,2012,554.0
דרום קוריאה,Korea,מתמטיקה,2015,524.0
דרום קוריאה,Korea,מתמטיקה,2018,526.0
דרום קוריאה,Korea,מתמטיקה,2022,527.0
לטביה,Latvia,מתמטיקה,2003,483.0
לטביה,Latvia,מתמטיקה,2006,486.0
לטביה,Latvia,מתמטיקה,2009,482.0
לטביה,Latvia,מתמטיקה,2012,491.0
לטביה,Latvia,מתמטיקה,2015,482.0
לטביה,Latvia,מתמטיקה,2018,496.0
לטביה,Latvia,מתמטיקה,2022,483.0
ליטא,Lithuania,מתמטיקה,2006,486.0
ליטא,Lithuania,מתמטיקה,2009,477.0
ליטא,Lithuania,מתמטיקה,2012,479.0
ליטא,Lithuania,מתמטיקה,2015,478.0
ליטא,Lithuania,מתמטיקה,2018,481.0
ליטא,Lithuania,מתמטיקה,2022,475.0
מקסיקו,Mexico,מתמטיקה,2003,385.0
מקסיקו,Mexico,מתמטיקה,2006,406.0
מקסיקו,Mexico,מתמטיקה,2009,419.0
מקסיקו,Mexico,מתמטיקה,2012,413.0
מקסיקו,Mexico,מתמטיקה,2015,408.0
מקסיקו,Mexico,מתמטיקה,2018,409.0
מקסיקו,Mexico,מתמטיקה,2022,395.0
הולנד,Netherlands,מתמטיקה,2003,538.0
הולנד,Netherlands,מתמטיקה,2006,531.0
הולנד,Netherlands,מתמטיקה,2009,526.0
הולנד,Netherlands,מתמטיקה,2012,523.0
הולנד,Netherlands,מתמטיקה,2015,512.0
הולנד,Netherlands,מתמטיקה,2018,519.0
הולנד,Netherlands,מתמטיקה,2022,493.0
ניו זילנד,New Zealand,מתמטיקה,2003,523.0
ניו זילנד,New Zealand,מתמטיקה,2006,522.0
ניו זילנד,New Zealand,מתמטיקה,2009,519.0
ניו זילנד,New Zealand,מתמטיקה,2012,500.0
ניו זילנד,New Zealand,מתמטיקה,2015,495.0
ניו זילנד,New Zealand,מתמטיקה,2018,494.0
ניו זילנד,New Zealand,מתמטיקה,2022,479.0
נורווגיה,Norway,מתמטיקה,2003,495.0
נורווגיה,Norway,מתמטיקה,2006,490.0
נורווגיה,Norway,מתמטיקה,2009,498.0
נורווגיה,Norway,מתמטיקה,2012,489.0
נורווגיה,Norway,מתמטיקה,2015,502.0
נורווגיה,Norway,מתמטיקה,2018,501.0
נורווגיה,Norway,מתמטיקה,2022,468.0
פולין,Poland,מתמטיקה,2003,490.0
פולין,Poland,מתמטיקה,2006,495.0
פולין,Poland,מתמטיקה,2009,495.0
פולין,Poland,מתמטיקה,2012,518.0
פולין,Poland,מתמטיקה,2015,504.0
פולין,Poland,מתמטיקה,2018,516.0
פולין,Poland,מתמטיקה,2022,489.0
פורטוגל,Portugal,מתמטיקה,2003,466.0
פורטוגל,Portugal,מתמטיקה,2006,466.0
פורטוגל,Portugal,מתמטיקה,2009,487.0
פורטוגל,Portugal,מתמטיקה,2012,487.0
פורטוגל,Portugal,מתמטיקה,2015,492.0
פורטוגל,Portugal,מתמטיקה,2018,492.0
פורטוגל,Portugal,מתמטיקה,2022,472.0
סלובקיה,Slovak Republic,מתמטיקה,2003,498.0
סלובקיה,Slovak Republic,מתמטיקה,2006,492.0
סלובקיה,Slovak Republic,מתמטיקה,2009,497.0
סלובקיה,Slovak Republic,מתמטיקה,2012,482.0
סלובקיה,Slovak Republic,מתמטיקה,2015,475.0
סלובקיה,Slovak Republic,מתמטיקה,2018,486.0
סלובקיה,Slovak Republic,מתמטיקה,2022,464.0
סלובניה,Slovenia,מתמטיקה,2006,504.0
סלובניה,Slovenia,מתמטיקה,2009,501.0
סלובניה,Slovenia,מתמטיקה,2012,501.0
סלובניה,Slovenia,מתמטיקה,2015,510.0
סלובניה,Slovenia,מתמטיקה,2018,509.0
סלובניה,Slovenia,מתמטיקה,2022,485.0
Spain,Spain,מתמטיקה,2003,485.0
Spain,Spain,מתמטיקה,2006,480.0
Spain,Spain,מתמטיקה,2009,483.0
Spain,Spain,מתמטיקה,2012,484.0
Spain,Spain,מתמטיקה,2015,486.0
Spain,Spain,מתמטיקה,2022,473.0
שוודיה,Sweden,מתמטיקה,2003,509.0
שוודיה,Sweden,מתמטיקה,2006,502.0
שוודיה,Sweden,מתמטיקה,2009,494.0
שוודיה,Sweden,מתמטיקה,2012,478.0
שוודיה,Sweden,מתמטיקה,2015,494.0
שוודיה,Sweden,מתמטיקה,2018,502.0
שוודיה,Sweden,מתמטיקה,2022,482.0
שווייץ,Switzerland,מתמטיקה,2003,527.0
שווייץ,Switzerland,מתמטיקה,2006,530.0
שווייץ,Switzerland,מתמטיקה,2009,534.0
שווייץ,Switzerland,מתמטיקה,2012,531.0
שווייץ,Switzerland,מתמטיקה,2015,521.0
שווייץ,Switzerland,מתמטיקה,2018,515.0
שווייץ,Switzerland,מתמטיקה,2022,508.0
טורקיה,Türkiye,מתמטיקה,2003,423.0
טורקיה,Türkiye,מתמטיקה,2006,424.0
טורקיה,Türkiye,מתמטיקה,2009,445.0
טורקיה,Türkiye,מתמטיקה,2012,448.0
טורקיה,Türkiye,מתמטיקה,2015,420.0
טורקיה,Türkiye,מתמטיקה,2018,454.0
טורקיה,Türkiye,מתמטיקה,2022,453.0
בריטניה,United Kingdom,מתמטיקה,2006,495.0
בריטניה,United Kingdom,מתמטיקה,2009,492.0
בריטניה,United Kingdom,מתמטיקה,2012,494.0
בריטניה,United Kingdom,מתמטיקה,2015,492.0
בריטניה,United Kingdom,מתמטיקה,2018,502.0
בריטניה,United Kingdom,מתמטיקה,2022,489.0
ארצות הברית,United States,מתמטיקה,2003,483.0
ארצות הברית,United States,מתמטיקה,2006,474.0
ארצות הברית,United States,מתמטיקה,2009,487.0
ארצות הברית,United States,מתמטיקה,2012,481.0
ארצות הברית,United States,מתמטיקה,2015,470.0
ארצות הברית,United States,מתמטיקה,2018,478.0
ארצות הברית,United States,מתמטיקה,2022,465.0
ממוצע OECD,OECD average,מתמטיקה,2012,488.0
ממוצע OECD,OECD average,מתמטיקה,2015,485.0
ממוצע OECD,OECD average,מתמטיקה,2022,472.0
OECD average-23,OECD average-23,מתמטיקה,2003,502.0
OECD average-23,OECD average-23,מתמטיקה,2006,501.0
OECD average-23,OECD average-23,מתמטיקה,2009,502.0
OECD average-23,OECD average-23,מתמטיקה,2012,499.0
OECD average-23,OECD average-23,מתמטיקה,2015,496.0
OECD average-23,OECD average-23,מתמטיקה,2018,496.0
OECD average-23,OECD average-23,מתמטיקה,2022,480.0
OECD average-26,OECD average-26,מתמטיקה,2012,484.0
OECD average-26,OECD average-26,מתמטיקה,2015,480.0
OECD average-26,OECD average-26,מתמטיקה,2018,483.0
OECD average-26,OECD average-26,מתמטיקה,2022,468.0
OECD average-35,OECD average-35,מתמטיקה,2006,491.0
OECD average-35,OECD average-35,מתמטיקה,2012,491.0
OECD average-35,OECD average-35,מתמטיקה,2015,487.0
OECD average-35,OECD average-35,מתמטיקה,2018,490.0
OECD average-35,OECD average-35,מתמטיקה,2022,475.0
Albania,Albania,מתמטיקה,2009,377.0
Albania,Albania,מתמטיקה,2012,394.0
Albania,Albania,מתמטיקה,2015,413.0
Albania,Albania,מתמטיקה,2018,437.0
Albania,Albania,מתמטיקה,2022,368.0
Argentina,Argentina,מתמטיקה,2006,381.0
Argentina,Argentina,מתמטיקה,2009,388.0
Argentina,Argentina,מתמטיקה,2012,388.0
Argentina,Argentina,מתמטיקה,2018,379.0
Argentina,Argentina,מתמטיקה,2022,378.0
Baku (Azerbaijan),Baku (Azerbaijan),מתמטיקה,2018,420.0
Baku (Azerbaijan),Baku (Azerbaijan),מתמטיקה,2022,397.0
ברזיל,Brazil,מתמטיקה,2003,356.0
ברזיל,Brazil,מתמטיקה,2006,370.0
ברזיל,Brazil,מתמטיקה,2009,386.0
ברזיל,Brazil,מתמטיקה,2012,389.0
ברזיל,Brazil,מתמטיקה,2015,377.0
ברזיל,Brazil,מתמטיקה,2018,384.0
ברזיל,Brazil,מתמטיקה,2022,379.0
Brunei Darussalam,Brunei Darussalam,מתמטיקה,2018,430.0
Brunei Darussalam,Brunei Darussalam,מתמטיקה,2022,442.0
בולגריה,Bulgaria,מתמטיקה,2006,413.0
בולגריה,Bulgaria,מתמטיקה,2009,428.0
בולגריה,Bulgaria,מתמטיקה,2012,439.0
בולגריה,Bulgaria,מתמטיקה,2015,441.0
בולגריה,Bulgaria,מתמטיקה,2018,436.0
בולגריה,Bulgaria,מתמטיקה,2022,417.0
Cambodia,Cambodia,מתמטיקה,2018,325.0
Cambodia,Cambodia,מתמטיקה,2022,336.0
קרואטיה,Croatia,מתמטיקה,2006,467.0
קרואטיה,Croatia,מתמטיקה,2009,460.0
קרואטיה,Croatia,מתמטיקה,2012,471.0
קרואטיה,Croatia,מתמטיקה,2015,464.0
קרואטיה,Croatia,מתמטיקה,2018,464.0
קרואטיה,Croatia,מתמטיקה,2022,463.0
Cyprus,Cyprus,מתמטיקה,2012,440.0
Cyprus,Cyprus,מתמטיקה,2015,437.0
Cyprus,Cyprus,מתמטיקה,2018,451.0
Cyprus,Cyprus,מתמטיקה,2022,418.0
Dominican Republic,Dominican Republic,מתמטיקה,2015,328.0
Dominican Republic,Dominican Republic,מתמטיקה,2018,325.0
Dominican Republic,Dominican Republic,מתמטיקה,2022,339.0
El Salvador,El Salvador,מתמטיקה,2022,343.0
Georgia,Georgia,מתמטיקה,2009,379.0
Georgia,Georgia,מתמטיקה,2015,404.0
Georgia,Georgia,מתמטיקה,2018,398.0
Georgia,Georgia,מתמטיקה,2022,390.0
Guatemala,Guatemala,מתמטיקה,2018,334.0
Guatemala,Guatemala,מתמטיקה,2022,344.0
הונג קונג,Hong Kong (China),מתמטיקה,2003,550.0
הונג קונג,Hong Kong (China),מתמטיקה,2006,547.0
הונג קונג,Hong Kong (China),מתמטיקה,2009,555.0
הונג קונג,Hong Kong (China),מתמטיקה,2012,561.0
הונג קונג,Hong Kong (China),מתמטיקה,2015,548.0
הונג קונג,Hong Kong (China),מתמטיקה,2018,551.0
הונג קונג,Hong Kong (China),מתמטיקה,2022,540.0
אינדונזיה,Indonesia,מתמטיקה,2003,360.0
אינדונזיה,Indonesia,מתמטיקה,2006,391.0
אינדונזיה,Indonesia,מתמטיקה,2009,371.0
אינדונזיה,Indonesia,מתמטיקה,2012,375.0
אינדונזיה,Indonesia,מתמטיקה,2015,386.0
אינדונזיה,Indonesia,מתמטיקה,2018,379.0
אינדונזיה,Indonesia,מתמטיקה,2022,366.0
Jamaica,Jamaica,מתמטיקה,2022,377.0
ירדן,Jordan,מתמטיקה,2006,384.0
ירדן,Jordan,מתמטיקה,2009,387.0
ירדן,Jordan,מתמטיקה,2012,386.0
ירדן,Jordan,מתמטיקה,2015,380.0
ירדן,Jordan,מתמטיקה,2018,400.0
ירדן,Jordan,מתמטיקה,2022,361.0
Kazakhstan,Kazakhstan,מתמטיקה,2009,405.0
Kazakhstan,Kazakhstan,מתמטיקה,2012,432.0
Kazakhstan,Kazakhstan,מתמטיקה,2018,423.0
Kazakhstan,Kazakhstan,מתמטיקה,2022,425.0
Kosovo,Kosovo,מתמטיקה,2015,362.0
Kosovo,Kosovo,מתמטיקה,2018,366.0
Kosovo,Kosovo,מתמטיקה,2022,355.0
מקאו,Macao (China),מתמטיקה,2003,527.0
מקאו,Macao (China),מתמטיקה,2006,525.0
מקאו,Macao (China),מתמטיקה,2009,525.0
מקאו,Macao (China),מתמטיקה,2012,538.0
מקאו,Macao (China),מתמטיקה,2015,544.0
מקאו,Macao (China),מתמטיקה,2018,558.0
מקאו,Macao (China),מתמטיקה,2022,552.0
מלזיה,Malaysia,מתמטיקה,2009,404.0
מלזיה,Malaysia,מתמטיקה,2012,421.0
מלזיה,Malaysia,מתמטיקה,2018,440.0
מלזיה,Malaysia,מתמטיקה,2022,409.0
Malta,Malta,מתמטיקה,2009,463.0
Malta,Malta,מתמטיקה,2015,479.0
Malta,Malta,מתמטיקה,2018,472.0
Malta,Malta,מתמטיקה,2022,466.0
Moldova,Moldova,מתמטיקה,2009,397.0
Moldova,Moldova,מתמטיקה,2015,420.0
Moldova,Moldova,מתמטיקה,2018,421.0
Moldova,Moldova,מתמטיקה,2022,414.0
Mongolia,Mongolia,מתמטיקה,2022,425.0
Montenegro,Montenegro,מתמטיקה,2006,399.0
Montenegro,Montenegro,מתמטיקה,2009,403.0
Montenegro,Montenegro,מתמטיקה,2012,410.0
Montenegro,Montenegro,מתמטיקה,2015,418.0
Montenegro,Montenegro,מתמטיקה,2018,430.0
Montenegro,Montenegro,מתמטיקה,2022,406.0
מרוקו,Morocco,מתמטיקה,2018,368.0
מרוקו,Morocco,מתמטיקה,2022,365.0
North Macedonia,North Macedonia,מתמטיקה,2015,371.0
North Macedonia,North Macedonia,מתמטיקה,2018,394.0
North Macedonia,North Macedonia,מתמטיקה,2022,389.0
Palestinian Authority,Palestinian Authority,מתמטיקה,2022,366.0
Panama,Panama,מתמטיקה,2009,360.0
Panama,Panama,מתמטיקה,2018,353.0
Panama,Panama,מתמטיקה,2022,357.0
Paraguay,Paraguay,מתמטיקה,2018,326.0
Paraguay,Paraguay,מתמטיקה,2022,338.0
Peru,Peru,מתמטיקה,2009,365.0
Peru,Peru,מתמטיקה,2012,368.0
Peru,Peru,מתמטיקה,2015,387.0
Peru,Peru,מתמטיקה,2018,400.0
Peru,Peru,מתמטיקה,2022,391.0
Philippines,Philippines,מתמטיקה,2018,353.0
Philippines,Philippines,מתמטיקה,2022,355.0
קטאר,Qatar,מתמטיקה,2006,318.0
קטאר,Qatar,מתמטיקה,2009,368.0
קטאר,Qatar,מתמטיקה,2012,376.0
קטאר,Qatar,מתמטיקה,2015,402.0
קטאר,Qatar,מתמטיקה,2018,414.0
קטאר,Qatar,מתמטיקה,2022,414.0
רומניה,Romania,מתמטיקה,2006,415.0
רומניה,Romania,מתמטיקה,2009,427.0
רומניה,Romania,מתמטיקה,2012,445.0
רומניה,Romania,מתמטיקה,2015,444.0
רומניה,Romania,מתמטיקה,2018,430.0
רומניה,Romania,מתמטיקה,2022,428.0
ערב הסעודית,Saudi Arabia,מתמטיקה,2018,373.0
ערב הסעודית,Saudi Arabia,מתמטיקה,2022,389.0
סרביה,Serbia,מתמטיקה,2006,435.0
סרביה,Serbia,מתמטיקה,2009,442.0
סרביה,Serbia,מתמטיקה,2012,449.0
סרביה,Serbia,מתמטיקה,2018,448.0
סרביה,Serbia,מתמטיקה,2022,440.0
סינגפור,Singapore,מתמטיקה,2009,562.0
סינגפור,Singapore,מתמטיקה,2012,573.0
סינגפור,Singapore,מתמטיקה,2015,564.0
סינגפור,Singapore,מתמטיקה,2018,569.0
סינגפור,Singapore,מתמטיקה,2022,575.0
טייוואן,Chinese Taipei,מתמטיקה,2006,549.0
טייוואן,Chinese Taipei,מתמטיקה,2009,543.0
טייוואן,Chinese Taipei,מתמטיקה,2012,560.0
טייוואן,Chinese Taipei,מתמטיקה,2015,542.0
טייוואן,Chinese Taipei,מתמטיקה,2018,531.0
טייוואן,Chinese Taipei,מתמטיקה,2022,547.0
תאילנד,Thailand,מתמטיקה,2003,417.0
תאילנד,Thailand,מתמטיקה,2006,417.0
תאילנד,Thailand,מתמטיקה,2009,419.0
תאילנד,Thailand,מתמטיקה,2012,427.0
תאילנד,Thailand,מתמטיקה,2015,415.0
תאילנד,Thailand,מתמטיקה,2018,419.0
תאילנד,Thailand,מתמטיקה,2022,394.0
Ukrainian regions (18 of 27),Ukrainian regions (18 of 27),מתמטיקה,2022,441.0
איחוד האמירויות,United Arab Emirates,מתמטיקה,2009,421.0
איחוד האמירויות,United Arab Emirates,מתמטיקה,2012,434.0
איחוד האמירויות,United Arab Emirates,מתמטיקה,2015,427.0
איחוד האמירויות,United Arab Emirates,מתמטיקה,2018,435.0
איחוד האמירויות,United Arab Emirates,מתמטיקה,2022,431.0
אורוגוואי,Uruguay,מתמטיקה,2003,422.0
אורוגוואי,Uruguay,מתמטיקה,2006,427.0
אורוגוואי,Uruguay,מתמטיקה,2009,427.0
אורוגוואי,Uruguay,מתמטיקה,2012,409.0
אורוגוואי,Uruguay,מתמטיקה,2015,418.0
אורוגוואי,Uruguay,מתמטיקה,2018,418.0
אורוגוואי,Uruguay,מתמטיקה,2022,409.0
Uzbekistan,Uzbekistan,מתמטיקה,2022,364.0
וייטנאם,Viet Nam,מתמטיקה,2022,469.0
אוסטרליה,Australia,קריאה,2000,528.0
אוסטרליה,Australia,קריאה,2003,525.0
אוסטרליה,Australia,קריאה,2006,513.0
אוסטרליה,Australia,קריאה,2009,515.0
אוסטרליה,Australia,קריאה,2012,512.0
אוסטרליה,Australia,קריאה,2015,503.0
אוסטרליה,Australia,קריאה,2018,503.0
אוסטרליה,Australia,קריאה,2022,498.0
אוסטריה,Austria,קריאה,2000,492.0
אוסטריה,Austria,קריאה,2003,491.0
אוסטריה,Austria,קריאה,2006,490.0
אוסטריה,Austria,קריאה,2012,490.0
אוסטריה,Austria,קריאה,2015,485.0
אוסטריה,Austria,קריאה,2018,484.0
אוסטריה,Austria,קריאה,2022,480.0
בלגיה,Belgium,קריאה,2000,507.0
בלגיה,Belgium,קריאה,2003,507.0
בלגיה,Belgium,קריאה,2006,501.0
בלגיה,Belgium,קריאה,2009,506.0
בלגיה,Belgium,קריאה,2012,509.0
בלגיה,Belgium,קריאה,2015,499.0
בלגיה,Belgium,קריאה,2018,493.0
בלגיה,Belgium,קריאה,2022,479.0
קנדה,Canada,קריאה,2000,534.0
קנדה,Canada,קריאה,2003,528.0
קנדה,Canada,קריאה,2006,527.0
קנדה,Canada,קריאה,2009,524.0
קנדה,Canada,קריאה,2012,523.0
קנדה,Canada,קריאה,2015,527.0
קנדה,Canada,קריאה,2018,520.0
קנדה,Canada,קריאה,2022,507.0
צ׳ילה,Chile,קריאה,2000,410.0
צ׳ילה,Chile,קריאה,2006,442.0
צ׳ילה,Chile,קריאה,2009,449.0
צ׳ילה,Chile,קריאה,2012,441.0
צ׳ילה,Chile,קריאה,2015,459.0
צ׳ילה,Chile,קריאה,2018,452.0
צ׳ילה,Chile,קריאה,2022,448.0
קולומביה,Colombia,קריאה,2006,385.0
קולומביה,Colombia,קריאה,2009,413.0
קולומביה,Colombia,קריאה,2012,403.0
קולומביה,Colombia,קריאה,2015,425.0
קולומביה,Colombia,קריאה,2018,412.0
קולומביה,Colombia,קריאה,2022,409.0
קוסטה ריקה,Costa Rica,קריאה,2009,443.0
קוסטה ריקה,Costa Rica,קריאה,2012,441.0
קוסטה ריקה,Costa Rica,קריאה,2015,427.0
קוסטה ריקה,Costa Rica,קריאה,2018,426.0
קוסטה ריקה,Costa Rica,קריאה,2022,415.0
צ׳כיה,Czech Republic,קריאה,2000,492.0
צ׳כיה,Czech Republic,קריאה,2003,489.0
צ׳כיה,Czech Republic,קריאה,2006,483.0
צ׳כיה,Czech Republic,קריאה,2009,478.0
צ׳כיה,Czech Republic,קריאה,2012,493.0
צ׳כיה,Czech Republic,קריאה,2015,487.0
צ׳כיה,Czech Republic,קריאה,2018,490.0
צ׳כיה,Czech Republic,קריאה,2022,489.0
דנמרק,Denmark,קריאה,2000,497.0
דנמרק,Denmark,קריאה,2003,492.0
דנמרק,Denmark,קריאה,2006,494.0
דנמרק,Denmark,קריאה,2009,495.0
דנמרק,Denmark,קריאה,2012,496.0
דנמרק,Denmark,קריאה,2015,500.0
דנמרק,Denmark,קריאה,2018,501.0
דנמרק,Denmark,קריאה,2022,489.0
אסטוניה,Estonia,קריאה,2006,501.0
אסטוניה,Estonia,קריאה,2009,501.0
אסטוניה,Estonia,קריאה,2012,516.0
אסטוניה,Estonia,קריאה,2015,519.0
אסטוניה,Estonia,קריאה,2018,523.0
אסטוניה,Estonia,קריאה,2022,511.0
פינלנד,Finland,קריאה,2000,546.0
פינלנד,Finland,קריאה,2003,543.0
פינלנד,Finland,קריאה,2006,547.0
פינלנד,Finland,קריאה,2009,536.0
פינלנד,Finland,קריאה,2012,524.0
פינלנד,Finland,קריאה,2015,526.0
פינלנד,Finland,קריאה,2018,520.0
פינלנד,Finland,קריאה,2022,490.0
צרפת,France,קריאה,2000,505.0
צרפת,France,קריאה,2003,496.0
צרפת,France,קריאה,2006,488.0
צרפת,France,קריאה,2009,496.0
צרפת,France,קריאה,2012,505.0
צרפת,France,קריאה,2015,499.0
צרפת,France,קריאה,2018,493.0
צרפת,France,קריאה,2022,474.0
גרמניה,Germany,קריאה,2000,484.0
גרמניה,Germany,קריאה,2003,491.0
גרמניה,Germany,קריאה,2006,495.0
גרמניה,Germany,קריאה,2009,497.0
גרמניה,Germany,קריאה,2012,508.0
גרמניה,Germany,קריאה,2015,509.0
גרמניה,Germany,קריאה,2018,498.0
גרמניה,Germany,קריאה,2022,480.0
יוון,Greece,קריאה,2000,474.0
יוון,Greece,קריאה,2003,472.0
יוון,Greece,קריאה,2006,460.0
יוון,Greece,קריאה,2009,483.0
יוון,Greece,קריאה,2012,477.0
יוון,Greece,קריאה,2015,467.0
יוון,Greece,קריאה,2018,457.0
יוון,Greece,קריאה,2022,438.0
הונגריה,Hungary,קריאה,2000,480.0
הונגריה,Hungary,קריאה,2003,482.0
הונגריה,Hungary,קריאה,2006,482.0
הונגריה,Hungary,קריאה,2009,494.0
הונגריה,Hungary,קריאה,2012,488.0
הונגריה,Hungary,קריאה,2015,470.0
הונגריה,Hungary,קריאה,2018,476.0
הונגריה,Hungary,קריאה,2022,473.0
איסלנד,Iceland,קריאה,2000,507.0
איסלנד,Iceland,קריאה,2003,492.0
איסלנד,Iceland,קריאה,2006,484.0
איסלנד,Iceland,קריאה,2009,500.0
איסלנד,Iceland,קריאה,2012,483.0
איסלנד,Iceland,קריאה,2015,482.0
איסלנד,Iceland,קריאה,2018,474.0
איסלנד,Iceland,קריאה,2022,436.0
אירלנד,Ireland,קריאה,2000,527.0
אירלנד,Ireland,קריאה,2003,515.0
אירלנד,Ireland,קריאה,2006,517.0
אירלנד,Ireland,קריאה,2009,496.0
אירלנד,Ireland,קריאה,2012,523.0
אירלנד,Ireland,קריאה,2015,521.0
אירלנד,Ireland,קריאה,2018,518.0
אירלנד,Ireland,קריאה,2022,516.0
ישראל,Israel,קריאה,2000,452.0
ישראל,Israel,קריאה,2006,439.0
ישראל,Israel,קריאה,2009,474.0
ישראל,Israel,קריאה,2012,486.0
ישראל,Israel,קריאה,2015,479.0
ישראל,Israel,קריאה,2018,470.0
ישראל,Israel,קריאה,2022,474.0
איטליה,Italy,קריאה,2000,487.0
איטליה,Italy,קריאה,2003,476.0
איטליה,Italy,קריאה,2006,469.0
איטליה,Italy,קריאה,2009,486.0
איטליה,Italy,קריאה,2012,490.0
איטליה,Italy,קריאה,2015,485.0
איטליה,Italy,קריאה,2018,476.0
איטליה,Italy,קריאה,2022,482.0
יפן,Japan,קריאה,2000,522.0
יפן,Japan,קריאה,2003,498.0
יפן,Japan,קריאה,2006,498.0
יפן,Japan,קריאה,2009,520.0
יפן,Japan,קריאה,2012,538.0
יפן,Japan,קריאה,2015,516.0
יפן,Japan,קריאה,2018,504.0
יפן,Japan,קריאה,2022,516.0
דרום קוריאה,Korea,קריאה,2000,525.0
דרום קוריאה,Korea,קריאה,2003,534.0
דרום קוריאה,Korea,קריאה,2006,556.0
דרום קוריאה,Korea,קריאה,2009,539.0
דרום קוריאה,Korea,קריאה,2012,536.0
דרום קוריאה,Korea,קריאה,2015,517.0
דרום קוריאה,Korea,קריאה,2018,514.0
דרום קוריאה,Korea,קריאה,2022,515.0
לטביה,Latvia,קריאה,2000,458.0
לטביה,Latvia,קריאה,2003,491.0
לטביה,Latvia,קריאה,2006,479.0
לטביה,Latvia,קריאה,2009,484.0
לטביה,Latvia,קריאה,2012,489.0
לטביה,Latvia,קריאה,2015,488.0
לטביה,Latvia,קריאה,2018,479.0
לטביה,Latvia,קריאה,2022,475.0
ליטא,Lithuania,קריאה,2006,470.0
ליטא,Lithuania,קריאה,2009,468.0
ליטא,Lithuania,קריאה,2012,477.0
ליטא,Lithuania,קריאה,2015,472.0
ליטא,Lithuania,קריאה,2018,476.0
ליטא,Lithuania,קריאה,2022,472.0
מקסיקו,Mexico,קריאה,2000,422.0
מקסיקו,Mexico,קריאה,2003,400.0
מקסיקו,Mexico,קריאה,2006,410.0
מקסיקו,Mexico,קריאה,2009,425.0
מקסיקו,Mexico,קריאה,2012,424.0
מקסיקו,Mexico,קריאה,2015,423.0
מקסיקו,Mexico,קריאה,2018,420.0
מקסיקו,Mexico,קריאה,2022,415.0
הולנד,Netherlands,קריאה,2003,513.0
הולנד,Netherlands,קריאה,2006,507.0
הולנד,Netherlands,קריאה,2009,508.0
הולנד,Netherlands,קריאה,2012,511.0
הולנד,Netherlands,קריאה,2015,503.0
הולנד,Netherlands,קריאה,2018,485.0
הולנד,Netherlands,קריאה,2022,459.0
ניו זילנד,New Zealand,קריאה,2000,529.0
ניו זילנד,New Zealand,קריאה,2003,522.0
ניו זילנד,New Zealand,קריאה,2006,521.0
ניו זילנד,New Zealand,קריאה,2009,521.0
ניו זילנד,New Zealand,קריאה,2012,512.0
ניו זילנד,New Zealand,קריאה,2015,509.0
ניו זילנד,New Zealand,קריאה,2018,506.0
ניו זילנד,New Zealand,קריאה,2022,501.0
נורווגיה,Norway,קריאה,2000,505.0
נורווגיה,Norway,קריאה,2003,500.0
נורווגיה,Norway,קריאה,2006,484.0
נורווגיה,Norway,קריאה,2009,503.0
נורווגיה,Norway,קריאה,2012,504.0
נורווגיה,Norway,קריאה,2015,513.0
נורווגיה,Norway,קריאה,2018,499.0
נורווגיה,Norway,קריאה,2022,477.0
פולין,Poland,קריאה,2000,479.0
פולין,Poland,קריאה,2003,497.0
פולין,Poland,קריאה,2006,508.0
פולין,Poland,קריאה,2009,500.0
פולין,Poland,קריאה,2012,518.0
פולין,Poland,קריאה,2015,506.0
פולין,Poland,קריאה,2018,512.0
פולין,Poland,קריאה,2022,489.0
פורטוגל,Portugal,קריאה,2000,470.0
פורטוגל,Portugal,קריאה,2003,478.0
פורטוגל,Portugal,קריאה,2006,472.0
פורטוגל,Portugal,קריאה,2009,489.0
פורטוגל,Portugal,קריאה,2012,488.0
פורטוגל,Portugal,קריאה,2015,498.0
פורטוגל,Portugal,קריאה,2018,492.0
פורטוגל,Portugal,קריאה,2022,477.0
סלובקיה,Slovak Republic,קריאה,2003,469.0
סלובקיה,Slovak Republic,קריאה,2006,466.0
סלובקיה,Slovak Republic,קריאה,2009,477.0
סלובקיה,Slovak Republic,קריאה,2012,463.0
סלובקיה,Slovak Republic,קריאה,2015,453.0
סלובקיה,Slovak Republic,קריאה,2018,458.0
סלובקיה,Slovak Republic,קריאה,2022,447.0
סלובניה,Slovenia,קריאה,2006,494.0
סלובניה,Slovenia,קריאה,2009,483.0
סלובניה,Slovenia,קריאה,2012,481.0
סלובניה,Slovenia,קריאה,2015,505.0
סלובניה,Slovenia,קריאה,2018,495.0
סלובניה,Slovenia,קריאה,2022,469.0
Spain,Spain,קריאה,2000,493.0
Spain,Spain,קריאה,2003,481.0
Spain,Spain,קריאה,2006,461.0
Spain,Spain,קריאה,2009,481.0
Spain,Spain,קריאה,2012,488.0
Spain,Spain,קריאה,2015,496.0
Spain,Spain,קריאה,2022,474.0
שוודיה,Sweden,קריאה,2000,516.0
שוודיה,Sweden,קריאה,2003,514.0
שוודיה,Sweden,קריאה,2006,507.0
שוודיה,Sweden,קריאה,2009,497.0
שוודיה,Sweden,קריאה,2012,483.0
שוודיה,Sweden,קריאה,2015,500.0
שוודיה,Sweden,קריאה,2018,506.0
שוודיה,Sweden,קריאה,2022,487.0
שווייץ,Switzerland,קריאה,2000,494.0
שווייץ,Switzerland,קריאה,2003,499.0
שווייץ,Switzerland,קריאה,2006,499.0
שווייץ,Switzerland,קריאה,2009,501.0
שווייץ,Switzerland,קריאה,2012,509.0
שווייץ,Switzerland,קריאה,2015,492.0
שווייץ,Switzerland,קריאה,2018,484.0
שווייץ,Switzerland,קריאה,2022,483.0
טורקיה,Türkiye,קריאה,2003,441.0
טורקיה,Türkiye,קריאה,2006,447.0
טורקיה,Türkiye,קריאה,2009,464.0
טורקיה,Türkiye,קריאה,2012,475.0
טורקיה,Türkiye,קריאה,2015,428.0
טורקיה,Türkiye,קריאה,2018,466.0
טורקיה,Türkiye,קריאה,2022,456.0
בריטניה,United Kingdom,קריאה,2006,495.0
בריטניה,United Kingdom,קריאה,2009,494.0
בריטניה,United Kingdom,קריאה,2012,499.0
בריטניה,United Kingdom,קריאה,2015,498.0
בריטניה,United Kingdom,קריאה,2018,504.0
בריטניה,United Kingdom,קריאה,2022,494.0
ארצות הברית,United States,קריאה,2000,504.0
ארצות הברית,United States,קריאה,2003,495.0
ארצות הברית,United States,קריאה,2009,500.0
ארצות הברית,United States,קריאה,2012,498.0
ארצות הברית,United States,קריאה,2015,497.0
ארצות הברית,United States,קריאה,2018,505.0
ארצות הברית,United States,קריאה,2022,504.0
ממוצע OECD,OECD average,קריאה,2012,492.0
ממוצע OECD,OECD average,קריאה,2015,489.0
ממוצע OECD,OECD average,קריאה,2022,476.0
OECD average-23,OECD average-23,קריאה,2000,500.0
OECD average-23,OECD average-23,קריאה,2003,497.0
OECD average-23,OECD average-23,קריאה,2006,495.0
OECD average-23,OECD average-23,קריאה,2009,499.0
OECD average-23,OECD average-23,קריאה,2012,501.0
OECD average-23,OECD average-23,קריאה,2015,497.0
OECD average-23,OECD average-23,קריאה,2018,493.0
OECD average-23,OECD average-23,קריאה,2022,482.0
OECD average-26,OECD average-26,קריאה,2012,487.0
OECD average-26,OECD average-26,קריאה,2015,482.0
OECD average-26,OECD average-26,קריאה,2018,480.0
OECD average-26,OECD average-26,קריאה,2022,469.0
OECD average-35,OECD average-35,קריאה,2012,494.0
OECD average-35,OECD average-35,קריאה,2015,490.0
OECD average-35,OECD average-35,קריאה,2018,488.0
OECD average-35,OECD average-35,קריאה,2022,477.0
Albania,Albania,קריאה,2000,349.0
Albania,Albania,קריאה,2009,385.0
Albania,Albania,קריאה,2012,394.0
Albania,Albania,קריאה,2015,405.0
Albania,Albania,קריאה,2018,405.0
Albania,Albania,קריאה,2022,358.0
Argentina,Argentina,קריאה,2000,418.0
Argentina,Argentina,קריאה,2006,374.0
Argentina,Argentina,קריאה,2009,398.0
Argentina,Argentina,קריאה,2012,396.0
Argentina,Argentina,קריאה,2018,402.0
Argentina,Argentina,קריאה,2022,401.0
Baku (Azerbaijan),Baku (Azerbaijan),קריאה,2018,389.0
Baku (Azerbaijan),Baku (Azerbaijan),קריאה,2022,365.0
ברזיל,Brazil,קריאה,2000,396.0
ברזיל,Brazil,קריאה,2003,403.0
ברזיל,Brazil,קריאה,2006,393.0
ברזיל,Brazil,קריאה,2009,412.0
ברזיל,Brazil,קריאה,2012,407.0
ברזיל,Brazil,קריאה,2015,407.0
ברזיל,Brazil,קריאה,2018,413.0
ברזיל,Brazil,קריאה,2022,410.0
Brunei Darussalam,Brunei Darussalam,קריאה,2018,408.0
Brunei Darussalam,Brunei Darussalam,קריאה,2022,429.0
בולגריה,Bulgaria,קריאה,2000,430.0
בולגריה,Bulgaria,קריאה,2006,402.0
בולגריה,Bulgaria,קריאה,2009,429.0
בולגריה,Bulgaria,קריאה,2012,436.0
בולגריה,Bulgaria,קריאה,2015,432.0
בולגריה,Bulgaria,קריאה,2018,420.0
בולגריה,Bulgaria,קריאה,2022,404.0
Cambodia,Cambodia,קריאה,2018,321.0
Cambodia,Cambodia,קריאה,2022,329.0
קרואטיה,Croatia,קריאה,2006,477.0
קרואטיה,Croatia,קריאה,2009,476.0
קרואטיה,Croatia,קריאה,2012,485.0
קרואטיה,Croatia,קריאה,2015,487.0
קרואטיה,Croatia,קריאה,2018,479.0
קרואטיה,Croatia,קריאה,2022,475.0
Cyprus,Cyprus,קריאה,2012,449.0
Cyprus,Cyprus,קריאה,2015,443.0
Cyprus,Cyprus,קריאה,2018,424.0
Cyprus,Cyprus,קריאה,2022,381.0
Dominican Republic,Dominican Republic,קריאה,2015,358.0
Dominican Republic,Dominican Republic,קריאה,2018,342.0
Dominican Republic,Dominican Republic,קריאה,2022,351.0
El Salvador,El Salvador,קריאה,2022,365.0
Georgia,Georgia,קריאה,2009,374.0
Georgia,Georgia,קריאה,2015,401.0
Georgia,Georgia,קריאה,2018,380.0
Georgia,Georgia,קריאה,2022,374.0
Guatemala,Guatemala,קריאה,2018,369.0
Guatemala,Guatemala,קריאה,2022,374.0
הונג קונג,Hong Kong (China),קריאה,2000,525.0
הונג קונג,Hong Kong (China),קריאה,2003,510.0
הונג קונג,Hong Kong (China),קריאה,2006,536.0
הונג קונג,Hong Kong (China),קריאה,2009,533.0
הונג קונג,Hong Kong (China),קריאה,2012,545.0
הונג קונג,Hong Kong (China),קריאה,2015,527.0
הונג קונג,Hong Kong (China),קריאה,2018,524.0
הונג קונג,Hong Kong (China),קריאה,2022,500.0
אינדונזיה,Indonesia,קריאה,2000,371.0
אינדונזיה,Indonesia,קריאה,2003,382.0
אינדונזיה,Indonesia,קריאה,2006,393.0
אינדונזיה,Indonesia,קריאה,2009,402.0
אינדונזיה,Indonesia,קריאה,2012,396.0
אינדונזיה,Indonesia,קריאה,2015,397.0
אינדונזיה,Indonesia,קריאה,2018,371.0
אינדונזיה,Indonesia,קריאה,2022,359.0
Jamaica,Jamaica,קריאה,2022,410.0
ירדן,Jordan,קריאה,2022,342.0
Kazakhstan,Kazakhstan,קריאה,2009,390.0
Kazakhstan,Kazakhstan,קריאה,2012,393.0
Kazakhstan,Kazakhstan,קריאה,2018,387.0
Kazakhstan,Kazakhstan,קריאה,2022,386.0
Kosovo,Kosovo,קריאה,2015,347.0
Kosovo,Kosovo,קריאה,2018,353.0
Kosovo,Kosovo,קריאה,2022,342.0
מקאו,Macao (China),קריאה,2003,498.0
מקאו,Macao (China),קריאה,2006,492.0
מקאו,Macao (China),קריאה,2009,487.0
מקאו,Macao (China),קריאה,2012,509.0
מקאו,Macao (China),קריאה,2015,509.0
מקאו,Macao (China),קריאה,2018,525.0
מקאו,Macao (China),קריאה,2022,510.0
מלזיה,Malaysia,קריאה,2009,414.0
מלזיה,Malaysia,קריאה,2012,398.0
מלזיה,Malaysia,קריאה,2018,415.0
מלזיה,Malaysia,קריאה,2022,388.0
Malta,Malta,קריאה,2009,442.0
Malta,Malta,קריאה,2015,447.0
Malta,Malta,קריאה,2018,448.0
Malta,Malta,קריאה,2022,445.0
Moldova,Moldova,קריאה,2009,388.0
Moldova,Moldova,קריאה,2015,416.0
Moldova,Moldova,קריאה,2018,424.0
Moldova,Moldova,קריאה,2022,411.0
Mongolia,Mongolia,קריאה,2022,378.0
Montenegro,Montenegro,קריאה,2006,392.0
Montenegro,Montenegro,קריאה,2009,408.0
Montenegro,Montenegro,קריאה,2012,422.0
Montenegro,Montenegro,קריאה,2015,427.0
Montenegro,Montenegro,קריאה,2018,421.0
Montenegro,Montenegro,קריאה,2022,405.0
מרוקו,Morocco,קריאה,2018,359.0
מרוקו,Morocco,קריאה,2022,339.0
North Macedonia,North Macedonia,קריאה,2000,373.0
North Macedonia,North Macedonia,קריאה,2015,352.0
North Macedonia,North Macedonia,קריאה,2018,393.0
North Macedonia,North Macedonia,קריאה,2022,359.0
Palestinian Authority,Palestinian Authority,קריאה,2022,349.0
Panama,Panama,קריאה,2009,371.0
Panama,Panama,קריאה,2018,377.0
Panama,Panama,קריאה,2022,392.0
Paraguay,Paraguay,קריאה,2018,370.0
Paraguay,Paraguay,קריאה,2022,373.0
Peru,Peru,קריאה,2000,327.0
Peru,Peru,קריאה,2009,370.0
Peru,Peru,קריאה,2012,384.0
Peru,Peru,קריאה,2015,398.0
Peru,Peru,קריאה,2018,401.0
Peru,Peru,קריאה,2022,408.0
Philippines,Philippines,קריאה,2018,340.0
Philippines,Philippines,קריאה,2022,347.0
קטאר,Qatar,קריאה,2006,312.0
קטאר,Qatar,קריאה,2009,372.0
קטאר,Qatar,קריאה,2012,388.0
קטאר,Qatar,קריאה,2015,402.0
קטאר,Qatar,קריאה,2018,407.0
קטאר,Qatar,קריאה,2022,419.0
רומניה,Romania,קריאה,2006,396.0
רומניה,Romania,קריאה,2009,424.0
רומניה,Romania,קריאה,2012,438.0
רומניה,Romania,קריאה,2015,434.0
רומניה,Romania,קריאה,2018,428.0
רומניה,Romania,קריאה,2022,428.0
ערב הסעודית,Saudi Arabia,קריאה,2018,399.0
ערב הסעודית,Saudi Arabia,קריאה,2022,383.0
סרביה,Serbia,קריאה,2006,401.0
סרביה,Serbia,קריאה,2009,442.0
סרביה,Serbia,קריאה,2012,446.0
סרביה,Serbia,קריאה,2018,439.0
סרביה,Serbia,קריאה,2022,440.0
סינגפור,Singapore,קריאה,2009,526.0
סינגפור,Singapore,קריאה,2012,542.0
סינגפור,Singapore,קריאה,2015,535.0
סינגפור,Singapore,קריאה,2018,549.0
סינגפור,Singapore,קריאה,2022,543.0
טייוואן,Chinese Taipei,קריאה,2006,496.0
טייוואן,Chinese Taipei,קריאה,2009,495.0
טייוואן,Chinese Taipei,קריאה,2012,523.0
טייוואן,Chinese Taipei,קריאה,2015,497.0
טייוואן,Chinese Taipei,קריאה,2018,503.0
טייוואן,Chinese Taipei,קריאה,2022,515.0
תאילנד,Thailand,קריאה,2000,431.0
תאילנד,Thailand,קריאה,2003,420.0
תאילנד,Thailand,קריאה,2006,417.0
תאילנד,Thailand,קריאה,2009,421.0
תאילנד,Thailand,קריאה,2012,441.0
תאילנד,Thailand,קריאה,2015,409.0
תאילנד,Thailand,קריאה,2018,393.0
תאילנד,Thailand,קריאה,2022,379.0
Ukrainian regions (18 of 27),Ukrainian regions (18 of 27),קריאה,2022,428.0
איחוד האמירויות,United Arab Emirates,קריאה,2009,431.0
איחוד האמירויות,United Arab Emirates,קריאה,2012,442.0
איחוד האמירויות,United Arab Emirates,קריאה,2015,434.0
איחוד האמירויות,United Arab Emirates,קריאה,2018,432.0
איחוד האמירויות,United Arab Emirates,קריאה,2022,417.0
אורוגוואי,Uruguay,קריאה,2003,434.0
אורוגוואי,Uruguay,קריאה,2006,413.0
אורוגוואי,Uruguay,קריאה,2009,426.0
אורוגוואי,Uruguay,קריאה,2012,411.0
אורוגוואי,Uruguay,קריאה,2015,437.0
אורוגוואי,Uruguay,קריאה,2018,427.0
אורוגוואי,Uruguay,קריאה,2022,430.0
Uzbekistan,Uzbekistan,קריאה,2022,336.0
Viet Nam,Viet Nam,קריאה,2022,462.0
אוסטרליה,Australia,מדעים,2006,527.0
אוסטרליה,Australia,מדעים,2009,527.0
אוסטרליה,Australia,מדעים,2012,521.0
אוסטרליה,Australia,מדעים,2015,510.0
אוסטרליה,Australia,מדעים,2018,503.0
אוסטרליה,Australia,מדעים,2022,507.0
אוסטריה,Austria,מדעים,2006,511.0
אוסטריה,Austria,מדעים,2012,506.0
אוסטריה,Austria,מדעים,2015,495.0
אוסטריה,Austria,מדעים,2018,490.0
אוסטריה,Austria,מדעים,2022,491.0
בלגיה,Belgium,מדעים,2006,510.0
בלגיה,Belgium,מדעים,2009,507.0
בלגיה,Belgium,מדעים,2012,505.0
בלגיה,Belgium,מדעים,2015,502.0
בלגיה,Belgium,מדעים,2018,499.0
בלגיה,Belgium,מדעים,2022,491.0
קנדה,Canada,מדעים,2006,534.0
קנדה,Canada,מדעים,2009,529.0
קנדה,Canada,מדעים,2012,525.0
קנדה,Canada,מדעים,2015,528.0
קנדה,Canada,מדעים,2018,518.0
קנדה,Canada,מדעים,2022,515.0
צ׳ילה,Chile,מדעים,2006,438.0
צ׳ילה,Chile,מדעים,2009,447.0
צ׳ילה,Chile,מדעים,2012,445.0
צ׳ילה,Chile,מדעים,2015,447.0
צ׳ילה,Chile,מדעים,2018,444.0
צ׳ילה,Chile,מדעים,2022,444.0
קולומביה,Colombia,מדעים,2006,388.0
קולומביה,Colombia,מדעים,2009,402.0
קולומביה,Colombia,מדעים,2012,399.0
קולומביה,Colombia,מדעים,2015,416.0
קולומביה,Colombia,מדעים,2018,413.0
קולומביה,Colombia,מדעים,2022,411.0
קוסטה ריקה,Costa Rica,מדעים,2009,430.0
קוסטה ריקה,Costa Rica,מדעים,2012,429.0
קוסטה ריקה,Costa Rica,מדעים,2015,420.0
קוסטה ריקה,Costa Rica,מדעים,2018,416.0
קוסטה ריקה,Costa Rica,מדעים,2022,411.0
צ׳כיה,Czech Republic,מדעים,2006,513.0
צ׳כיה,Czech Republic,מדעים,2009,500.0
צ׳כיה,Czech Republic,מדעים,2012,508.0
צ׳כיה,Czech Republic,מדעים,2015,493.0
צ׳כיה,Czech Republic,מדעים,2018,497.0
צ׳כיה,Czech Republic,מדעים,2022,498.0
דנמרק,Denmark,מדעים,2006,496.0
דנמרק,Denmark,מדעים,2009,499.0
דנמרק,Denmark,מדעים,2012,498.0
דנמרק,Denmark,מדעים,2015,502.0
דנמרק,Denmark,מדעים,2018,493.0
דנמרק,Denmark,מדעים,2022,494.0
אסטוניה,Estonia,מדעים,2006,531.0
אסטוניה,Estonia,מדעים,2009,528.0
אסטוניה,Estonia,מדעים,2012,541.0
אסטוניה,Estonia,מדעים,2015,534.0
אסטוניה,Estonia,מדעים,2018,530.0
אסטוניה,Estonia,מדעים,2022,526.0
פינלנד,Finland,מדעים,2006,563.0
פינלנד,Finland,מדעים,2009,554.0
פינלנד,Finland,מדעים,2012,545.0
פינלנד,Finland,מדעים,2015,531.0
פינלנד,Finland,מדעים,2018,522.0
פינלנד,Finland,מדעים,2022,511.0
צרפת,France,מדעים,2006,495.0
צרפת,France,מדעים,2009,498.0
צרפת,France,מדעים,2012,499.0
צרפת,France,מדעים,2015,495.0
צרפת,France,מדעים,2018,493.0
צרפת,France,מדעים,2022,487.0
גרמניה,Germany,מדעים,2006,516.0
גרמניה,Germany,מדעים,2009,520.0
גרמניה,Germany,מדעים,2012,524.0
גרמניה,Germany,מדעים,2015,509.0
גרמניה,Germany,מדעים,2018,503.0
גרמניה,Germany,מדעים,2022,492.0
יוון,Greece,מדעים,2006,473.0
יוון,Greece,מדעים,2009,470.0
יוון,Greece,מדעים,2012,467.0
יוון,Greece,מדעים,2015,455.0
יוון,Greece,מדעים,2018,452.0
יוון,Greece,מדעים,2022,441.0
הונגריה,Hungary,מדעים,2006,504.0
הונגריה,Hungary,מדעים,2009,503.0
הונגריה,Hungary,מדעים,2012,494.0
הונגריה,Hungary,מדעים,2015,477.0
הונגריה,Hungary,מדעים,2018,481.0
הונגריה,Hungary,מדעים,2022,486.0
איסלנד,Iceland,מדעים,2006,491.0
איסלנד,Iceland,מדעים,2009,496.0
איסלנד,Iceland,מדעים,2012,478.0
איסלנד,Iceland,מדעים,2015,473.0
איסלנד,Iceland,מדעים,2018,475.0
איסלנד,Iceland,מדעים,2022,447.0
אירלנד,Ireland,מדעים,2006,508.0
אירלנד,Ireland,מדעים,2009,508.0
אירלנד,Ireland,מדעים,2012,522.0
אירלנד,Ireland,מדעים,2015,503.0
אירלנד,Ireland,מדעים,2018,496.0
אירלנד,Ireland,מדעים,2022,504.0
ישראל,Israel,מדעים,2006,454.0
ישראל,Israel,מדעים,2009,455.0
ישראל,Israel,מדעים,2012,470.0
ישראל,Israel,מדעים,2015,467.0
ישראל,Israel,מדעים,2018,462.0
ישראל,Israel,מדעים,2022,465.0
איטליה,Italy,מדעים,2006,475.0
איטליה,Italy,מדעים,2009,489.0
איטליה,Italy,מדעים,2012,494.0
איטליה,Italy,מדעים,2015,481.0
איטליה,Italy,מדעים,2018,468.0
איטליה,Italy,מדעים,2022,477.0
יפן,Japan,מדעים,2006,531.0
יפן,Japan,מדעים,2009,539.0
יפן,Japan,מדעים,2012,547.0
יפן,Japan,מדעים,2015,538.0
יפן,Japan,מדעים,2018,529.0
יפן,Japan,מדעים,2022,547.0
דרום קוריאה,Korea,מדעים,2006,522.0
דרום קוריאה,Korea,מדעים,2009,538.0
דרום קוריאה,Korea,מדעים,2012,538.0
דרום קוריאה,Korea,מדעים,2015,516.0
דרום קוריאה,Korea,מדעים,2018,519.0
דרום קוריאה,Korea,מדעים,2022,528.0
לטביה,Latvia,מדעים,2006,490.0
לטביה,Latvia,מדעים,2009,494.0
לטביה,Latvia,מדעים,2012,502.0
לטביה,Latvia,מדעים,2015,490.0
לטביה,Latvia,מדעים,2018,487.0
לטביה,Latvia,מדעים,2022,494.0
ליטא,Lithuania,מדעים,2006,488.0
ליטא,Lithuania,מדעים,2009,491.0
ליטא,Lithuania,מדעים,2012,496.0
ליטא,Lithuania,מדעים,2015,475.0
ליטא,Lithuania,מדעים,2018,482.0
ליטא,Lithuania,מדעים,2022,484.0
מקסיקו,Mexico,מדעים,2006,410.0
מקסיקו,Mexico,מדעים,2009,416.0
מקסיקו,Mexico,מדעים,2012,415.0
מקסיקו,Mexico,מדעים,2015,416.0
מקסיקו,Mexico,מדעים,2018,419.0
מקסיקו,Mexico,מדעים,2022,410.0
הולנד,Netherlands,מדעים,2006,525.0
הולנד,Netherlands,מדעים,2009,522.0
הולנד,Netherlands,מדעים,2012,522.0
הולנד,Netherlands,מדעים,2015,509.0
הולנד,Netherlands,מדעים,2018,503.0
הולנד,Netherlands,מדעים,2022,488.0
ניו זילנד,New Zealand,מדעים,2006,530.0
ניו זילנד,New Zealand,מדעים,2009,532.0
ניו זילנד,New Zealand,מדעים,2012,516.0
ניו זילנד,New Zealand,מדעים,2015,513.0
ניו זילנד,New Zealand,מדעים,2018,508.0
ניו זילנד,New Zealand,מדעים,2022,504.0
נורווגיה,Norway,מדעים,2006,487.0
נורווגיה,Norway,מדעים,2009,500.0
נורווגיה,Norway,מדעים,2012,495.0
נורווגיה,Norway,מדעים,2015,498.0
נורווגיה,Norway,מדעים,2018,490.0
נורווגיה,Norway,מדעים,2022,478.0
פולין,Poland,מדעים,2006,498.0
פולין,Poland,מדעים,2009,508.0
פולין,Poland,מדעים,2012,526.0
פולין,Poland,מדעים,2015,501.0
פולין,Poland,מדעים,2018,511.0
פולין,Poland,מדעים,2022,499.0
פורטוגל,Portugal,מדעים,2006,474.0
פורטוגל,Portugal,מדעים,2009,493.0
פורטוגל,Portugal,מדעים,2012,489.0
פורטוגל,Portugal,מדעים,2015,501.0
פורטוגל,Portugal,מדעים,2018,492.0
פורטוגל,Portugal,מדעים,2022,484.0
סלובקיה,Slovak Republic,מדעים,2006,488.0
סלובקיה,Slovak Republic,מדעים,2009,490.0
סלובקיה,Slovak Republic,מדעים,2012,471.0
סלובקיה,Slovak Republic,מדעים,2015,461.0
סלובקיה,Slovak Republic,מדעים,2018,464.0
סלובקיה,Slovak Republic,מדעים,2022,462.0
סלובניה,Slovenia,מדעים,2006,519.0
סלובניה,Slovenia,מדעים,2009,512.0
סלובניה,Slovenia,מדעים,2012,514.0
סלובניה,Slovenia,מדעים,2015,513.0
סלובניה,Slovenia,מדעים,2018,507.0
סלובניה,Slovenia,מדעים,2022,500.0
Spain,Spain,מדעים,2006,488.0
Spain,Spain,מדעים,2009,488.0
Spain,Spain,מדעים,2012,496.0
Spain,Spain,מדעים,2015,493.0
Spain,Spain,מדעים,2022,485.0
שוודיה,Sweden,מדעים,2006,503.0
שוודיה,Sweden,מדעים,2009,495.0
שוודיה,Sweden,מדעים,2012,485.0
שוודיה,Sweden,מדעים,2015,493.0
שוודיה,Sweden,מדעים,2018,499.0
שוודיה,Sweden,מדעים,2022,494.0
שווייץ,Switzerland,מדעים,2006,512.0
שווייץ,Switzerland,מדעים,2009,517.0
שווייץ,Switzerland,מדעים,2012,515.0
שווייץ,Switzerland,מדעים,2015,506.0
שווייץ,Switzerland,מדעים,2018,495.0
שווייץ,Switzerland,מדעים,2022,503.0
טורקיה,Türkiye,מדעים,2006,424.0
טורקיה,Türkiye,מדעים,2009,454.0
טורקיה,Türkiye,מדעים,2012,463.0
טורקיה,Türkiye,מדעים,2015,425.0
טורקיה,Türkiye,מדעים,2018,468.0
טורקיה,Türkiye,מדעים,2022,476.0
בריטניה,United Kingdom,מדעים,2006,515.0
בריטניה,United Kingdom,מדעים,2009,514.0
בריטניה,United Kingdom,מדעים,2012,514.0
בריטניה,United Kingdom,מדעים,2015,509.0
בריטניה,United Kingdom,מדעים,2018,505.0
בריטניה,United Kingdom,מדעים,2022,500.0
ארצות הברית,United States,מדעים,2006,489.0
ארצות הברית,United States,מדעים,2009,502.0
ארצות הברית,United States,מדעים,2012,497.0
ארצות הברית,United States,מדעים,2015,496.0
ארצות הברית,United States,מדעים,2018,502.0
ארצות הברית,United States,מדעים,2022,499.0
ממוצע OECD,OECD average,מדעים,2012,497.0
ממוצע OECD,OECD average,מדעים,2015,489.0
ממוצע OECD,OECD average,מדעים,2022,485.0
OECD average-23,OECD average-23,מדעים,2006,503.0
OECD average-23,OECD average-23,מדעים,2009,506.0
OECD average-23,OECD average-23,מדעים,2012,505.0
OECD average-23,OECD average-23,מדעים,2015,497.0
OECD average-23,OECD average-23,מדעים,2018,493.0
OECD average-23,OECD average-23,מדעים,2022,491.0
OECD average-26,OECD average-26,מדעים,2012,491.0
OECD average-26,OECD average-26,מדעים,2015,482.0
OECD average-26,OECD average-26,מדעים,2018,482.0
OECD average-26,OECD average-26,מדעים,2022,479.0
OECD average-35,OECD average-35,מדעים,2006,495.0
OECD average-35,OECD average-35,מדעים,2012,499.0
OECD average-35,OECD average-35,מדעים,2015,491.0
OECD average-35,OECD average-35,מדעים,2018,489.0
OECD average-35,OECD average-35,מדעים,2022,487.0
Albania,Albania,מדעים,2009,391.0
Albania,Albania,מדעים,2012,397.0
Albania,Albania,מדעים,2015,427.0
Albania,Albania,מדעים,2018,417.0
Albania,Albania,מדעים,2022,376.0
Argentina,Argentina,מדעים,2006,391.0
Argentina,Argentina,מדעים,2009,401.0
Argentina,Argentina,מדעים,2012,406.0
Argentina,Argentina,מדעים,2018,404.0
Argentina,Argentina,מדעים,2022,406.0
Baku (Azerbaijan),Baku (Azerbaijan),מדעים,2018,398.0
Baku (Azerbaijan),Baku (Azerbaijan),מדעים,2022,380.0
ברזיל,Brazil,מדעים,2006,390.0
ברזיל,Brazil,מדעים,2009,405.0
ברזיל,Brazil,מדעים,2012,402.0
ברזיל,Brazil,מדעים,2015,401.0
ברזיל,Brazil,מדעים,2018,404.0
ברזיל,Brazil,מדעים,2022,403.0
Brunei Darussalam,Brunei Darussalam,מדעים,2018,431.0
Brunei Darussalam,Brunei Darussalam,מדעים,2022,446.0
בולגריה,Bulgaria,מדעים,2006,434.0
בולגריה,Bulgaria,מדעים,2009,439.0
בולגריה,Bulgaria,מדעים,2012,446.0
בולגריה,Bulgaria,מדעים,2015,446.0
בולגריה,Bulgaria,מדעים,2018,424.0
בולגריה,Bulgaria,מדעים,2022,421.0
Cambodia,Cambodia,מדעים,2018,330.0
Cambodia,Cambodia,מדעים,2022,347.0
קרואטיה,Croatia,מדעים,2006,493.0
קרואטיה,Croatia,מדעים,2009,486.0
קרואטיה,Croatia,מדעים,2012,491.0
קרואטיה,Croatia,מדעים,2015,475.0
קרואטיה,Croatia,מדעים,2018,472.0
קרואטיה,Croatia,מדעים,2022,483.0
Cyprus,Cyprus,מדעים,2012,438.0
Cyprus,Cyprus,מדעים,2015,433.0
Cyprus,Cyprus,מדעים,2018,439.0
Cyprus,Cyprus,מדעים,2022,411.0
Dominican Republic,Dominican Republic,מדעים,2015,332.0
Dominican Republic,Dominican Republic,מדעים,2018,336.0
Dominican Republic,Dominican Republic,מדעים,2022,360.0
El Salvador,El Salvador,מדעים,2022,373.0
Georgia,Georgia,מדעים,2009,373.0
Georgia,Georgia,מדעים,2015,411.0
Georgia,Georgia,מדעים,2018,383.0
Georgia,Georgia,מדעים,2022,384.0
Guatemala,Guatemala,מדעים,2018,365.0
Guatemala,Guatemala,מדעים,2022,373.0
הונג קונג,Hong Kong (China),מדעים,2006,542.0
הונג קונג,Hong Kong (China),מדעים,2009,549.0
הונג קונג,Hong Kong (China),מדעים,2012,555.0
הונג קונג,Hong Kong (China),מדעים,2015,523.0
הונג קונג,Hong Kong (China),מדעים,2018,517.0
הונג קונג,Hong Kong (China),מדעים,2022,520.0
אינדונזיה,Indonesia,מדעים,2006,393.0
אינדונזיה,Indonesia,מדעים,2009,383.0
אינדונזיה,Indonesia,מדעים,2012,382.0
אינדונזיה,Indonesia,מדעים,2015,403.0
אינדונזיה,Indonesia,מדעים,2018,396.0
אינדונזיה,Indonesia,מדעים,2022,383.0
Jamaica,Jamaica,מדעים,2022,403.0
ירדן,Jordan,מדעים,2022,375.0
Kazakhstan,Kazakhstan,מדעים,2009,400.0
Kazakhstan,Kazakhstan,מדעים,2012,425.0
Kazakhstan,Kazakhstan,מדעים,2018,397.0
Kazakhstan,Kazakhstan,מדעים,2022,423.0
Kosovo,Kosovo,מדעים,2015,378.0
Kosovo,Kosovo,מדעים,2018,365.0
Kosovo,Kosovo,מדעים,2022,357.0
מקאו,Macao (China),מדעים,2006,511.0
מקאו,Macao (China),מדעים,2009,511.0
מקאו,Macao (China),מדעים,2012,521.0
מקאו,Macao (China),מדעים,2015,529.0
מקאו,Macao (China),מדעים,2018,544.0
מקאו,Macao (China),מדעים,2022,543.0
מלזיה,Malaysia,מדעים,2009,422.0
מלזיה,Malaysia,מדעים,2012,420.0
מלזיה,Malaysia,מדעים,2018,438.0
מלזיה,Malaysia,מדעים,2022,416.0
Malta,Malta,מדעים,2009,461.0
Malta,Malta,מדעים,2015,465.0
Malta,Malta,מדעים,2018,457.0
Malta,Malta,מדעים,2022,466.0
Moldova,Moldova,מדעים,2009,413.0
Moldova,Moldova,מדעים,2015,428.0
Moldova,Moldova,מדעים,2018,428.0
Moldova,Moldova,מדעים,2022,417.0
Mongolia,Mongolia,מדעים,2022,412.0
Montenegro,Montenegro,מדעים,2006,412.0
Montenegro,Montenegro,מדעים,2009,401.0
Montenegro,Montenegro,מדעים,2012,410.0
Montenegro,Montenegro,מדעים,2015,411.0
Montenegro,Montenegro,מדעים,2018,415.0
Montenegro,Montenegro,מדעים,2022,403.0
מרוקו,Morocco,מדעים,2018,377.0
מרוקו,Morocco,מדעים,2022,365.0
North Macedonia,North Macedonia,מדעים,2015,384.0
North Macedonia,North Macedonia,מדעים,2018,413.0
North Macedonia,North Macedonia,מדעים,2022,380.0
Palestinian Authority,Palestinian Authority,מדעים,2022,369.0
Panama,Panama,מדעים,2009,376.0
Panama,Panama,מדעים,2018,365.0
Panama,Panama,מדעים,2022,388.0
Paraguay,Paraguay,מדעים,2018,358.0
Paraguay,Paraguay,מדעים,2022,368.0
Peru,Peru,מדעים,2009,369.0
Peru,Peru,מדעים,2012,373.0
Peru,Peru,מדעים,2015,397.0
Peru,Peru,מדעים,2018,404.0
Peru,Peru,מדעים,2022,408.0
Philippines,Philippines,מדעים,2018,357.0
Philippines,Philippines,מדעים,2022,356.0
קטאר,Qatar,מדעים,2006,349.0
קטאר,Qatar,מדעים,2009,379.0
קטאר,Qatar,מדעים,2012,384.0
קטאר,Qatar,מדעים,2015,418.0
קטאר,Qatar,מדעים,2018,419.0
קטאר,Qatar,מדעים,2022,432.0
רומניה,Romania,מדעים,2006,418.0
רומניה,Romania,מדעים,2009,428.0
רומניה,Romania,מדעים,2012,439.0
רומניה,Romania,מדעים,2015,435.0
רומניה,Romania,מדעים,2018,426.0
רומניה,Romania,מדעים,2022,428.0
ערב הסעודית,Saudi Arabia,מדעים,2018,386.0
ערב הסעודית,Saudi Arabia,מדעים,2022,390.0
סרביה,Serbia,מדעים,2006,436.0
סרביה,Serbia,מדעים,2009,443.0
סרביה,Serbia,מדעים,2012,445.0
סרביה,Serbia,מדעים,2018,440.0
סרביה,Serbia,מדעים,2022,447.0
סינגפור,Singapore,מדעים,2009,542.0
סינגפור,Singapore,מדעים,2012,551.0
סינגפור,Singapore,מדעים,2015,556.0
סינגפור,Singapore,מדעים,2018,551.0
סינגפור,Singapore,מדעים,2022,561.0
טייוואן,Chinese Taipei,מדעים,2006,532.0
טייוואן,Chinese Taipei,מדעים,2009,520.0
טייוואן,Chinese Taipei,מדעים,2012,523.0
טייוואן,Chinese Taipei,מדעים,2015,532.0
טייוואן,Chinese Taipei,מדעים,2018,516.0
טייוואן,Chinese Taipei,מדעים,2022,537.0
תאילנד,Thailand,מדעים,2006,421.0
תאילנד,Thailand,מדעים,2009,425.0
תאילנד,Thailand,מדעים,2012,444.0
תאילנד,Thailand,מדעים,2015,421.0
תאילנד,Thailand,מדעים,2018,426.0
תאילנד,Thailand,מדעים,2022,409.0
Ukrainian regions (18 of 27),Ukrainian regions (18 of 27),מדעים,2022,450.0
איחוד האמירויות,United Arab Emirates,מדעים,2009,438.0
איחוד האמירויות,United Arab Emirates,מדעים,2012,448.0
איחוד האמירויות,United Arab Emirates,מדעים,2015,437.0
איחוד האמירויות,United Arab Emirates,מדעים,2018,434.0
איחוד האמירויות,United Arab Emirates,מדעים,2022,432.0
אורוגוואי,Uruguay,מדעים,2006,428.0
אורוגוואי,Uruguay,מדעים,2009,427.0
אורוגוואי,Uruguay,מדעים,2012,416.0
אורוגוואי,Uruguay,מדעים,2015,435.0
אורוגוואי,Uruguay,מדעים,2018,426.0
אורוגוואי,Uruguay,מדעים,2022,435.0
Uzbekistan,Uzbekistan,מדעים,2022,355.0
וייטנאם,Viet Nam,מדעים,2022,472.0
