סמל ישוב,שם ישוב,בזב 25,אחוז הצבעה 19,אחוז הצבעה 20,אחוז הצבעה 21,אחוז הצבעה 22,אחוז הצבעה 23,אחוז הצבעה 24,אחוז הצבעה 25,שינוי 19 עד 25,אחוז פסולים 25
7,שחר,530,71.69,73.75,71.9,72.92,74.28,65.37,70.94,-0.75,0.27
10,תירוש,336,66.11,71.24,71.17,73.8,76.13,68.37,79.76,13.65,0.0
11,ניר חן,445,68.9,72.98,71.71,70.69,67.08,67.67,67.19,-1.7,0.0
13,חצבה,566,75.7,76.37,80.28,74.3,76.3,71.8,72.08,-3.62,0.25
15,נועם,316,68.37,76.67,71.85,74.03,75.08,67.39,78.16,9.79,1.21
16,בית ניר,488,82.23,80.9,77.16,79.41,77.95,75.72,75.0,-7.23,0.27
18,שדה משה,405,76.58,78.68,76.88,76.83,72.91,75.87,79.75,3.17,0.31
21,באר אורה,732,81.18,84.13,75.64,72.82,75.21,72.27,67.62,-13.55,0.2
22,מקווה ישראל,157,67.66,69.23,67.11,63.33,68.87,71.88,70.7,3.04,0.0
23,אמציה,149,80.65,79.62,73.64,73.33,71.89,65.19,69.8,-10.85,0.0
24,לכיש,631,82.53,83.1,82.0,82.74,79.79,77.87,77.34,-5.2,0.0
26,ראש פינה,2531,73.76,74.65,73.42,71.96,69.44,66.26,66.14,-7.62,0.42
27,שדות מיכה,275,64.89,73.41,73.41,69.78,75.66,68.15,74.91,10.02,0.0
28,מזכרת בתיה,11313,75.17,79.75,78.14,76.43,77.0,74.84,75.22,0.05,0.32
29,יסוד המעלה,1348,73.6,76.45,73.66,71.06,71.33,70.48,66.32,-7.28,0.45
31,אופקים,23916,59.24,66.81,65.5,66.48,67.19,60.96,68.6,9.36,0.74
32,עוצם,463,75.97,81.57,76.53,79.26,85.05,78.0,83.15,7.18,0.52
33,בת שלמה,439,78.55,81.36,82.87,77.7,80.27,80.77,73.8,-4.75,0.31
35,גדות,377,64.77,68.45,66.31,65.23,65.76,65.59,66.05,1.28,0.0
36,שדה דוד,449,63.75,68.81,75.7,75.66,78.72,72.14,81.29,17.54,1.1
37,איתן,380,73.36,82.26,77.23,79.38,78.29,73.77,82.37,9.01,0.32
39,גפן,270,73.09,78.17,73.62,80.08,84.21,76.67,82.59,9.5,0.0
41,אליכין,2663,73.55,79.5,76.26,76.42,75.92,73.82,75.78,2.23,0.79
43,מטולה,1511,65.42,66.0,65.28,59.11,60.47,58.72,54.27,-11.15,0.49
44,זוהר,253,69.78,73.53,76.4,75.09,76.89,71.75,73.52,3.74,0.0
46,יבנאל,2709,72.96,75.74,67.29,71.59,69.44,65.84,70.03,-2.93,1.32
47,כפר תבור,3529,73.56,75.3,75.02,72.84,72.55,70.62,69.88,-3.68,0.53
48,מנחמיה,948,63.41,67.99,65.91,63.63,65.05,60.43,65.19,1.78,0.49
49,אילניה,459,68.55,70.82,69.63,67.39,66.02,67.83,64.49,-4.06,1.35
52,לוזית,507,71.53,77.75,73.8,75.39,77.95,69.68,78.11,6.58,0.51
53,עתלית,6940,66.73,70.94,71.81,71.59,71.9,70.28,72.46,5.73,0.4
55,נוגה,435,61.39,73.16,71.68,68.55,72.62,66.34,74.48,13.09,0.31
57,כנרת קבוצה,657,67.05,69.35,66.61,69.46,68.93,67.39,64.84,-2.21,0.47
58,מצפה,113,77.21,79.53,78.03,69.12,70.77,72.03,75.22,-1.98,0.0
59,נחושה,890,86.74,83.11,82.49,77.5,78.26,76.8,73.82,-12.92,0.3
62,דגניה א,525,67.66,70.23,71.26,65.18,66.6,68.35,64.76,-2.9,0.59
63,כנרת מושבה,558,70.38,75.42,73.13,69.54,72.11,68.97,67.92,-2.46,0.53
64,יד רמבם,878,73.03,78.36,75.66,75.24,77.37,72.66,76.54,3.51,0.15
65,מגדל,1469,62.51,67.61,67.29,65.76,66.67,62.65,66.58,4.07,0.2
66,מרחביה קיבוץ,950,75.47,75.42,73.2,71.72,72.11,70.74,69.05,-6.42,1.22
67,אור הנר,630,76.95,77.89,81.76,77.04,76.14,77.28,76.35,-0.6,0.0
69,ניר עוז,329,75.52,78.2,75.08,69.23,74.16,72.89,73.25,-2.26,0.83
70,אשדוד,181784,62.98,67.66,66.14,65.51,66.08,61.62,64.39,1.41,0.64
71,אשבול,434,71.05,73.46,78.62,76.72,76.67,73.56,77.88,6.83,0.0
72,גן שמואל,872,76.22,79.04,77.15,78.17,77.38,77.87,76.38,0.15,0.15
74,עין הוד,518,70.94,74.56,74.4,72.18,70.77,69.86,64.48,-6.46,0.3
76,כפר גלעדי,591,65.86,67.16,63.7,62.61,63.72,61.27,59.9,-5.96,0.0
77,איילת השחר,826,72.12,72.87,73.28,69.66,71.76,70.85,71.43,-0.69,0.34
78,קרית ענבים,333,76.36,78.16,72.37,68.3,67.21,64.33,61.86,-14.5,0.0
79,דגניה ב,591,75.1,77.38,78.17,72.66,71.25,71.15,68.19,-6.91,0.0
80,נהלל,836,75.99,77.93,76.14,75.47,75.77,76.31,74.16,-1.82,0.32
82,עין חרוד מאוחד,694,70.61,71.43,72.21,73.74,72.51,71.68,68.16,-2.45,0.21
84,תל יוסף,390,73.53,77.75,77.36,73.92,74.86,74.8,71.54,-1.99,0.0
85,כפר יחזקאל,763,79.63,82.71,81.74,80.25,81.84,80.63,79.42,-0.21,0.5
86,גבע,514,75.5,75.83,71.95,72.8,73.15,73.09,68.29,-7.21,0.0
89,עין חרוד איחוד,506,76.27,77.55,75.76,72.45,73.11,74.27,72.13,-4.14,0.55
90,חפציבה,587,72.55,73.56,74.2,76.33,73.29,73.05,70.02,-2.53,0.49
92,גיניגר,555,73.33,71.27,70.99,71.64,70.19,70.24,65.77,-7.57,1.1
94,בלפוריה,413,75.91,80.0,82.23,81.93,82.75,78.81,77.72,1.81,0.31
95,בית אלפא,724,71.15,73.66,72.27,71.79,69.57,71.4,71.55,0.4,0.97
96,יגור,1401,69.75,70.62,69.51,69.69,68.14,66.45,63.74,-6.01,0.34
97,מרחביה מושב,603,76.75,78.73,75.99,76.2,75.87,72.84,71.97,-4.78,0.0
98,כפר מלל,273,80.65,82.99,81.44,81.4,79.36,79.64,76.92,-3.72,0.0
99,מצפה רמון,3739,58.71,60.94,57.77,56.96,57.78,50.4,53.09,-5.62,1.06
102,מאיר שפיה,128,52.53,53.26,50.94,53.39,48.21,50.43,42.97,-9.56,3.64
103,תל עדשים,898,76.66,81.73,80.43,77.78,76.47,79.26,74.39,-2.27,0.3
104,מזרע,701,73.21,72.82,73.53,71.45,72.49,71.91,69.76,-3.45,0.0
106,כפר גדעון,211,73.08,77.84,80.22,76.92,72.83,71.96,71.09,-1.99,0.0
107,כפר סילבר,85,56.0,56.04,40.96,36.08,39.08,41.86,32.94,-23.06,0.0
112,כפר חסידים א,538,79.04,78.44,76.26,76.16,74.95,74.38,70.45,-8.6,0.0
113,אדירים,235,82.45,77.99,76.09,83.04,78.54,76.92,75.32,-7.13,0.56
115,חופית,788,76.69,78.52,71.8,70.69,71.02,75.33,72.84,-3.85,1.05
122,רמת ישי,6016,76.04,77.54,75.7,74.12,74.57,73.64,72.69,-3.35,0.41
126,שריד,772,71.75,73.04,72.7,73.01,71.49,69.9,69.04,-2.7,0.19
127,רמת רחל,359,76.88,80.43,79.55,79.33,81.92,80.9,78.83,1.96,0.0
128,גת רימון,192,73.44,77.95,74.11,74.24,73.27,76.59,73.96,0.52,0.0
130,משמר העמק,939,76.29,74.45,76.33,75.6,75.18,77.11,76.25,-0.04,0.42
132,כפר ברוך,436,78.84,78.35,79.28,80.39,77.57,75.27,77.06,-1.78,0.3
133,גבת,702,81.06,83.85,81.2,82.23,81.2,80.43,81.05,-0.01,0.18
134,יפעת,858,75.29,77.53,74.17,77.0,76.12,75.03,75.64,0.35,0.15
135,רמת דוד,404,89.52,77.52,80.46,81.13,79.44,77.87,75.5,-14.03,0.0
139,עין שמר,646,73.18,74.49,75.17,72.91,72.62,71.74,71.36,-1.82,0.0
140,כפר יהושע,900,82.18,83.03,80.34,78.99,81.08,77.35,77.22,-4.96,0.0
141,ברק,297,69.97,72.35,71.76,74.18,72.04,66.23,74.07,4.11,0.45
142,שדה יעקב,671,85.47,84.16,82.08,78.91,79.94,77.88,78.09,-7.38,0.38
143,בית זרע,629,72.76,69.79,62.4,61.58,61.69,61.05,63.12,-9.64,0.25
144,גן שלמה,413,76.49,80.21,83.12,80.15,80.75,80.39,77.72,1.24,0.31
145,גדיש,283,67.86,76.06,70.55,68.36,74.47,70.53,74.2,6.35,0.48
146,דבורה,226,71.93,74.43,70.0,71.74,68.86,64.71,61.5,-10.43,0.0
147,גבעת ברנר,1923,75.82,75.69,75.03,75.31,73.68,75.73,74.36,-1.46,0.21
154,תל מונד,10458,74.29,77.76,76.62,75.72,74.83,73.69,74.73,0.43,0.29
155,באר טוביה,849,83.93,81.85,80.99,82.48,79.58,80.53,79.27,-4.66,0.15
156,עיינות,146,70.13,59.09,48.62,38.97,43.48,32.56,31.51,-38.62,0.0
157,עין ורד,1157,83.45,83.83,81.27,80.57,77.94,80.37,75.89,-7.57,0.11
158,נען,1351,76.08,75.35,76.89,75.75,76.32,74.83,73.43,-2.65,0.1
159,בית חנן,508,78.2,81.23,78.85,77.39,77.16,77.67,74.21,-3.99,0.0
160,חולדה,712,73.73,83.88,84.48,81.34,81.58,82.11,77.53,3.8,0.0
162,חירות,963,83.91,84.52,82.35,81.44,81.1,80.71,77.57,-6.34,0.0
163,תימורים,636,77.78,77.63,78.64,74.84,74.08,71.45,71.7,-6.08,0.88
164,מלאה,277,83.4,78.2,81.16,77.7,84.78,79.42,77.62,-5.79,0.0
165,ניר יפה,461,73.0,81.0,74.63,73.04,77.07,71.33,72.45,-0.55,0.3
166,גן יבנה,17348,73.57,77.18,75.63,74.52,74.84,71.9,73.97,0.4,0.39
167,עין החורש,720,78.62,80.97,81.9,79.97,76.76,76.22,75.69,-2.92,0.18
168,כפר יונה,19357,71.92,76.58,74.0,73.06,73.64,71.47,73.77,1.85,0.5
170,כפר יעבץ,477,78.59,81.21,78.96,79.35,79.96,77.24,73.79,-4.79,0.28
171,פרדסיה,5739,75.6,78.31,77.29,75.64,75.58,75.78,76.48,0.87,0.27
173,גבעת חיים מאוחד,917,77.52,79.15,76.75,75.25,75.03,75.34,73.28,-4.24,0.3
174,נטעים,592,80.69,80.34,77.05,76.29,76.29,76.45,75.17,-5.52,0.22
175,אביחיל,987,76.16,77.45,76.65,74.49,74.67,75.74,70.72,-5.44,0.57
176,אפיקים,1068,68.26,69.56,68.79,66.08,67.5,66.64,66.2,-2.06,0.28
177,כפר בילו,867,77.86,81.53,80.88,78.46,79.13,77.7,77.85,-0.01,0.15
178,רמת יוחנן,862,70.25,71.09,70.5,67.87,68.65,67.85,67.75,-2.5,0.34
182,אבן יהודה,10452,76.83,79.13,77.11,75.83,76.19,74.46,73.78,-3.05,0.25
183,ירקונה,309,76.43,81.6,75.24,72.99,73.05,74.28,72.49,-3.94,0.0
184,רמת הכובש,696,75.42,77.94,77.68,79.82,79.52,76.8,76.29,0.88,0.38
186,נעורים,158,47.17,50.32,43.35,37.44,41.95,40.83,39.24,-7.93,1.61
187,כפר הס,1067,78.66,79.2,77.01,77.07,76.14,75.98,76.57,-2.09,0.0
188,אשדות יעקב מאוחד,605,69.01,69.81,69.57,66.86,69.62,65.46,66.78,-2.23,0.25
189,כפר פינס,399,86.43,85.63,84.68,80.32,82.68,79.49,78.95,-7.48,0.95
190,כפר ויתקין,1444,80.08,80.16,77.17,75.53,76.05,75.43,73.2,-6.88,0.38
191,הדר עם,545,83.57,84.12,83.53,80.82,80.04,78.05,77.06,-6.5,0.0
192,כפר החורש,479,76.0,78.59,78.11,74.95,74.16,76.57,78.08,2.08,0.0
193,כפר חיים,436,80.82,81.75,78.37,78.44,80.7,78.65,77.75,-3.06,0.29
194,משמר השרון,517,67.7,67.58,67.12,67.57,67.77,68.46,64.8,-2.9,0.3
195,קדימהצורן,16165,74.43,77.82,76.14,75.75,75.48,74.34,74.22,-0.22,0.29
196,גיבתון,276,82.46,84.65,77.82,79.62,81.89,81.07,78.26,-4.2,0.0
197,מעברות,745,77.14,79.05,79.76,76.96,75.81,77.59,73.96,-3.18,0.36
198,צופית,858,78.64,78.64,74.97,73.76,74.72,73.45,73.19,-5.44,0.0
199,אשדות יעקב איחוד,683,69.1,73.97,74.85,73.57,71.58,71.87,69.84,0.73,0.21
200,בית ינאי,308,73.14,69.16,63.84,63.7,64.65,65.42,65.26,-7.88,0.0
202,בית עובד,255,81.27,84.27,75.31,76.31,74.8,75.2,72.94,-8.33,0.54
204,אלישיב,488,77.73,83.08,77.59,75.59,74.63,76.56,77.25,-0.47,0.0
205,חגלה,554,82.49,83.7,81.96,79.25,79.13,79.54,74.37,-8.12,0.24
206,רמות השבים,1196,76.87,76.95,77.35,74.94,76.13,77.36,75.84,-1.03,0.22
207,גבעת חן,285,84.52,84.28,86.53,82.84,82.72,82.09,82.46,-2.06,0.0
208,מוצא עילית,1227,68.92,71.01,73.11,70.86,72.99,69.14,69.44,0.52,0.59
213,משמרות,734,77.15,79.96,79.58,79.83,81.65,81.16,79.16,2.0,0.0
217,כפר הראה,762,85.33,84.63,82.01,79.7,78.27,75.82,77.3,-8.03,0.51
218,גני עם,210,88.24,80.0,80.19,78.77,78.77,81.78,81.43,-6.81,0.58
219,חיבת ציון,536,81.69,85.71,81.76,82.14,79.96,82.73,79.29,-2.4,0.0
220,כפר ביאליק,474,70.94,76.26,77.35,76.43,73.76,71.21,74.47,3.54,0.28
223,עין עירון,423,81.99,83.55,83.94,81.48,80.4,80.24,75.65,-6.34,0.0
224,שושנת העמקים,443,64.3,72.38,71.11,70.63,71.05,69.8,71.78,7.48,0.31
225,גן השומרון,642,77.82,78.47,76.9,79.94,77.58,76.15,74.61,-3.21,0.0
229,גני תקווה,16803,76.48,79.1,78.66,77.91,78.01,75.42,75.8,-0.68,0.25
230,מעש,659,78.22,80.03,78.78,78.46,77.55,78.18,74.66,-3.56,0.0
232,שפיים,1042,77.73,78.81,79.3,76.93,76.46,77.69,78.02,0.3,0.12
233,כפר ידידיה,511,84.1,81.6,82.37,81.61,81.72,78.74,75.34,-8.76,0.52
234,ביצרון,858,82.76,82.61,80.14,78.71,80.43,78.99,76.11,-6.66,0.0
235,חבצלת השרון,340,67.06,65.41,66.37,62.79,65.12,62.46,61.47,-5.58,0.0
237,שער העמקים,562,77.96,78.88,78.77,78.99,79.24,79.14,77.4,-0.56,0.92
239,גן חיים,544,81.59,84.84,81.75,79.89,79.17,80.26,79.6,-2.0,0.69
240,יקנעם עילית,18933,68.4,72.34,69.92,69.45,69.41,67.17,67.55,-0.85,0.62
241,יקנעם מושבה,1019,78.05,77.65,77.7,75.83,72.92,76.52,74.29,-3.76,0.0
242,בית השיטה,1051,72.27,74.55,74.52,73.8,72.82,73.53,70.03,-2.24,0.54
246,נתיבות,28166,73.29,76.46,75.03,75.59,76.35,70.33,75.55,2.26,0.44
247,רשפון,920,77.82,76.29,78.43,78.15,77.79,76.51,73.37,-4.45,0.15
248,בית שערים,526,85.18,86.81,81.1,80.63,81.52,76.2,74.71,-10.46,0.25
249,כפר סירקין,999,79.86,79.57,80.21,83.11,79.94,79.58,79.38,-0.48,0.13
250,הזורע,917,67.53,70.17,70.63,70.19,67.44,69.7,67.94,0.41,0.16
252,ביתן אהרן,240,72.06,67.88,76.11,38.86,36.15,40.81,36.25,-35.81,0.0
253,חולתה,482,73.58,76.35,75.12,74.44,73.14,72.67,72.41,-1.18,0.0
254,כפר המכבי,323,69.23,69.2,70.82,69.06,70.03,69.3,72.76,3.52,0.0
255,כפר חיטים,540,71.33,73.1,68.53,67.73,67.72,66.28,64.26,-7.07,0.29
256,ניר דוד תל עמל,641,77.32,76.95,78.85,74.59,76.09,76.32,71.92,-5.4,0.87
257,נופך,406,70.13,77.81,80.96,82.56,83.55,77.78,81.77,11.65,0.9
259,שדה נחום,719,70.34,74.31,77.58,72.64,72.86,72.31,69.68,-0.66,0.8
262,גינוסר,557,67.98,71.68,70.8,69.17,68.83,61.96,70.56,2.58,0.76
263,מסדה,290,61.81,69.43,69.03,64.71,63.47,63.0,61.38,-0.43,0.0
264,שער הגולן,490,74.85,75.4,79.92,73.63,74.49,74.85,70.61,-4.24,0.0
265,בית יוסף,369,56.07,60.37,71.99,66.94,68.39,58.2,72.9,16.82,0.37
267,כפר שמריהו,1948,67.37,68.5,65.4,63.49,65.02,64.69,64.12,-3.26,0.48
268,טירת צבי,562,78.95,79.73,80.77,75.72,78.1,77.99,75.62,-3.32,0.24
269,מולדת,883,77.68,80.2,78.28,72.73,73.56,71.92,68.52,-9.16,0.17
270,עין השופט,909,64.13,64.33,60.71,59.89,59.55,61.84,58.86,-5.27,0.19
272,מעוז חיים,499,64.65,64.64,66.38,61.94,61.6,60.66,60.72,-3.93,0.0
273,עין גב,473,62.56,69.21,67.98,66.11,66.8,66.81,63.85,1.29,0.66
274,כפר מנחם,940,76.02,78.45,76.74,76.22,75.11,74.86,73.3,-2.73,0.29
276,צור משה,1967,80.84,79.55,77.95,78.31,77.26,76.69,75.19,-5.65,0.14
278,אושה,403,68.84,72.3,74.1,69.97,70.65,72.25,71.71,2.87,0.69
280,חניתה,726,63.58,65.66,53.71,63.87,62.73,62.29,61.57,-2.01,0.0
281,פקיעין חדשה,355,66.02,73.67,78.86,79.69,83.59,76.19,79.44,13.42,0.35
282,שבי ציון,944,73.45,73.18,72.8,70.05,69.55,69.29,66.21,-7.24,0.0
284,שדה ורבורג,1019,80.3,81.16,78.98,74.2,73.45,75.65,72.33,-7.97,0.54
285,אלונים,521,76.23,78.92,77.39,78.15,73.58,78.35,75.82,-0.41,0.51
286,מעלה החמישה,589,65.48,70.56,70.47,72.53,69.76,71.95,71.82,6.33,0.24
287,תל יצחק,683,83.28,84.59,81.45,81.9,80.73,32.67,33.53,-49.75,0.87
288,בית יהושע,793,79.54,80.18,76.68,75.21,75.18,75.63,73.39,-6.15,0.52
289,עין המפרץ,733,78.29,77.83,79.8,74.25,77.24,76.08,73.53,-4.76,0.37
290,מעין צבי,684,71.36,71.92,71.64,73.11,72.01,70.41,70.47,-0.89,0.21
292,שרונה,441,79.63,80.14,79.23,77.58,79.0,77.65,75.51,-4.12,0.3
293,שדה יואב,398,79.92,81.39,79.67,80.97,79.59,79.49,76.13,-3.79,0.33
294,אילון,878,75.17,78.15,77.97,74.6,75.82,73.24,72.67,-2.5,0.0
295,כפר רופין,401,67.5,67.68,69.69,65.8,66.75,71.0,68.08,0.58,1.1
296,נווה איתן,190,62.74,61.57,64.89,62.9,65.45,58.7,62.63,-0.1,0.84
297,כפר מסריק,620,73.57,74.76,70.05,65.49,68.28,71.48,69.52,-4.05,0.0
298,מסילות,437,64.41,67.11,66.67,65.83,64.65,64.6,64.3,-0.1,0.71
300,דליה,690,73.43,77.91,75.68,72.96,75.45,75.67,72.46,-0.97,0.0
301,בית עוזיאל,479,69.98,76.96,72.14,72.32,76.57,69.98,76.83,6.85,0.27
302,דפנה,650,79.27,80.14,80.67,78.88,77.11,74.04,72.62,-6.66,0.0
303,דן,543,73.26,76.45,76.85,77.46,72.24,75.19,72.56,-0.7,0.0
304,שדה אליהו,650,65.55,66.16,65.37,57.89,61.49,61.59,61.23,-4.32,0.5
305,גשר,405,67.05,66.9,63.88,60.1,63.2,62.78,61.98,-5.07,0.4
306,שדמות דבורה,495,78.85,82.37,81.33,81.26,80.33,79.88,78.18,-0.66,0.26
307,הזורעים,575,78.54,84.05,82.14,81.52,82.52,83.3,77.74,-0.8,0.0
308,מחניים,589,68.51,73.45,73.45,69.49,68.76,69.45,68.93,0.42,0.25
309,נהורה,972,69.64,76.04,74.6,75.58,76.58,71.31,73.87,4.23,0.28
310,כפר גליקסון,291,72.24,74.62,76.7,75.89,75.35,76.66,71.13,-1.11,0.0
311,גן שורק,266,76.19,80.57,75.57,76.23,78.03,74.17,74.06,-2.13,0.51
312,נווה ים,211,73.97,79.51,72.99,77.51,75.24,72.86,73.46,-0.51,0.0
313,אפק,544,71.61,73.85,76.77,73.44,76.53,75.92,76.84,5.23,0.48
315,נגבה,726,67.97,68.36,70.48,68.76,68.68,67.56,65.43,-2.54,0.21
316,כפר נטר,706,79.88,80.95,82.14,78.18,79.05,78.91,77.05,-2.83,0.0
317,בית אורן,358,63.81,68.93,65.56,66.78,64.8,66.27,63.97,0.16,0.0
318,עמיעוז,223,60.2,70.79,64.25,66.03,67.31,62.15,73.09,12.9,0.0
319,עמיר,532,73.46,73.57,74.1,71.98,71.2,72.96,70.49,-2.97,0.0
320,כפר ורבורג,853,80.29,80.81,79.8,79.61,77.06,77.65,76.44,-3.85,0.15
322,בית הלל,600,73.9,74.33,74.26,70.83,69.77,70.75,67.5,-6.4,0.25
324,שאר ישוב,425,76.84,80.25,75.76,70.45,71.73,72.88,71.76,-5.07,0.0
325,מצובה,882,66.85,72.07,74.76,69.54,68.17,66.51,67.57,0.72,0.0
326,בית יצחקשער חפר,1658,79.36,80.58,78.6,76.78,76.76,77.88,76.3,-3.06,0.63
327,שדות ים,749,78.23,81.32,83.19,82.66,80.53,82.13,80.51,2.27,0.17
329,שדה נחמיה,821,76.91,78.32,78.23,77.32,75.93,72.47,69.79,-7.12,0.17
330,אלומות,333,68.2,68.6,72.76,68.65,70.0,64.87,68.47,0.27,0.44
331,ניר צבי,893,79.19,78.18,80.33,77.92,74.78,78.45,75.7,-3.49,0.15
334,קבוצת יבנה,598,75.0,74.73,74.92,72.95,73.68,73.75,69.4,-5.6,0.24
335,רמת השופט,806,71.64,71.7,71.73,70.87,70.94,70.66,67.62,-4.02,0.55
336,דורות,575,73.0,74.85,75.86,73.32,73.65,74.51,71.13,-1.87,0.0
338,איבים,188,11.86,39.29,5.0,22.43,27.78,28.99,34.57,22.71,0.0
339,רמת צבי,488,79.84,83.29,83.82,83.63,79.6,83.76,79.1,-0.75,0.26
340,גת קיבוץ,624,70.92,70.49,72.73,71.81,72.34,70.74,70.19,-0.72,0.23
342,גברעם,419,74.06,71.28,76.88,73.58,75.63,80.69,80.43,6.37,0.3
343,חמדיה,335,71.8,72.06,70.85,73.33,69.06,69.72,68.96,-2.85,0.87
344,מענית,588,81.72,84.54,82.56,81.02,80.98,81.71,80.27,-1.45,0.21
345,כפר סאלד,533,73.09,75.17,74.63,72.34,75.3,74.02,70.92,-2.17,0.79
346,גליל ים,362,79.61,85.22,78.9,75.86,78.12,78.19,77.07,-2.54,0.36
347,מנרה,213,70.37,64.19,68.54,71.23,66.98,70.0,65.26,-5.11,0.0
348,ניר עם,460,58.18,63.72,65.19,67.36,64.68,64.75,68.7,10.51,0.0
351,ניצן,1588,77.89,79.83,80.72,78.1,80.09,76.17,75.69,-2.19,0.33
352,גבולות,333,60.53,60.44,66.67,62.67,64.05,62.07,58.26,-2.27,0.0
353,בית זיד,108,48.15,62.96,61.95,64.91,65.49,57.14,63.89,15.74,1.45
354,רביבים,722,64.83,66.52,63.51,62.43,60.4,61.66,57.2,-7.63,0.0
355,חורשים,307,64.77,67.4,67.82,67.35,66.22,66.78,67.75,2.98,0.0
356,הגושרים,779,72.06,73.67,75.24,70.91,70.51,71.24,70.47,-1.58,0.18
357,כפר בלום,737,66.11,70.08,70.31,67.96,67.72,68.26,68.66,2.54,0.59
358,יד מרדכי,725,69.88,73.61,75.68,77.09,70.21,68.74,69.66,-0.22,0.2
359,ניצנים,445,74.93,76.16,75.99,73.2,74.05,77.19,79.78,4.84,0.0
360,גבעת נילי,446,79.16,80.83,83.56,76.33,77.68,76.8,76.46,-2.7,0.29
362,רוחמה,550,67.1,66.74,70.28,69.12,70.52,70.63,66.73,-0.37,0.27
363,חפץ חיים,370,84.41,87.85,88.01,84.78,85.37,84.06,83.24,-1.17,0.32
364,כפר אוריה,551,77.87,80.56,79.34,78.37,78.69,75.98,78.22,0.35,0.0
365,בית קשת,496,68.41,72.89,74.06,73.54,72.27,70.76,68.95,0.55,0.58
366,שמיר,707,68.21,71.56,77.0,73.45,68.62,72.52,69.31,1.1,0.41
367,עין העמק,627,66.73,75.77,80.11,79.83,80.17,76.45,79.27,12.54,0.0
368,ביריה,639,71.92,74.44,74.15,73.31,71.98,69.75,71.36,-0.56,0.22
369,גלעד אבן יצחק,368,69.83,75.98,75.27,74.05,76.96,79.56,77.72,7.89,0.0
370,גזר,399,50.43,53.65,52.73,53.25,53.77,53.87,52.88,2.45,0.0
372,רמות נפתלי,461,72.7,72.45,75.12,72.21,69.43,65.53,64.43,-8.28,0.67
373,בית הלוי,544,82.07,81.87,81.31,80.3,79.18,77.65,76.47,-5.6,0.0
374,חוקוק,495,65.35,69.46,68.99,67.18,65.09,64.87,66.87,1.51,0.6
375,מגל,884,83.89,83.68,81.67,80.25,77.7,82.03,77.49,-6.41,0.0
376,עברון,700,73.95,79.64,79.37,78.59,76.37,75.66,74.29,0.34,0.38
377,המעפיל,651,78.45,77.06,77.32,75.08,77.67,74.41,74.19,-4.25,0.0
378,משגב עם,272,62.86,70.34,66.02,68.25,65.25,67.32,65.07,2.22,1.13
379,גאולים,721,69.77,81.61,78.17,76.34,73.95,72.57,73.37,3.6,0.19
380,להבות הבשן,716,68.25,73.61,72.85,69.32,71.47,69.9,64.94,-3.31,1.29
382,מכמורת,1097,69.82,70.87,70.05,67.39,66.41,69.01,67.73,-2.09,0.13
383,עין הנציב,438,80.43,77.62,79.73,73.58,76.27,71.82,71.46,-8.97,0.0
385,עמיעד,473,66.11,64.35,63.32,63.89,61.95,60.54,59.83,-6.27,0.35
386,בני דרור,975,70.45,72.15,80.18,80.02,80.02,58.67,53.23,-17.21,0.19
387,כפר מונש,624,80.33,79.45,76.44,78.82,73.41,74.44,75.16,-5.17,0.0
388,כפר קיש,491,68.77,74.33,75.23,71.98,72.62,71.58,68.84,0.07,0.3
389,בצרה,813,79.51,80.46,75.0,77.22,74.51,73.89,74.29,-5.22,0.17
390,רגבה,856,77.42,76.84,76.21,71.69,74.19,72.53,73.01,-4.41,0.32
393,גלאון,480,68.04,68.04,69.04,69.74,69.57,69.13,70.42,2.38,0.3
394,שובל,645,69.31,73.86,78.32,78.96,71.97,71.99,72.25,2.93,0.21
395,משמר הנגב,863,65.59,66.98,67.45,67.7,67.0,67.27,65.12,-0.46,0.53
396,נבטים,790,77.22,81.66,78.16,76.32,76.44,76.46,79.24,2.02,0.16
397,חצרים,832,72.69,76.3,75.4,72.3,73.41,75.68,72.96,0.26,0.0
398,שרשרת,280,77.19,78.17,75.89,77.55,80.48,71.21,75.36,-1.84,0.0
399,בארי,859,79.75,83.21,79.62,76.17,78.52,79.86,77.18,-2.56,0.3
400,אבן שמואל,1069,87.63,89.08,86.8,86.33,86.29,83.74,84.66,-2.97,0.11
402,ניר יצחק,561,68.97,67.31,66.5,66.9,64.12,66.26,65.42,-3.55,1.09
403,אורים,463,58.12,61.32,57.24,54.98,53.12,52.77,53.78,-4.34,0.8
405,נווה אילן,736,69.0,69.93,71.87,69.57,69.83,69.39,68.75,-0.25,0.2
406,חצוראשדוד,693,70.69,71.18,70.91,67.82,71.81,71.3,69.84,-0.85,0.21
407,דברת,372,73.39,69.36,68.21,69.33,70.34,72.91,69.35,-4.03,0.0
408,נאות מרדכי,539,70.35,70.98,73.87,68.57,71.15,72.22,71.06,0.71,1.04
409,יחיעם,615,72.28,69.74,87.52,66.91,69.45,69.35,65.2,-7.08,0.75
413,צאלים,390,69.7,75.94,74.19,69.42,68.78,68.89,65.38,-4.31,0.39
414,קלחים,383,73.7,77.4,83.14,80.11,82.47,74.8,78.07,4.37,0.33
415,שוקדה,302,73.2,81.5,80.46,80.9,84.35,75.79,84.44,11.24,0.0
416,מעין ברוך,489,71.92,73.67,71.04,70.19,70.15,69.49,65.85,-6.07,0.0
417,יקום,577,81.19,80.31,80.48,77.63,78.35,78.24,76.43,-4.76,0.45
418,בני ציון,856,79.66,82.16,75.12,75.75,75.3,73.83,72.2,-7.46,0.16
419,סעד,636,80.1,80.3,79.32,73.64,73.19,77.27,74.06,-6.05,0.64
421,משאבי שדה,455,63.62,69.43,67.76,66.67,63.52,62.42,60.66,-2.96,0.0
422,חרב לאת,587,79.96,82.35,78.69,76.12,75.69,75.09,72.57,-7.39,0.0
423,העוגן,647,72.82,76.62,76.23,75.24,74.47,74.24,70.63,-2.19,0.0
424,גבים,474,74.69,76.2,76.84,77.14,74.24,73.12,69.83,-4.86,0.91
425,משמרת,677,80.73,81.03,80.31,75.92,79.51,79.69,78.58,-2.15,0.0
426,עין כרמל,543,82.24,80.0,80.04,77.44,77.14,78.54,74.59,-7.65,0.0
427,כפר גלים,116,67.47,71.43,68.54,60.2,52.13,54.72,58.62,-8.85,1.47
428,ברור חיל,781,68.65,69.29,72.48,71.24,69.82,68.93,65.94,-2.71,0.19
429,אלוני אבא,744,84.0,82.16,79.58,77.58,77.71,75.46,73.25,-10.75,0.0
430,בית לחם הגלילית,604,77.45,79.11,78.1,73.65,72.38,73.68,74.34,-3.12,0.0
431,דלתון,655,61.94,73.3,74.43,73.05,77.69,67.7,81.07,19.13,0.56
432,שמרת,468,69.83,72.88,73.16,72.79,74.43,71.56,72.65,2.82,0.0
433,נחשולים,546,76.47,80.0,79.66,77.94,75.43,79.52,76.01,-0.46,0.24
434,החותרים,611,77.55,79.32,78.65,75.51,77.46,77.26,75.29,-2.26,0.43
435,נצר סרני,661,77.94,79.74,82.38,82.03,82.89,80.97,82.0,4.06,0.18
436,עין דור,927,64.42,66.9,65.82,63.83,62.51,62.69,61.7,-2.72,0.35
437,רשפים,692,76.78,79.54,83.36,81.94,81.17,81.25,78.9,2.13,0.18
439,שלוחות,342,73.35,73.77,76.52,72.19,72.88,72.57,70.47,-2.88,0.83
440,יסודות,352,93.2,91.0,95.03,92.48,91.48,92.04,90.91,-2.29,0.0
442,גדעונה,320,67.48,74.8,73.79,69.07,77.47,73.8,72.19,4.71,0.43
443,כפר הנשיא,742,55.82,59.04,58.11,56.84,52.39,56.58,54.18,-1.65,0.0
444,רגבים,447,62.09,68.87,69.76,69.4,70.05,66.82,71.59,9.5,0.62
445,רמות מנשה,927,79.39,79.49,79.17,75.87,77.75,78.48,76.16,-3.23,0.0
446,אודים,833,81.02,82.63,78.55,77.32,76.21,77.67,74.07,-6.95,0.49
447,נורדיה,1531,75.82,79.14,76.68,75.52,76.32,60.33,60.61,-15.21,0.22
448,בני עטרות,603,83.75,83.53,85.06,82.36,83.36,83.14,80.43,-3.32,0.0
449,נחלים,903,86.0,85.88,84.92,82.13,84.51,82.85,80.73,-5.27,0.27
450,בארות יצחק,384,66.42,68.63,70.37,67.99,70.71,70.45,68.23,1.81,0.76
452,יזרעאל,565,57.91,62.48,62.54,60.6,60.5,61.7,62.48,4.56,0.28
453,יפתח,563,61.39,69.41,72.42,69.27,70.72,71.17,69.09,7.7,0.77
454,סער,691,67.06,74.26,74.09,69.27,70.14,66.67,67.87,0.81,0.0
456,שורש,1065,78.46,78.84,79.85,78.59,77.65,44.61,44.69,-33.77,0.0
457,גזית,684,75.47,74.66,72.9,72.27,71.09,71.3,68.57,-6.91,0.0
460,רמת רזיאל,472,76.64,75.28,75.05,73.82,73.66,73.07,73.73,-2.91,0.29
462,טל שחר,811,77.36,83.04,81.0,80.7,78.67,77.3,75.83,-1.53,0.0
463,געתון,569,68.64,67.53,70.64,71.56,68.56,71.14,69.07,0.43,0.0
464,הראל,236,49.19,52.26,54.75,54.55,54.55,54.09,53.81,4.62,0.0
465,צובה,612,68.19,68.72,64.85,64.69,63.11,65.57,63.07,-5.12,0.0
466,בית דגן,5530,73.03,78.09,76.13,75.82,75.0,72.49,75.8,2.77,0.43
469,קרית עקרון,8174,65.37,72.46,70.7,70.65,72.06,67.32,72.67,7.3,0.86
472,אבו גוש,5094,47.42,60.77,40.68,51.66,56.38,40.19,55.14,7.73,1.42
473,אבו סנאן,10013,60.01,69.33,52.47,60.76,64.64,53.08,54.51,-5.5,1.39
475,דחי,546,38.92,60.37,27.7,53.8,57.14,20.04,39.93,1.01,0.46
478,אכסאל,10342,46.74,66.32,51.59,60.87,68.0,42.79,50.83,4.09,0.86
480,בית גן,9177,57.93,53.49,57.48,52.51,49.48,38.43,53.03,-4.9,0.72
481,מגאר,17008,38.37,47.18,47.57,52.76,54.26,43.39,44.03,5.67,1.5
482,בועיינהנוגידאת,7076,68.09,65.77,52.42,61.3,65.88,52.07,56.53,-11.56,1.9
483,בענה,6004,66.18,79.14,72.02,74.88,78.9,56.93,63.17,-3.0,1.19
485,גולס,4974,63.17,59.82,55.88,61.8,60.42,58.12,53.76,-9.41,1.72
487,גש גוש חלב,2563,44.43,59.51,47.29,60.16,62.1,45.22,49.59,5.16,0.63
489,דבוריה,7492,58.13,74.28,54.89,64.45,69.92,47.84,56.37,-1.77,0.4
490,דייר אלאסד,8873,73.01,80.15,73.47,76.57,83.78,61.38,69.81,-3.21,0.65
492,דייר חנא,7818,82.69,82.94,74.46,76.29,80.03,67.59,67.77,-14.92,0.4
494,דאלית אלכרמל,13249,57.88,58.64,59.77,59.33,56.33,40.06,55.08,-2.8,0.99
496,חורפיש,4836,54.38,52.86,52.88,55.74,51.94,45.42,53.47,-0.91,0.35
497,טייבה בעמק,1305,64.97,59.3,39.56,52.5,57.15,36.51,46.13,-18.84,0.17
498,טורעאן,10111,59.4,65.21,47.86,63.25,63.93,38.65,49.48,-9.92,0.84
499,יפיע,13860,55.59,64.72,44.69,61.69,66.04,42.21,49.46,-6.13,1.53
502,ירכא,11387,69.78,65.9,68.25,51.35,60.12,50.97,51.14,-18.64,1.73
504,כאבול,8670,76.86,82.41,64.36,74.96,82.5,63.0,70.53,-6.33,0.88
505,כאוכב אבו אלהיגא,2804,66.59,78.47,63.54,78.79,81.0,56.12,61.38,-5.21,1.28
507,כפר יאסיף,8257,66.6,71.59,60.87,67.11,70.17,56.29,63.89,-2.71,0.72
508,כפר כמא,2685,35.26,47.06,42.07,44.06,42.32,32.97,35.23,-0.02,1.69
509,כפר כנא,15877,59.83,69.97,48.37,62.88,71.03,48.13,52.53,-7.3,1.43
510,כפר מנדא,13756,73.04,76.9,61.99,69.67,70.61,55.67,65.16,-7.88,0.86
511,עילוט,5705,46.45,43.37,28.09,49.34,62.82,32.18,46.4,-0.05,1.32
512,כפר מצר,1947,51.01,61.3,45.12,65.11,65.07,46.7,54.08,3.08,0.85
514,עין ראפה,723,50.58,65.3,39.12,54.11,56.77,37.52,52.84,2.26,1.31
516,מגד אלכרום,11017,73.06,74.84,61.06,70.8,76.75,54.0,66.69,-6.37,0.91
517,מזרעה,3035,63.31,79.02,59.08,69.84,76.88,51.98,64.42,1.11,0.82
518,מעיליא,2616,66.24,74.66,61.56,68.03,71.75,65.03,66.55,0.31,0.98
520,משהד,5972,56.33,68.68,49.28,58.96,67.78,49.61,48.43,-7.9,1.04
521,עין נקובא,1866,49.63,57.23,44.9,56.08,56.85,50.63,59.11,9.48,0.63
522,נחף,9181,57.05,70.78,52.05,64.29,71.16,47.29,58.37,1.32,0.63
523,ניין,1446,74.48,78.07,52.1,60.0,65.5,53.98,51.66,-22.82,1.2
524,נאעורה,1590,54.92,61.56,43.14,60.85,71.14,39.54,54.09,-0.83,1.16
525,סאגור,3223,53.2,54.12,43.97,41.83,47.22,46.82,53.27,0.08,0.76
526,סולם,2136,64.39,74.29,44.35,61.46,66.5,39.67,53.23,-11.16,0.7
527,שזור,274,66.16,76.25,69.12,69.18,77.78,69.78,78.1,11.94,0.0
528,עוזייר,2223,37.7,56.52,40.06,56.71,63.7,42.68,49.03,11.34,0.92
529,אעבלין,9638,59.21,61.07,50.58,62.85,68.45,49.75,59.31,0.1,0.77
530,עיילבון,4294,74.15,70.92,64.41,69.68,70.27,59.11,64.46,-9.69,0.33
531,עראבה,18203,59.89,72.75,59.44,65.9,72.14,55.15,56.87,-3.02,0.61
532,עין מאהל,9688,61.36,73.97,44.35,59.83,72.95,40.23,52.06,-9.3,0.85
534,עספיא,9560,49.85,53.13,50.44,57.11,56.01,41.7,51.75,1.89,1.09
535,פסוטה,2701,49.04,56.0,44.01,58.26,61.06,43.33,46.5,-2.54,0.88
536,פקיעין בוקייעה,4639,63.26,65.22,58.91,65.0,67.1,58.52,62.19,-1.07,1.11
537,פוריידיס,9208,42.58,67.13,64.04,55.79,60.05,29.03,38.73,-3.85,0.98
538,שעב,5247,68.92,75.69,60.33,70.87,78.06,58.85,63.6,-5.32,0.72
539,רומאנה,824,74.55,80.06,67.42,79.34,78.71,71.67,75.49,0.94,1.29
540,ריחאניה,956,50.3,56.3,56.63,58.49,60.22,45.5,51.05,0.75,1.23
541,גסר אזרקא,9560,40.96,58.09,21.77,42.01,55.54,24.46,43.38,2.42,0.94
542,ריינה,11959,53.7,63.98,46.1,57.77,67.89,45.27,52.79,-0.91,1.31
543,ראמה,6574,55.23,60.32,53.94,61.26,63.77,54.48,55.28,0.05,0.99
546,עין אלאסד,685,41.14,49.21,52.02,55.24,54.77,45.13,47.88,6.74,0.61
547,טמרה יזרעאל,1115,50.42,82.17,54.55,54.81,69.39,42.54,45.74,-4.68,2.35
549,גנות הדר,749,79.13,82.33,76.96,76.76,76.44,75.59,72.76,-6.37,0.0
553,ניר בנים,604,76.32,80.67,80.5,77.05,73.22,73.17,76.16,-0.16,0.22
555,שדמה,384,74.07,78.75,75.64,76.7,72.7,74.87,72.4,-1.68,0.36
559,בוסתן הגליל,748,80.09,77.8,79.24,78.93,77.28,75.31,75.27,-4.83,0.18
562,בית אלעזרי,1088,75.5,81.97,78.28,77.91,78.8,75.47,75.18,-0.31,0.0
563,משמר דוד,735,75.0,83.73,86.54,83.92,85.27,85.57,83.81,8.81,0.32
564,רבדים,643,73.47,76.45,73.4,72.76,74.87,74.84,72.78,-0.69,0.0
565,אזור,10054,67.56,70.61,69.06,68.02,68.83,66.14,68.27,0.71,0.6
567,צרעה,836,68.61,66.22,66.63,65.42,66.47,64.23,65.19,-3.42,0.18
570,מעונה,673,71.45,75.59,74.5,73.93,71.32,71.56,71.62,0.17,0.41
571,בית גמליאל,755,80.39,82.79,78.41,77.4,78.55,78.75,75.5,-4.89,0.18
572,בית העמק,539,66.25,71.52,71.84,71.26,67.27,70.59,68.83,2.58,0.0
573,מבקיעים,390,65.85,78.45,75.0,73.66,76.96,71.89,75.9,10.05,0.0
574,גשר הזיו,1262,73.19,73.92,72.02,69.54,69.35,66.67,64.42,-8.77,0.25
575,יסעור,581,71.98,72.22,74.67,73.93,73.36,71.09,70.4,-1.58,0.73
576,כברי,890,75.13,76.35,73.93,72.29,71.12,72.33,70.45,-4.68,0.16
577,יד בנימין,2411,87.81,87.36,82.49,81.47,80.86,78.06,77.77,-10.04,0.21
578,סאסא,414,70.93,72.53,71.67,71.73,69.36,72.9,69.81,-1.13,0.0
579,כפר ראש הנקרה,1079,73.36,74.64,73.99,73.41,72.03,71.19,69.14,-4.23,0.54
580,כרם מהרל,673,76.24,79.93,77.78,77.54,76.76,74.59,71.47,-4.77,0.0
582,כפר הנגיד,761,78.56,79.57,77.91,75.84,76.89,77.94,74.64,-3.92,0.35
584,זיקים,757,64.73,65.87,70.82,66.57,68.62,70.52,67.9,3.17,0.97
585,לביא,523,75.63,74.09,76.69,76.98,71.4,73.21,67.88,-7.75,0.28
586,מגידו,682,79.67,76.58,75.52,74.09,74.45,74.31,73.9,-5.77,0.0
587,סביון,3985,67.95,69.55,68.15,66.48,67.29,68.7,67.38,-0.58,0.15
588,בני ראם,927,80.85,81.65,80.59,79.82,80.78,78.73,77.99,-2.86,0.14
589,בצת,378,72.83,74.13,74.39,77.13,75.17,72.58,78.57,5.75,0.34
590,נווה אור,345,70.76,67.49,68.34,68.82,70.47,67.54,66.38,-4.39,0.44
591,עשרת,881,76.95,77.42,79.55,76.99,78.15,75.08,72.99,-3.97,0.16
592,בני דרום,550,84.08,86.8,86.8,84.19,83.26,85.43,80.91,-3.17,0.9
593,ערוגות,695,78.25,83.31,80.85,78.43,80.83,80.59,79.71,1.46,0.18
594,צפריה,553,84.49,88.96,85.35,80.74,80.78,80.44,79.39,-5.11,0.0
595,לוחמי הגיטאות,597,75.86,75.76,81.05,77.47,77.28,77.95,76.72,0.85,0.44
596,מלכיה,416,58.63,62.76,63.39,63.88,60.19,58.87,60.34,1.71,1.2
597,פלמחים,638,69.12,70.5,73.45,71.94,74.79,74.8,71.32,2.2,0.22
598,בית קמה,751,81.26,83.36,81.93,82.69,80.74,79.33,75.23,-6.03,0.0
599,פרוד,435,65.56,73.31,76.33,69.86,71.69,73.27,69.2,3.64,1.33
602,נירים,416,70.98,74.27,73.96,73.28,69.13,70.0,70.19,-0.78,0.0
603,אלקוש,256,56.81,65.66,62.5,65.89,61.16,57.55,66.41,9.6,0.0
604,בית עריף,773,75.47,81.99,80.19,79.59,79.27,75.8,78.65,3.18,0.33
605,כפר שמאי,349,63.93,74.92,73.35,73.05,78.51,71.22,72.21,8.28,0.0
606,מזור,844,77.15,79.56,78.35,76.83,76.3,76.87,72.04,-5.12,0.49
607,מירון,526,67.51,65.19,67.27,58.92,65.56,56.97,62.17,-5.35,0.0
609,כפר חושן,617,61.82,73.74,72.54,70.47,74.0,68.9,70.18,8.36,0.23
610,סתריה,800,79.56,78.73,79.92,76.98,78.0,77.11,75.75,-3.81,0.33
612,צרופה,747,76.51,79.0,75.78,76.07,72.73,74.49,74.16,-2.35,0.0
613,ציפורי,700,76.47,77.89,76.54,72.06,73.59,72.14,69.29,-7.18,0.0
614,שומרה,310,59.71,71.28,66.22,66.78,67.0,62.87,65.48,5.77,0.0
615,קדרון,1230,80.19,80.5,78.92,77.84,76.3,75.66,74.8,-5.39,0.22
616,רינתיה,692,75.85,79.21,80.46,77.24,77.86,75.33,76.01,0.17,0.57
617,ברקאי,535,66.1,68.18,67.91,65.5,64.48,64.95,62.8,-3.3,0.89
618,חדיד,650,74.67,82.89,78.57,79.97,81.0,78.41,78.0,3.33,0.2
619,בית גוברין,302,77.35,79.71,79.65,78.12,79.31,77.05,75.17,-2.18,0.0
620,משואות יצחק,450,83.23,84.19,82.94,80.65,83.15,83.44,83.33,0.11,0.27
622,עין צורים,470,83.71,81.64,80.39,80.67,80.49,79.82,81.28,-2.44,0.26
623,יראון,367,58.82,63.17,59.78,59.17,59.62,58.04,59.67,0.85,0.91
627,גלגוליה,6876,70.88,82.07,68.42,74.88,79.56,59.06,69.5,-1.38,0.69
628,גת,8694,38.89,52.69,37.34,50.86,56.16,26.6,39.83,0.94,1.41
633,כפר ברא,2576,60.09,76.56,64.77,69.3,76.36,55.48,64.79,4.7,0.78
634,כפר קאסם,16449,80.18,63.03,64.62,70.31,73.88,56.25,66.88,-13.3,0.96
635,מוקייבלה,2769,54.33,63.61,33.86,50.02,60.6,35.98,40.74,-13.6,1.42
636,צנדלה,1318,43.5,67.85,32.03,52.02,59.94,26.62,36.65,-6.85,1.45
637,ערערה,14219,53.13,69.69,39.17,56.12,68.64,39.08,52.45,-0.68,0.87
638,קלנסווה,15420,52.6,70.79,47.67,65.55,72.59,35.03,54.27,1.67,0.94
648,מצר,430,74.06,75.06,75.0,73.26,69.53,69.89,69.53,-4.52,0.33
649,מייסר,1424,41.79,61.21,36.51,56.72,63.5,33.04,42.06,0.27,1.0
652,אבטין,1935,41.23,49.45,36.36,50.64,63.86,35.07,45.22,3.99,0.91
654,כפר קרע,13735,67.17,74.63,47.21,64.5,71.94,45.55,62.21,-4.96,0.64
658,שייח דנון,2134,54.29,73.69,54.25,69.82,75.53,48.37,55.81,1.52,1.18
661,שער אפרים,1352,77.48,80.99,76.41,76.26,75.51,72.39,73.45,-4.04,0.2
662,חוסן,789,70.12,78.04,74.16,74.76,72.99,67.41,70.72,0.6,0.72
663,טירת יהודה,823,80.87,85.9,83.1,78.88,81.22,78.19,78.98,-1.89,0.15
664,כרם בן זמרה,404,70.82,79.12,79.09,76.54,72.91,72.77,74.01,3.19,0.33
665,תקומה,514,85.89,82.51,85.59,85.57,85.25,80.4,80.74,-5.15,0.24
666,עומר,6642,74.29,76.2,75.23,72.52,72.92,68.94,69.08,-5.21,0.22
667,ברעם,547,68.2,70.39,69.03,72.39,69.5,70.99,67.46,-0.74,0.54
668,מפלסים,722,73.08,70.47,71.95,71.86,71.05,67.95,68.98,-4.1,0.8
670,משמר איילון,404,77.2,79.79,82.59,88.06,77.78,74.88,83.42,6.22,0.0
672,בית נקופה,498,74.37,77.59,78.23,77.64,76.06,75.32,74.5,0.13,0.81
673,כפר טרומן,586,82.12,83.49,80.42,80.62,76.57,78.3,77.65,-4.48,0.22
674,לימן,570,75.78,78.36,73.64,72.39,71.64,69.25,68.07,-7.71,0.52
675,הבונים,315,72.4,72.22,69.86,67.22,68.33,69.18,64.44,-7.96,0.0
676,עין השלושה,299,59.88,66.67,60.98,61.64,60.13,60.7,58.53,-1.35,0.57
677,הסוללים,760,73.43,79.12,77.25,74.68,74.51,73.12,73.29,-0.15,0.0
678,מעגן,328,61.81,66.24,73.01,69.16,66.77,65.73,65.24,3.43,1.4
679,אביאל,547,81.14,81.98,79.08,76.73,79.58,78.31,74.04,-7.1,0.74
680,אומץ,537,75.88,76.81,74.51,77.93,75.78,77.21,74.12,-1.77,0.25
681,גבעת שמואל,20150,77.79,79.97,78.18,75.89,76.16,74.57,74.92,-2.87,0.25
682,אליקים,623,71.4,76.73,73.39,72.16,72.18,66.15,73.19,1.79,0.44
683,גבע כרמל,729,75.78,80.25,77.81,78.85,72.75,72.91,75.45,-0.33,0.0
684,היוגב,618,79.16,80.82,80.39,76.69,77.17,78.61,81.07,1.91,0.2
685,בניה,616,84.31,86.72,85.35,82.78,80.61,79.97,78.9,-5.42,0.41
686,נווה ימין,951,71.75,77.63,76.23,74.88,73.7,71.41,73.82,2.06,0.14
687,עין איילה,788,79.21,77.98,79.08,75.77,73.39,72.36,71.32,-7.89,0.0
688,עלמה,595,62.74,75.64,77.51,76.3,77.4,71.69,77.48,14.74,0.65
689,מגדים,842,75.43,79.48,78.9,77.2,72.59,75.22,75.3,-0.13,0.16
690,כפר אחים,533,79.42,79.75,83.58,78.84,79.29,78.74,77.3,-2.12,0.24
692,שפיר,565,82.21,85.29,84.56,81.75,83.9,80.9,80.71,-1.5,0.22
693,נתיב הלה,501,78.26,78.48,77.23,76.2,75.97,73.54,73.85,-4.41,0.0
694,מעגן מיכאל,1738,69.32,71.75,69.19,67.46,65.57,65.55,63.58,-5.74,0.45
695,מגן,468,69.13,69.96,74.08,71.24,71.92,70.02,67.31,-1.82,0.0
696,כפר חבד,4371,69.14,70.86,68.29,67.67,68.27,65.66,67.31,-1.83,0.1
697,בארותיים,754,81.74,82.26,79.4,75.81,77.57,78.72,77.59,-4.16,0.34
698,בורגתה,835,79.17,80.82,78.12,76.86,76.84,75.88,73.89,-5.27,0.0
699,ניר ישראל,616,77.24,78.82,76.75,79.09,77.53,74.83,75.49,-1.75,0.22
700,חצב,903,71.09,78.71,76.33,76.72,77.13,75.09,77.85,6.76,0.28
701,ארבל,497,68.69,76.02,76.01,76.75,74.12,69.81,74.45,5.76,0.27
702,האון,157,63.47,62.2,61.44,60.53,56.49,57.43,53.5,-9.97,0.0
703,גבעת עוז,409,66.34,67.59,68.05,67.0,64.09,62.06,62.35,-3.99,0.39
705,נחשונים,363,70.47,70.1,71.8,71.55,69.89,68.26,70.52,0.05,0.0
706,גיאה,574,75.8,80.69,79.6,79.96,76.08,76.72,75.09,-0.72,0.23
707,כפר דניאל,505,81.82,79.3,77.39,75.61,74.39,75.76,71.68,-10.14,0.0
708,עמקה,610,71.31,73.02,76.46,74.91,77.95,71.4,74.75,3.45,0.88
709,תפרח,1082,89.0,89.74,87.99,87.35,86.15,84.56,88.08,-0.93,0.94
710,בית זית,1126,76.67,76.38,74.72,73.88,73.84,73.06,72.11,-4.56,0.37
711,עזריה,809,72.91,81.96,81.72,79.59,82.88,79.65,84.8,11.88,0.15
712,בן עמי,558,76.09,80.71,78.95,75.09,74.82,74.82,71.51,-4.59,0.5
713,רעים,387,76.36,80.17,74.59,70.44,70.11,73.67,72.87,-3.5,0.35
714,ארז,473,73.97,76.44,76.04,74.34,71.66,71.84,68.08,-5.89,0.31
715,להבות חביבה,653,74.23,79.3,78.99,77.67,77.18,75.88,75.65,1.42,0.4
716,אייל,410,80.33,81.87,82.78,78.72,78.77,81.98,81.22,0.89,0.0
717,חגור,729,78.52,85.24,81.3,81.09,79.56,79.75,79.56,1.04,0.17
718,ירחיב,822,71.13,75.33,74.47,74.4,71.14,69.35,73.84,2.72,0.33
719,תל קציר,358,69.74,73.63,71.9,73.46,71.06,69.94,69.83,0.09,1.2
720,ניר גלים,664,87.98,87.48,86.85,83.57,85.07,83.79,78.92,-9.06,0.38
721,שדה אילן,419,81.98,82.83,82.63,78.1,80.63,80.56,81.15,-0.83,0.0
722,מגשימים,686,77.09,75.55,78.62,78.11,78.7,79.05,75.66,-1.43,0.19
723,בית הגדי,595,75.4,84.83,83.25,79.76,81.91,79.35,82.52,7.13,0.0
726,הודיה,535,57.32,68.57,67.94,66.73,64.66,65.52,68.22,10.9,0.55
727,תלמי יחיאל,634,70.08,73.87,77.96,73.95,74.92,71.95,73.19,3.11,0.43
729,משמר השבעה,716,74.72,78.29,76.41,76.45,74.44,72.82,77.51,2.79,0.72
730,אליפלט,504,64.15,72.89,70.04,72.61,74.57,70.41,77.58,13.43,0.0
731,מישר,486,80.41,83.04,79.92,82.6,80.59,80.5,79.42,-0.98,0.52
732,משמר הירדן,582,69.75,76.65,73.81,71.82,76.07,69.89,74.74,4.99,0.23
734,גן יאשיה,678,81.63,82.93,79.01,75.44,77.78,78.0,76.11,-5.52,0.19
735,רמות מאיר,553,70.31,73.75,74.01,71.07,69.64,72.74,70.71,0.4,1.02
736,גילת,1119,68.02,76.42,76.23,75.45,75.91,71.13,77.66,9.64,0.46
737,עולש,787,78.79,79.33,79.42,77.31,75.03,78.24,73.7,-5.09,0.17
738,דור,286,73.41,82.71,80.07,81.52,77.89,77.7,74.83,1.42,0.0
739,שדה עוזיהו,1026,71.58,79.64,78.25,83.45,80.61,75.22,82.94,11.36,0.24
740,אשתאול,757,78.0,80.88,81.94,79.46,80.77,77.09,79.13,1.13,0.17
741,שואבה,462,75.12,79.29,76.77,73.68,74.69,70.63,73.81,-1.31,0.59
742,מסילת ציון,711,80.31,81.61,81.96,82.82,80.46,77.56,81.43,1.12,0.0
743,כפר שמואל,616,82.38,82.61,84.69,84.33,84.24,81.8,81.98,-0.39,0.2
744,תלמי יפה,526,74.32,78.3,74.49,73.12,74.8,69.92,73.38,-0.94,0.0
745,גמזו,692,82.01,84.15,84.02,81.51,81.8,78.45,78.61,-3.4,0.0
746,ברכיה,793,80.21,85.63,84.76,82.85,84.73,81.35,87.52,7.31,0.14
747,בית שקמה,575,53.55,66.54,69.88,75.7,77.19,67.99,73.91,20.36,0.94
748,מסלול,546,69.6,78.72,74.95,74.74,74.7,71.84,74.91,5.31,0.0
749,פטיש,683,69.7,82.54,82.98,84.76,80.9,79.14,84.92,15.22,0.69
750,פדויים,347,63.96,72.15,67.89,72.29,73.37,70.92,74.06,10.11,0.39
751,בית מאיר,341,74.93,80.28,73.53,68.44,73.35,70.83,71.85,-3.08,0.0
752,תעוז,433,75.25,80.99,80.71,82.13,81.63,77.47,79.45,4.19,0.29
753,ינוב,621,73.81,77.7,77.69,76.77,74.56,72.9,74.07,0.26,0.87
755,גורן,344,71.02,75.21,73.56,73.26,78.07,73.11,77.33,6.3,0.38
756,בית עזרא,833,74.74,80.05,79.12,79.11,75.72,76.05,77.43,2.69,0.47
757,מצליח,958,70.59,77.44,75.51,74.54,76.07,71.92,75.89,5.3,1.24
758,יד חנה,604,81.17,81.84,79.89,80.99,79.2,79.28,80.3,-0.88,0.41
759,יציץ,579,64.66,75.72,73.71,72.9,76.82,74.05,75.99,11.33,0.45
760,בן זכאי,584,74.07,80.85,81.9,82.78,83.14,78.76,84.08,10.01,0.2
761,שובה,448,75.0,80.38,78.87,77.34,81.15,71.6,77.46,2.46,0.29
762,בטחה,629,75.93,81.72,77.72,81.55,78.16,77.51,81.88,5.95,0.0
763,שתולים,1460,71.54,76.37,76.2,75.98,75.58,73.18,77.6,6.06,0.53
764,כפר מרדכי,478,79.95,80.37,79.83,80.56,78.74,76.65,76.15,-3.8,0.0
765,משגב דב,521,79.49,79.27,81.06,78.27,78.4,78.22,75.24,-4.25,0.51
766,קוממיות,258,60.32,57.94,57.5,58.26,72.33,61.51,79.46,19.13,0.0
767,פורת,924,59.97,70.6,68.65,71.41,74.45,67.03,74.13,14.16,0.58
768,כרמיה,461,70.27,76.72,74.06,71.27,74.95,72.93,73.75,3.48,0.59
769,ניר עציון,431,69.86,75.38,74.5,70.73,77.86,71.83,71.46,1.61,0.0
771,מבוא ביתר,675,71.98,77.22,76.37,73.11,75.37,75.12,72.74,0.76,0.41
772,אמונים,735,71.86,73.12,72.62,75.77,71.81,72.09,71.84,-0.02,0.38
773,עמיקם,548,75.58,78.45,77.04,77.69,75.53,73.41,71.9,-3.68,0.0
774,צוריאל,330,70.08,77.73,75.09,73.96,73.47,70.82,67.88,-2.2,0.0
775,יד נתן,419,71.63,79.3,78.08,76.67,76.36,72.79,73.51,1.88,0.65
776,מחסיה,311,65.37,77.1,78.55,81.5,82.08,78.03,81.99,16.62,0.39
777,נחשון,478,76.04,76.62,75.55,75.97,74.3,74.47,73.64,-2.4,0.28
778,תרום,616,76.31,85.27,79.32,80.0,81.94,79.05,80.19,3.89,0.0
779,עמינדב,652,75.04,77.69,76.49,73.32,70.82,71.72,71.63,-3.42,0.86
780,אורה,831,72.21,76.85,72.92,74.26,71.67,68.68,71.72,-0.49,0.5
783,אבן ספיר,506,70.94,75.2,72.23,73.33,70.62,69.98,72.92,1.98,0.27
784,בית נחמיה,647,73.45,78.07,79.94,79.94,75.72,73.51,75.58,2.13,0.41
785,אחיהוד,714,76.6,81.19,79.53,78.27,77.69,74.74,76.19,-0.41,0.74
786,כפר זיתים,473,57.76,70.73,72.1,74.01,75.11,71.88,74.42,16.66,0.28
787,גבעת יערים,916,74.52,78.15,76.63,76.2,75.46,71.94,71.29,-3.23,0.46
788,זיתן,818,76.89,83.67,80.36,78.3,84.94,76.97,82.4,5.5,0.15
789,רנן,468,64.74,73.58,76.11,69.52,71.78,67.97,74.15,9.41,0.86
791,משען,725,69.26,74.09,78.71,78.32,80.25,76.3,78.48,9.23,0.0
792,נתיב השיירה,419,73.08,79.02,75.72,75.31,76.37,69.63,73.75,0.67,0.0
793,גבעתי,677,67.64,75.34,71.27,75.62,75.38,68.72,77.25,9.62,0.0
794,עגור,327,71.48,72.73,73.93,78.52,80.13,73.73,75.54,4.05,0.81
795,יערה,590,73.84,79.41,73.22,70.86,72.35,67.66,65.76,-8.07,0.26
796,צלפון,696,70.44,76.35,77.56,74.22,76.51,71.7,77.3,6.86,0.37
797,אחיעזר,1224,78.7,83.94,83.38,86.48,87.1,82.83,85.78,7.08,0.48
798,יגל,631,71.61,79.1,80.48,80.52,80.19,76.16,81.62,10.0,0.39
799,זכריה,767,74.56,80.76,76.32,75.42,76.96,75.98,81.62,7.05,0.64
800,בית חנניה,628,78.4,82.67,78.86,77.27,75.33,76.24,76.27,-2.13,0.0
801,חמד,614,85.77,87.28,87.52,83.07,83.86,84.88,82.57,-3.2,0.99
802,גבעת כח,640,71.7,75.57,72.73,76.25,74.04,72.25,79.38,7.67,0.2
803,יושיביה,377,82.13,86.96,78.72,79.34,80.71,76.27,82.23,0.1,0.32
804,אחיסמך,890,72.26,79.83,79.03,78.74,84.74,76.97,83.15,10.89,0.27
805,ישעי,576,78.83,78.74,76.22,78.28,78.32,73.19,77.78,-1.05,0.0
806,עין יהב,618,80.13,79.5,75.67,75.76,71.88,72.31,68.77,-11.36,0.47
807,חניאל,647,72.84,74.88,73.98,74.28,71.23,71.04,72.64,-0.2,0.21
808,ניר אליהו,425,70.5,74.74,71.29,73.75,72.42,76.3,74.35,3.85,0.63
809,נחם,418,87.5,91.73,84.56,79.42,79.67,73.48,78.95,-8.55,0.61
810,עופר,402,76.86,80.99,79.45,78.0,75.7,74.23,76.37,-0.49,0.0
811,יכיני,482,78.05,80.41,78.57,78.94,80.97,73.71,80.08,2.03,0.26
812,שלומי,5887,64.92,69.16,66.87,66.74,67.01,63.71,66.47,1.55,0.64
813,עין יעקב,776,74.4,76.67,79.05,78.8,79.07,73.53,78.74,4.34,0.33
814,תלמים,577,72.14,80.78,75.58,78.67,79.01,74.03,82.15,10.01,0.21
815,זבדיאל,447,79.27,82.89,84.37,84.95,85.06,84.93,87.47,8.21,0.0
816,זנוח,407,67.24,75.68,71.46,74.69,72.61,67.73,74.94,7.7,0.0
817,עזריקם,992,72.15,77.67,78.21,80.77,78.61,72.98,78.33,6.18,0.0
818,זרחיה,519,76.79,82.18,83.3,84.27,85.86,84.98,86.51,9.72,0.0
819,אביגדור,607,80.46,83.48,80.71,77.87,79.09,77.76,80.07,-0.39,0.62
820,חלץ,367,63.64,72.49,69.36,69.41,73.16,71.39,73.57,9.93,0.74
821,אחוזם,404,64.86,73.37,70.84,74.31,69.95,72.07,72.03,7.17,0.34
822,מטע,585,70.93,77.21,74.01,73.05,73.21,72.37,71.28,0.36,0.0
823,בר גיורא,431,74.28,75.95,77.35,72.93,75.49,72.62,77.03,2.75,0.0
824,כוכב מיכאל,748,73.64,74.81,75.79,72.93,74.04,71.13,72.59,-1.05,0.37
825,נס הרים,884,70.63,80.65,76.53,75.84,75.95,72.35,72.62,1.99,0.31
826,עוזה,342,71.66,78.61,75.41,77.38,78.96,71.82,78.07,6.41,0.37
827,נווה מבטח,509,76.12,81.42,82.56,81.44,78.85,77.78,76.82,0.7,0.26
828,ישרש,725,71.5,77.18,77.79,75.21,71.53,76.43,77.1,5.61,0.0
829,מבטחים,399,61.11,62.67,60.78,64.16,61.7,60.2,66.92,5.81,0.37
831,ירוחם,7861,60.27,64.31,66.49,66.24,67.16,62.58,66.1,5.83,0.98
836,גנות,345,81.04,82.42,76.72,78.07,76.64,75.71,78.55,-2.49,0.0
837,עזריאל,618,79.72,84.39,83.25,81.41,82.07,77.7,79.61,-0.11,0.2
838,פדיה,612,72.6,79.63,78.71,79.63,77.76,77.44,80.56,7.96,0.81
839,פתחיה,639,71.64,78.2,79.06,78.43,78.76,75.73,78.87,7.23,0.0
840,כיסופים,300,57.03,55.4,54.7,50.87,50.16,49.21,54.33,-2.69,0.61
841,אלישמע,812,77.41,79.34,81.33,77.61,77.83,79.88,79.43,2.02,0.78
842,געש,725,74.78,78.62,79.2,78.42,77.98,79.23,76.97,2.19,0.54
843,מרגליות,354,47.67,55.91,56.93,58.81,57.31,55.92,62.15,14.48,0.45
844,נחל עוז,355,68.86,70.48,71.85,68.41,71.31,67.43,70.7,1.84,0.4
845,כפר עזה,768,76.88,75.52,74.23,70.07,73.18,73.18,73.31,-3.57,0.18
846,שפר,319,67.49,71.53,73.73,71.47,70.72,63.91,69.91,2.41,0.0
848,בית רבן,299,75.41,83.11,82.75,74.49,74.92,71.74,70.9,-4.51,0.47
849,דבירה,686,80.81,78.81,76.19,78.44,75.27,78.54,76.09,-4.72,0.0
850,אחיטוב,743,70.23,80.86,79.18,77.26,76.47,73.01,74.29,4.06,0.18
851,ניצני עוז,765,74.47,80.61,74.87,77.58,76.99,73.1,73.86,-0.62,0.53
852,גונן,360,67.45,71.35,69.86,67.75,68.22,65.19,62.5,-4.95,0.89
853,גאליה,820,78.84,78.62,77.14,75.6,77.01,76.99,73.66,-5.18,0.83
854,רחוב,336,67.29,78.09,72.98,71.91,75.0,71.21,73.81,6.52,0.4
856,שעלבים,824,88.76,90.55,88.53,86.47,85.64,82.01,80.46,-8.3,0.15
857,כפר אביב,562,79.0,81.08,77.21,76.5,76.68,76.23,72.78,-6.22,0.0
858,נווה ירק,860,82.99,84.53,80.86,79.22,79.13,79.31,75.58,-7.41,0.0
859,כסלון,303,70.93,77.62,77.37,71.22,76.9,71.63,74.26,3.33,0.44
861,שדה אליעזר,674,69.53,76.05,75.35,73.46,73.16,68.27,69.88,0.35,0.0
862,גני יוחנן,520,76.48,77.26,74.95,75.94,75.33,73.67,75.19,-1.29,0.0
863,גינתון,646,79.16,81.4,78.75,79.45,79.12,76.88,78.02,-1.14,0.4
864,בקוע,571,75.24,80.68,81.13,80.93,79.63,73.99,83.36,8.12,0.84
865,שיבולים,282,75.57,83.53,80.75,75.29,77.57,73.08,76.6,1.02,0.0
866,יטבתה,711,64.52,64.23,63.21,61.85,63.84,62.41,59.07,-5.44,0.48
868,אלוני יצחק,125,24.35,22.69,21.05,22.05,19.17,18.4,19.2,-5.15,0.0
870,גבעת השלושה,531,77.12,77.51,78.87,78.18,77.2,80.69,77.59,0.47,0.24
871,עינת,600,84.65,84.92,84.14,81.28,82.43,83.05,79.83,-4.81,0.21
872,גאולי תימן,252,68.21,75.46,77.24,78.63,79.31,70.82,76.59,8.37,0.52
873,שלווה,421,65.78,80.36,80.42,79.09,84.02,77.17,83.37,17.59,0.0
874,מגדל העמק,22031,61.35,65.42,63.25,63.66,63.67,60.55,63.97,2.62,0.86
877,בית חירות,618,80.51,80.75,79.1,78.09,77.05,78.7,74.76,-5.75,0.0
880,עין שריד,1112,72.93,76.44,76.42,75.61,74.23,74.34,75.72,2.79,0.95
885,שדה בוקר,428,69.43,66.33,70.1,66.18,67.23,66.59,62.15,-7.28,0.38
888,כפר הריף,605,74.91,81.51,77.3,80.55,81.17,77.66,76.03,1.13,0.22
889,כפר חסידים ב,226,74.19,72.56,73.97,74.88,75.98,72.6,69.91,-4.28,0.63
892,עבדון,528,69.3,72.3,70.76,72.12,72.74,69.62,76.14,6.84,0.0
913,שבלי  אום אלגנם,4548,43.93,59.29,39.63,56.72,60.88,37.29,50.04,6.11,0.79
916,ישע,301,70.83,72.69,73.45,75.0,70.97,64.86,71.76,0.93,0.46
917,עצמון שגב,1003,75.74,74.79,73.4,75.56,73.94,75.19,68.1,-7.65,0.15
919,גבעת ישעיהו,506,75.12,84.3,77.65,76.33,76.22,74.85,72.53,-2.59,0.27
921,שער מנשה,132,9.02,10.83,9.92,9.16,8.09,10.66,15.91,6.89,4.76
922,רכסים,6974,85.12,85.9,86.31,85.5,84.58,81.67,84.21,-0.91,0.61
939,מסעודין אלעזאזמה,8444,37.26,45.28,42.03,61.37,59.83,47.54,46.87,9.61,0.73
942,סואעד חמרייה,173,76.84,42.48,34.03,45.21,56.0,31.93,32.37,-44.47,3.57
944,בסמת טבעון,5646,39.64,51.4,31.86,47.15,54.66,32.62,43.02,3.38,1.11
956,הוזייל שבט,1156,22.07,31.86,32.6,35.24,41.51,27.7,34.86,12.79,1.24
957,עוקבי בנו עוקבה,353,64.11,70.09,43.84,50.53,59.59,39.14,49.58,-14.54,0.57
958,אבו עבדון שבט,154,65.09,31.09,8.7,33.81,28.87,18.0,26.62,-38.47,0.0
960,אסד שבט,539,22.31,15.95,10.25,22.13,26.57,16.24,24.68,2.37,3.76
961,אבו רוקייק שבט,5336,27.25,30.23,24.07,40.38,44.58,34.45,39.45,12.2,0.57
962,טובאזנגריה,4793,33.07,46.57,30.29,44.19,51.82,32.97,43.94,10.87,1.09
963,אעצם שבט,5320,35.14,32.24,21.44,41.4,43.41,30.12,39.77,4.63,1.28
964,קודייראת אצאנעשבט,1512,30.18,34.84,12.86,30.46,28.52,20.6,22.82,-7.36,1.45
965,אטרש שבט,1803,28.81,27.7,15.13,31.0,32.43,29.66,33.5,4.69,0.99
966,אבו רובייעה שבט,4484,15.77,20.45,19.42,36.92,37.54,23.17,33.36,17.6,1.54
967,אבו גווייעד שבט,2279,15.04,19.44,14.36,27.64,29.48,16.01,24.09,9.05,1.64
968,אבו קורינאת שבט,3386,27.66,28.27,21.87,41.02,43.99,31.69,35.88,8.22,0.49
969,עטאוונה שבט,116,23.39,47.9,4.5,39.29,28.18,12.39,29.31,5.92,0.0
970,תראבין אצאנע שבט,582,16.78,16.59,5.24,6.46,9.23,10.44,12.71,-4.07,2.7
972,קוואעין שבט,554,25.41,74.82,13.77,19.79,24.13,22.82,25.09,-0.32,0.0
975,זרזיר,5760,48.75,48.66,36.16,48.76,53.36,34.38,44.39,-4.35,0.74
976,גנאביב שבט,564,38.91,38.23,34.6,44.9,44.14,31.4,40.78,1.87,0.87
978,כעביהטבאשחגאגרה,3989,56.65,46.47,43.43,56.9,60.02,40.45,56.35,-0.3,0.67
990,ראס עלי,444,59.27,62.5,40.51,59.6,70.44,43.4,53.6,-5.67,0.0
993,חמאם,1230,39.32,50.0,37.12,48.7,56.22,34.09,48.46,9.14,0.67
994,מנשית זבדה,927,59.91,65.16,50.54,61.05,69.6,44.7,53.18,-6.73,0.81
997,רומת הייב,1481,34.76,39.13,39.46,43.43,47.59,35.99,43.62,8.86,1.7
998,ביר אלמכסור,6991,44.07,48.85,31.7,48.34,55.22,39.19,61.49,17.42,0.88
1015,מבשרת ציון,19755,71.68,74.91,73.57,71.81,71.73,69.72,71.33,-0.35,0.28
1020,אור עקיבא,17133,52.46,64.07,62.97,62.73,64.58,59.38,63.94,11.48,0.69
1024,חרוצים,615,72.46,77.47,75.68,76.6,77.35,74.65,76.91,4.45,0.42
1031,שדרות,23403,55.58,62.57,64.77,64.19,65.4,59.8,65.56,9.98,0.65
1034,קרית מלאכי,17963,61.25,68.01,66.77,67.76,69.37,62.46,70.51,9.26,0.58
1041,נצאצרה שבט,345,78.91,43.55,29.15,46.88,55.31,35.01,40.58,-38.33,0.0
1043,גיזו,150,81.75,80.31,79.72,79.31,77.4,81.33,79.33,-2.41,0.0
1044,יעף,185,89.6,86.71,86.47,84.24,81.87,77.14,72.43,-17.17,0.0
1045,שתולה,240,65.3,71.56,73.57,66.37,70.43,64.63,69.17,3.87,0.6
1046,אוהד,280,70.56,76.95,73.91,67.32,69.29,68.05,71.43,0.87,0.0
1047,חזון,255,73.17,79.04,80.61,82.75,88.33,78.68,86.67,13.5,0.9
1050,בית חשמונאי,1525,78.2,79.63,77.41,76.28,75.5,75.72,77.9,-0.3,0.08
1051,תלמי אליהו,232,52.46,65.56,64.07,58.82,59.45,60.26,64.22,11.77,0.67
1052,קטורה,453,46.51,50.34,55.0,53.55,51.37,50.67,49.23,2.72,0.45
1054,תל שבע,10918,43.68,47.45,30.91,54.86,57.58,42.74,53.31,9.63,0.93
1057,נווה זוהר,57,38.89,56.34,37.93,62.5,38.18,45.45,33.33,-5.56,0.0
1058,שדה ניצן,391,53.8,55.73,59.23,59.02,57.97,56.99,58.31,4.51,0.44
1059,כסיפה,9552,50.65,48.78,41.35,58.63,60.93,46.81,55.61,4.96,0.94
1060,לקיה,8671,63.88,44.84,22.94,46.26,49.55,40.06,47.46,-16.42,0.78
1061,נוף הגליל,40467,53.08,57.78,55.18,56.28,56.68,50.46,52.8,-0.28,1.42
1063,מעלותתרשיחא,18917,61.3,66.76,59.62,62.54,63.65,58.25,60.71,-0.59,1.04
1064,אמירים,628,75.05,75.44,71.55,67.49,67.16,63.89,60.67,-14.38,0.26
1065,זמרת,400,79.17,82.67,88.95,91.01,92.43,86.23,88.75,9.58,0.0
1066,בני עיש,5695,64.78,70.42,66.34,66.21,65.31,61.11,62.63,-2.14,1.46
1067,דובב,357,59.08,63.08,70.19,69.36,69.25,66.48,69.19,10.11,0.0
1068,אדמית,369,42.8,54.79,55.08,55.46,55.08,54.34,55.56,12.75,0.0
1069,רםאון,687,82.79,80.24,77.33,77.43,74.85,76.01,72.78,-10.01,0.0
1070,אביעזר,618,79.26,82.02,78.69,78.47,77.12,78.02,80.42,1.16,0.2
1071,נווה מיכאל,488,72.78,76.86,77.17,77.75,81.58,71.25,76.84,4.06,0.53
1072,גן הדרום,344,80.0,86.84,80.41,80.06,81.74,76.0,77.91,-2.09,0.75
1077,גבעת שפירא,226,79.89,82.86,79.25,78.3,80.0,77.63,78.32,-1.57,0.0
1079,צפרירים,332,63.53,72.7,66.67,71.15,67.43,69.91,68.07,4.54,0.0
1080,מבועים,942,67.97,73.17,74.62,69.75,72.32,65.77,72.93,4.96,0.0
1081,אבן מנחם,278,61.51,74.81,71.02,69.44,68.68,69.09,69.78,8.27,0.0
1082,מעגלים,1090,76.62,82.8,84.56,80.09,81.47,79.52,81.28,4.67,0.11
1083,תושיה,362,87.98,87.31,81.37,77.92,80.38,76.56,75.41,-12.57,0.0
1084,בן שמן כפר נוער,245,64.98,70.46,69.92,70.39,70.76,65.81,67.76,2.78,0.0
1085,כרם שלום,153,43.68,50.53,53.97,50.74,56.55,49.67,58.17,14.49,0.0
1094,כרם יבנה ישיבה,138,90.73,90.74,88.61,88.54,91.72,80.52,84.78,-5.95,0.0
1095,כפר מימון,484,88.83,85.35,83.78,81.56,80.88,80.27,76.86,-11.97,0.0
1098,מרכז שפירא,1620,81.88,84.64,85.34,80.97,80.62,79.8,81.3,-0.58,0.0
1102,צוקי ים,193,73.43,76.07,75.32,70.37,72.12,71.96,68.39,-5.03,0.0
1103,גני הדר,286,74.65,81.66,79.44,79.3,78.29,77.01,79.02,4.37,0.0
1104,פוריה  כפר עבודה,287,59.38,69.29,69.81,65.41,69.43,62.92,67.25,7.87,0.52
1105,פוריה  נווה עובד,1055,63.22,67.39,70.3,68.84,69.48,64.47,68.82,5.6,0.0
1108,אומן,499,54.35,59.2,60.23,62.25,62.94,64.41,67.94,13.59,0.0
1110,חבר,501,65.91,71.91,66.67,72.46,71.55,70.17,72.26,6.35,0.28
1112,יודפת,668,79.16,80.26,81.49,77.08,79.87,78.33,75.3,-3.86,0.4
1113,צור הדסה,6616,76.71,78.59,78.6,76.04,74.85,74.06,73.99,-2.72,0.29
1114,שריגים ליאון,779,72.03,74.86,75.52,71.32,69.82,68.64,67.27,-4.76,0.0
1115,אביבים,347,63.49,68.45,74.1,71.56,74.1,71.05,78.1,14.61,0.37
1123,אדרת,609,74.02,76.91,74.86,71.35,71.75,68.94,72.74,-1.28,0.0
1124,נאות הכיכר,225,70.37,68.69,69.67,69.63,61.54,65.0,64.89,-5.48,0.0
1125,אלמגור,300,80.63,82.08,81.34,80.97,74.49,78.64,73.33,-7.3,0.0
1126,אילות,276,68.58,62.41,65.86,65.34,64.82,63.77,61.23,-7.35,0.0
1127,מעלה גלבוע,386,80.99,82.51,84.62,81.69,80.56,80.65,80.31,-0.68,0.32
1128,מי עמי,259,82.88,84.0,81.5,80.08,77.65,73.05,76.06,-6.82,0.0
1129,גרופית,292,62.83,63.82,63.03,61.25,58.48,58.45,56.85,-5.98,0.0
1130,כפר רוזנואלד זרעית,222,65.62,74.75,69.37,62.44,67.73,65.62,70.72,5.1,0.0
1132,שניר,493,75.38,74.94,75.94,71.83,71.26,74.78,72.62,-2.76,0.0
1133,ורדון,214,71.2,81.08,78.08,70.64,77.48,65.9,72.9,1.69,0.0
1136,צוחר,466,57.27,68.26,72.41,67.5,67.56,61.84,63.09,5.82,0.34
1137,קרית יערים,3496,74.17,76.34,75.23,77.79,77.34,73.72,77.8,3.63,0.62
1138,יעד,628,79.6,78.75,77.92,72.84,72.73,75.0,70.86,-8.74,0.0
1139,כרמיאל,42065,59.03,63.08,60.56,59.3,59.37,56.58,57.13,-1.91,1.03
1140,מדרשת בן גוריון,1147,74.06,75.56,75.37,71.54,70.53,70.89,67.22,-6.84,0.26
1141,מבוא מודיעים,176,63.78,65.59,65.22,56.61,55.93,53.67,58.52,-5.26,0.0
1145,אלומה,612,89.12,88.52,86.1,86.34,84.85,84.05,86.76,-2.36,0.0
1146,עלומים,347,84.28,75.94,80.35,75.64,76.59,74.65,71.76,-12.52,1.2
1147,נטועה,257,67.54,81.61,76.67,75.62,76.13,73.44,75.1,7.55,0.0
1148,צור נתן,228,74.88,79.53,74.78,74.12,72.81,75.56,68.86,-6.02,0.0
1149,עזר,609,73.06,77.69,79.42,77.2,77.16,76.61,76.68,3.62,0.21
1150,צופר,383,77.22,79.49,76.35,72.14,75.85,63.99,65.54,-11.69,0.0
1151,פארן,398,73.64,74.66,75.82,71.04,70.27,72.21,67.09,-6.55,0.0
1152,אשלים,437,66.78,74.92,75.45,72.82,73.35,67.13,69.79,3.01,0.66
1153,כישור,131,76.77,78.5,76.67,78.69,74.19,72.0,74.05,-2.72,2.06
1155,מגן שאול,413,68.47,76.02,80.59,80.21,81.61,72.28,79.66,11.19,0.0
1156,סמר,239,62.78,65.65,64.63,65.64,63.91,60.17,52.72,-10.06,0.0
1157,אחווה,181,79.56,81.01,77.01,77.66,77.3,79.23,75.69,-3.87,0.0
1158,יהל,224,49.77,50.0,55.14,58.72,55.76,60.55,58.93,9.16,1.52
1160,שכניה,623,80.08,74.38,78.98,78.14,75.81,72.12,72.87,-7.21,0.0
1161,רהט,38346,56.57,58.17,49.62,59.54,66.33,47.78,60.61,4.04,0.93
1162,בית רימון,448,83.54,85.16,87.5,84.02,82.56,81.82,83.48,-0.06,0.0
1163,מורן,376,74.66,79.0,76.58,76.26,75.45,76.29,75.0,0.34,0.35
1165,שילת,529,85.29,84.58,80.99,80.04,80.36,79.88,78.26,-7.03,0.24
1166,כפר רות,190,82.16,86.67,82.16,84.13,80.54,82.2,79.47,-2.69,0.0
1167,קיסריה,5448,66.06,67.62,66.01,64.43,64.72,64.14,63.45,-2.6,0.29
1169,הוואשלה שבט,1202,39.72,41.22,35.79,50.61,54.1,45.11,52.58,12.86,1.27
1170,סייד שבט,970,37.45,41.52,17.09,22.74,30.85,25.6,33.4,-4.04,0.93
1171,לוטם,533,70.94,77.0,73.17,70.22,71.26,68.38,68.11,-2.84,0.28
1172,תובל,324,69.04,69.04,65.78,67.92,66.49,64.88,60.49,-8.55,0.0
1173,לפידות,118,67.69,73.81,73.17,74.42,73.08,72.8,77.97,10.27,0.0
1174,מנוף,672,73.23,74.95,74.1,72.85,70.34,71.27,68.3,-4.92,0.22
1175,עידן,340,62.08,66.8,63.85,60.81,58.05,56.13,58.53,-3.55,1.01
1176,ספיר,360,60.99,69.86,63.31,63.86,59.34,56.73,57.78,-3.22,1.92
1177,טללים,455,75.23,79.01,72.35,68.01,70.91,66.2,68.57,-6.66,0.64
1178,מורשת,1120,83.99,85.94,79.54,76.64,76.3,75.73,71.88,-12.12,0.12
1179,קורנית,656,80.04,77.89,81.43,75.6,73.81,76.72,71.49,-8.54,0.21
1180,צביה,270,76.76,76.82,76.6,68.91,73.88,73.06,70.37,-6.39,1.05
1181,טלאל,1005,80.49,79.58,74.95,73.54,74.52,74.3,72.94,-7.56,0.0
1182,אלון הגליל,865,76.96,78.77,80.56,77.42,74.15,76.94,70.75,-6.21,0.16
1183,כליל,577,74.42,78.27,76.14,74.16,73.04,76.41,66.72,-7.69,1.04
1184,מתת,178,69.4,74.83,68.12,65.16,65.41,65.52,57.87,-11.54,0.0
1186,הושעיה,1449,82.06,77.83,81.12,78.61,75.84,75.56,72.26,-9.8,0.0
1188,אשחר,681,83.07,78.28,80.97,78.12,75.32,77.07,71.95,-11.11,0.2
1190,מצפה נטופה,680,79.79,79.85,78.46,75.2,73.94,74.29,71.76,-8.02,0.82
1191,בר יוחאי,712,74.29,79.67,69.01,69.47,73.48,61.63,66.57,-7.72,0.21
1192,ערערהבנגב,9791,65.53,57.53,56.55,52.37,59.55,48.11,57.19,-8.34,0.57
1197,נאות סמדר,268,61.81,60.36,58.98,60.92,57.69,61.07,57.84,-3.98,0.0
1198,כרמים,234,78.38,76.61,79.13,109.48,78.14,80.82,76.92,-1.46,0.0
1199,עדי,1506,74.54,80.27,77.08,75.7,74.45,76.42,73.51,-1.04,0.36
1200,מודיעיןמכביםרעות,69212,78.73,80.45,78.07,76.26,76.05,74.92,74.69,-4.04,0.29
1201,כמון,577,77.05,82.42,75.94,74.29,74.25,77.17,70.88,-6.16,0.0
1202,מכמנים,393,81.55,79.48,77.43,73.46,72.97,72.51,70.74,-10.81,0.36
1203,הררית,423,69.49,79.92,76.88,73.76,75.64,76.32,73.76,4.27,0.32
1204,גילון,937,79.12,78.14,77.36,74.69,75.0,73.98,71.82,-7.29,0.45
1205,מנות,370,67.57,76.03,74.21,76.23,75.71,74.3,74.05,6.49,1.46
1206,גיתה,222,74.46,72.83,69.54,68.16,68.47,67.96,65.32,-9.14,0.69
1207,לבון,550,77.07,81.56,78.37,75.64,74.5,71.97,72.0,-5.07,0.25
1208,הילה,509,74.41,77.6,73.79,70.6,68.38,66.73,64.83,-9.57,0.0
1209,חרשים,249,72.88,74.48,81.25,77.13,75.8,79.15,75.1,2.22,0.0
1210,כחל,364,71.9,75.17,75.22,72.57,72.73,73.6,74.18,2.28,0.0
1211,קדרים,208,70.48,68.5,72.73,68.33,73.4,72.31,65.38,-5.09,0.0
1212,עמוקה,156,69.46,68.63,74.66,74.1,67.83,70.07,66.67,-2.79,0.0
1214,טפחות,259,81.7,78.01,78.97,81.22,82.52,80.39,77.61,-4.09,0.0
1219,גורנות הגליל,199,52.29,67.3,68.05,64.63,65.45,61.93,63.32,11.03,0.79
1220,אבירים,235,78.4,76.88,79.27,69.23,76.19,68.33,64.68,-13.71,1.32
1221,צורית,755,80.14,81.83,74.23,76.09,77.25,75.82,74.3,-5.84,0.0
1222,מצפה אביב,744,77.05,80.66,80.77,76.4,74.79,78.54,76.48,-0.57,0.0
1223,שדי אברהם,264,72.22,73.45,73.6,71.6,74.1,72.2,64.02,-8.21,0.0
1224,כוכב יאיר,7829,78.18,78.34,77.62,75.29,74.97,75.3,72.99,-5.2,0.23
1226,יובלים,1055,78.25,82.5,81.35,77.97,76.08,77.57,73.46,-4.79,0.13
1227,יתד,373,68.75,75.74,74.85,74.1,75.59,75.0,74.53,5.78,0.36
1228,רקפת,787,79.42,85.37,75.3,81.32,74.27,72.03,73.19,-6.23,0.17
1229,כלנית,187,74.39,76.74,76.63,82.8,82.89,73.16,81.28,6.89,0.0
1230,לבנים,353,69.71,70.48,74.3,69.75,74.53,72.64,69.97,0.26,0.81
1231,פרי גן,177,70.77,75.0,68.52,70.12,65.48,57.14,64.41,-6.36,0.88
1232,יבול,227,77.13,81.0,82.52,76.85,76.96,77.1,72.25,-4.89,0.0
1233,שקף,323,83.09,86.44,79.43,80.14,81.57,83.72,78.95,-4.14,0.0
1234,קבועה שבט,822,31.6,33.44,26.8,55.21,57.03,32.82,41.48,9.89,0.29
1235,שורשים,456,71.47,76.26,73.79,70.57,70.57,68.56,69.96,-1.52,0.31
1236,נירית,882,83.0,81.65,79.88,74.43,77.15,77.09,72.79,-10.21,0.47
1237,תלמי יוסף,275,68.07,70.04,67.7,61.74,57.99,60.89,60.73,-7.34,0.0
1238,סופה,189,67.42,75.0,64.32,60.66,59.14,61.5,56.61,-10.8,0.93
1239,חולית,141,62.26,65.32,69.17,68.94,72.18,67.15,65.96,3.69,1.08
1240,עין הבשור,759,78.5,80.28,76.41,76.28,74.21,73.87,69.57,-8.94,0.19
1241,דקל,280,64.62,68.05,72.87,64.15,67.78,67.51,63.21,-1.4,0.56
1242,נתיב העשרה,742,79.24,84.51,80.06,78.34,76.38,77.34,77.09,-2.15,0.17
1243,קציר,2310,69.57,70.57,70.79,69.87,67.66,67.27,64.68,-4.89,0.33
1244,תמרת,1164,77.72,80.03,80.02,76.01,76.8,78.06,73.45,-4.27,0.0
1245,סלמה,2445,45.22,54.18,44.79,55.74,63.14,45.87,54.15,8.93,0.68
1246,עראמשה,1086,27.24,47.09,34.22,30.29,53.35,34.12,46.5,19.26,0.4
1247,חריש,17269,69.72,68.71,74.68,74.66,72.58,67.9,71.4,1.68,0.48
1249,הרדוף,450,81.07,81.11,83.05,78.16,77.53,76.83,68.67,-12.41,0.32
1251,עין תמר,158,77.42,75.0,65.73,54.86,64.63,64.86,62.03,-15.39,0.0
1252,כורזים,345,71.25,69.97,73.51,66.37,64.29,64.5,65.51,-5.75,1.77
1253,אמנון,353,63.98,69.42,79.01,73.51,73.44,65.28,69.69,5.71,0.0
1254,נטף,377,74.05,76.49,82.4,78.93,71.3,76.6,75.33,1.28,0.7
1255,לוטן,179,61.34,61.59,54.39,56.6,55.06,58.43,53.63,-7.71,0.0
1256,אשרת,470,67.15,79.5,75.18,70.64,72.26,74.94,72.77,5.62,0.29
1257,חנתון,558,77.59,78.77,75.58,75.8,75.56,74.77,74.01,-3.58,0.48
1258,מסד,382,68.68,76.37,76.62,69.79,71.89,74.48,74.35,5.66,0.0
1259,נווה שלום,253,78.4,79.53,70.73,78.87,76.0,77.39,73.52,-4.88,0.54
1260,רתמים,276,84.57,87.62,82.49,83.33,82.63,84.85,79.71,-4.86,0.0
1261,הר עמשא,130,74.31,77.99,71.7,65.42,71.3,74.17,69.23,-5.08,0.0
1262,צוקים,222,86.92,79.26,76.54,73.03,72.63,66.5,59.01,-27.91,0.76
1263,כפר ורדים,4780,74.88,74.7,74.01,70.88,69.99,69.22,66.15,-8.73,0.32
1264,כרמי יוסף,1420,77.82,79.62,77.68,75.7,76.36,77.88,73.87,-3.94,0.1
1265,שומריה,354,87.5,87.83,82.52,83.04,83.53,75.72,78.25,-9.25,0.0
1268,מיתר,8021,76.36,76.94,76.73,74.4,74.29,73.14,72.38,-3.98,0.22
1271,להבים,5518,76.93,78.25,78.14,75.87,75.71,73.35,70.79,-6.14,0.1
1272,חלוץ,454,68.64,69.25,70.68,66.02,65.3,69.01,65.2,-3.44,0.0
1274,גן נר,2178,69.56,74.28,72.81,71.32,71.01,68.73,69.88,0.33,0.46
1275,אבטליון,323,77.37,82.1,75.41,76.39,75.65,73.1,75.54,-1.83,0.0
1280,ניצני סיני,231,76.73,66.09,71.14,59.9,62.93,69.16,64.94,-11.8,0.0
1282,מירב,466,81.42,82.62,83.15,75.2,77.14,76.05,74.03,-7.39,0.0
1283,תל תאומים,345,66.17,71.86,75.15,71.04,75.07,69.97,77.97,11.8,0.0
1284,נופית,2028,82.01,80.72,76.75,75.35,75.94,75.2,73.13,-8.89,0.4
1285,כרכום,452,69.86,76.07,70.09,68.83,63.2,66.74,64.6,-5.26,0.68
1286,שגבשלום,6049,39.36,51.85,42.03,61.29,65.58,49.34,53.27,13.9,1.09
1287,שני,377,61.64,67.79,74.02,70.45,68.45,65.57,66.05,4.41,0.8
1288,גבעת אלה,1567,76.02,77.81,79.72,73.96,75.28,75.5,72.56,-3.46,0.18
1290,זמר,5038,55.56,63.18,45.01,61.15,68.56,39.37,56.47,0.91,0.95
1291,כמהין,153,51.74,79.76,77.09,76.82,73.08,66.43,69.28,17.54,0.0
1292,גדיידהמכר,15255,54.18,69.17,44.64,63.2,69.55,41.58,53.63,-0.54,0.82
1293,גבעת אבני,1723,71.5,74.63,70.01,69.42,68.85,68.51,69.12,-2.38,0.34
1294,אור הגנוז,323,64.6,76.22,61.09,67.28,65.48,54.73,66.56,1.97,0.47
1295,יאנוחגת,4843,57.98,53.93,57.81,57.36,57.19,45.6,39.54,-18.44,0.52
1296,כסראסמיע,6066,74.78,65.23,70.35,32.22,60.93,62.46,32.29,-42.49,0.71
1297,כפר חנניה,537,77.07,78.35,72.96,74.14,73.14,71.62,74.67,-2.39,0.5
1303,חורה,9346,37.88,51.15,29.24,45.09,51.46,40.84,49.04,11.16,1.37
1304,שוהם,17006,79.52,80.64,78.5,76.8,75.86,75.36,76.04,-3.48,0.16
1309,אלעד,23395,89.37,88.61,84.65,85.77,85.64,81.04,84.36,-5.01,0.51
1310,לפיד,1773,75.86,78.76,77.37,75.9,73.7,73.79,74.68,-1.18,0.23
1311,אבשלום,308,65.88,69.27,61.25,63.56,63.2,59.35,64.61,-1.27,1.51
1313,פוריה עילית,939,60.29,71.67,67.73,65.26,66.09,63.73,64.75,4.46,0.66
1314,נווה זיו,609,77.45,77.89,73.71,76.32,75.38,73.85,69.95,-7.49,0.23
1315,מתן,2652,79.82,79.37,76.83,75.3,75.57,76.05,71.76,-8.06,0.26
1316,אלעריאן,131,72.9,70.0,50.0,71.65,81.89,64.62,76.34,3.44,0.0
1317,דמיידה,352,51.97,70.15,48.57,63.49,75.16,48.95,53.12,1.16,6.42
1319,בת חפר,4193,76.6,79.23,76.15,73.06,72.5,72.16,72.26,-4.34,0.13
1320,עין חוד,206,77.7,68.55,36.9,60.1,70.62,49.49,52.91,-24.79,0.0
1321,חואלד,552,43.97,58.8,45.49,52.14,54.6,43.27,47.1,3.14,0.77
1323,בת הדר,511,68.5,75.59,77.0,79.88,79.72,77.3,79.65,11.14,0.49
1326,בסמה,7247,55.58,66.51,39.71,56.03,67.28,37.79,45.66,-9.92,1.6
1327,מעלה עירון,10678,51.57,66.27,37.14,48.5,61.32,31.43,43.07,-8.5,1.24
1330,אחוזת ברק,1852,75.41,78.74,77.49,74.04,76.12,70.76,73.06,-2.35,0.3
1331,כמאנה,1133,52.78,62.13,40.75,54.19,62.9,38.13,46.87,-5.91,0.75
1332,חוסנייה,607,55.75,62.01,45.01,51.02,61.23,40.73,54.37,-1.38,2.73
1333,נוף איילון,1682,86.16,84.83,85.15,80.11,82.0,80.37,76.99,-9.17,0.0
1334,ראס אלעין,288,51.15,60.34,59.7,71.59,67.53,59.27,69.44,18.29,1.5
1335,ערב אל נעים,579,68.62,61.18,54.56,50.89,55.13,66.23,59.24,-9.38,2.92
1337,שמשית,1960,82.38,82.17,74.71,73.37,73.78,71.3,69.18,-13.2,0.15
1338,כדיתה,138,53.76,60.75,53.85,50.0,49.21,35.51,48.55,-5.21,0.0
1342,אבו קרינאת יישוב,703,43.7,42.21,39.23,52.53,57.79,40.58,49.93,6.23,1.42
1343,מכחול,582,25.0,28.82,26.9,63.92,57.67,42.61,48.11,23.11,1.07
1344,גבעות בר,703,84.9,82.26,79.45,83.16,81.13,79.88,78.52,-6.38,0.18
1345,צור יצחק,3924,85.0,89.04,84.63,83.27,82.12,80.62,80.86,-4.13,0.16
1346,תראבין אצאנעישוב,650,35.06,34.09,25.22,36.59,35.09,39.87,38.15,3.09,2.02
1347,קצר אסר,1409,59.81,59.27,55.78,75.92,70.98,64.06,75.23,15.42,0.66
1348,ביר הדאג,1363,69.01,69.64,59.51,80.44,76.17,64.09,58.33,-10.68,0.75
1349,דריגאת,630,61.52,72.84,63.64,66.54,76.4,56.66,68.25,6.74,0.47
1358,אום בטין,2399,49.91,48.33,33.7,55.56,57.58,48.59,54.19,4.28,0.85
1359,אל סייד,2028,46.42,45.26,32.97,41.39,50.45,43.62,53.99,7.58,0.64
1361,בת חן,395,77.46,80.6,72.81,76.6,76.5,53.79,59.24,-18.22,0.0
1363,בני נצרים,368,88.72,90.91,89.08,83.61,85.81,84.29,83.7,-5.03,0.0
1366,נווה,373,92.82,91.37,89.97,86.03,85.98,83.78,79.09,-13.73,0.0
1370,מצפה אילן,325,95.83,98.97,90.3,87.62,89.08,84.98,82.15,-13.68,0.37
1412,מחנה תל נוף,158,74.24,82.0,72.77,62.5,75.4,73.18,70.25,-3.99,0.0
1414,מחנה מרים,83,55.0,59.26,77.67,67.0,79.05,63.55,57.83,2.83,0.0
1415,מחנה יפה,217,67.57,72.13,74.54,67.74,80.79,64.35,55.3,-12.27,0.0
1416,מחנה יוכבד,108,73.39,85.95,70.83,58.68,64.91,45.6,52.78,-20.61,0.0
1418,מחנה טלי,154,60.49,65.87,68.55,51.52,61.94,42.48,52.6,-7.9,1.23
1419,ניצן ב,466,73.01,78.59,76.81,70.78,72.04,62.73,71.46,-1.56,0.0
2002,תנובות,633,74.64,79.33,77.31,77.27,71.88,70.92,72.67,-1.97,0.43
2003,תלמי אלעזר,685,77.65,78.66,79.34,77.18,78.16,76.31,76.2,-1.45,0.38
2008,שדה יצחק,446,70.88,74.04,71.65,73.48,69.48,68.54,74.89,4.01,0.6
2009,יובל,464,74.08,79.19,75.41,73.07,72.25,72.62,73.06,-1.02,0.29
2010,כפר בן נון,548,81.15,81.58,80.5,78.6,76.99,76.29,78.65,-2.5,0.0
2011,ינון,943,69.21,76.91,76.4,76.62,79.2,72.28,79.43,10.22,0.13
2012,אורות,443,71.07,76.25,72.81,74.31,73.0,72.75,73.59,2.52,0.61
2013,בן שמן מושב,610,78.61,80.84,78.25,76.29,78.85,78.51,76.56,-2.05,0.0
2014,גבעולים,316,73.93,83.72,81.57,79.33,84.12,76.95,82.59,8.66,0.38
2015,שדי חמד,728,78.6,81.7,81.03,79.94,77.21,76.23,75.14,-3.47,0.73
2016,רוויה,271,67.62,68.78,68.38,70.98,70.98,64.86,69.0,1.38,0.0
2018,גבעת חיים איחוד,1004,75.52,77.03,77.27,76.97,75.31,74.34,73.71,-1.81,0.54
2021,אשל הנשיא,111,64.37,63.44,69.3,64.66,64.04,54.63,57.66,-6.71,0.0
2023,להב,545,77.33,71.01,70.59,67.71,68.42,72.95,69.72,-7.61,0.53
2024,אום אלקוטוף,784,54.74,83.07,52.38,72.03,80.89,51.21,57.91,3.17,1.76
2026,ירדנה,283,60.07,69.23,71.99,72.28,74.74,72.56,77.74,17.67,0.91
2029,מדרך עוז,574,68.18,76.6,70.99,72.43,73.44,71.28,71.25,3.07,0.24
2030,מנוחה,460,67.26,78.12,78.12,77.12,80.09,76.01,79.78,12.52,0.27
2033,בית חלקיה,484,85.3,84.4,90.11,84.96,83.08,83.83,82.64,-2.66,1.0
2034,חצור הגלילית,7481,65.76,71.37,69.85,69.19,70.85,66.62,70.63,4.87,0.32
2035,עדנים,293,79.51,78.42,77.93,77.33,79.66,78.5,75.09,-4.42,0.0
2038,ברקת,1205,82.55,87.85,84.88,83.77,82.12,77.85,83.98,1.43,0.1
2042,עין גדי,478,69.75,67.35,68.34,66.81,65.56,62.73,59.21,-10.55,0.0
2043,בחן,672,79.1,80.38,79.86,77.37,78.0,77.74,74.55,-4.55,0.0
2044,מלילות,296,80.91,78.64,78.95,77.99,79.64,73.67,82.43,1.52,0.41
2045,נחלה,483,75.21,85.97,81.93,81.26,82.07,79.12,82.61,7.4,0.25
2046,סגולה,446,76.38,81.41,81.16,76.24,76.94,75.45,78.92,2.55,0.57
2047,ניר משה,436,70.44,75.54,71.5,69.17,70.02,72.21,69.27,-1.18,0.33
2048,ניר עקיבא,467,71.68,80.15,79.04,78.48,77.53,76.48,70.02,-1.66,0.31
2049,שדה צבי,442,67.22,78.43,74.16,76.22,79.06,74.24,76.24,9.03,0.0
2050,תלמי בילו,367,64.71,76.22,75.07,73.84,77.87,75.84,79.56,14.86,0.0
2051,רווחה,415,76.01,80.39,82.31,81.46,83.53,81.41,86.99,10.98,0.28
2052,אביטל,414,69.68,76.52,76.3,79.38,79.14,75.31,79.23,9.55,0.3
2053,פרזון,333,66.44,75.5,71.16,75.0,74.48,69.3,72.97,6.53,0.82
2054,מיטב,364,67.83,77.62,78.51,75.73,77.48,73.82,79.67,11.84,0.0
2055,מאור,972,77.73,80.53,78.77,77.19,77.45,76.91,75.62,-2.11,0.41
2057,שדי תרומות,387,55.25,67.74,70.8,65.93,72.36,67.66,75.71,20.46,0.0
2059,פעמי תשז,390,68.32,80.91,78.82,81.58,79.17,75.71,78.97,10.66,0.0
2060,ברוש,375,77.88,75.4,77.85,76.74,79.53,70.51,76.27,-1.62,0.0
2061,תדהר,440,71.73,77.55,76.07,74.07,73.84,72.45,74.77,3.04,0.91
2062,תאשור,309,67.63,72.13,72.26,69.79,65.75,66.32,72.17,4.53,0.0
2063,דישון,299,64.29,68.23,70.41,60.68,66.89,65.36,69.23,4.95,0.0
2064,זרועה,336,62.1,77.58,74.74,72.85,75.08,70.99,74.7,12.6,0.0
2100,טירת כרמל,22069,61.46,66.45,64.71,65.18,66.38,62.83,68.52,7.06,0.73
2200,דימונה,29297,53.02,60.75,60.14,60.2,62.22,56.35,63.57,10.55,0.83
2300,קרית טבעון,14446,71.81,72.29,71.25,69.42,69.16,67.14,67.45,-4.36,0.29
2400,אור יהודה,27640,62.97,71.25,69.56,69.94,70.08,66.77,72.44,9.47,0.65
2500,נשר,19644,62.95,67.29,64.36,63.66,63.96,60.12,62.17,-0.78,0.82
2530,באר יעקב,18146,71.99,78.63,76.21,76.24,76.8,72.92,77.75,5.77,0.38
2550,גדרה,19693,73.58,76.79,74.0,74.15,74.44,69.93,72.43,-1.15,0.43
2560,ערד,21746,55.98,60.33,60.71,59.72,59.37,56.9,57.05,1.06,0.7
2600,אילת,51974,43.07,49.03,45.43,45.19,44.87,41.32,43.02,-0.05,0.77
2610,בית שמש,78064,64.5,67.51,65.3,65.97,66.48,61.61,66.13,1.63,0.67
2620,קרית אונו,31113,74.28,77.04,75.43,74.55,74.1,73.06,73.27,-1.01,0.36
2630,קרית גת,45388,60.94,67.64,66.58,67.04,68.11,62.58,68.51,7.57,0.81
2640,ראש העין,49148,73.27,78.25,77.62,77.57,77.37,74.86,77.58,4.31,0.38
2650,רמת השרון,38282,73.44,75.31,73.18,72.64,72.61,71.78,71.42,-2.02,0.25
2660,יבנה,37761,67.89,74.46,74.57,74.12,74.95,70.98,75.61,7.73,0.44
2710,אום אלפחם,38286,56.74,67.42,45.14,51.33,63.1,33.15,38.29,-18.46,1.41
2720,טירה,19319,58.83,72.6,59.65,67.24,72.48,47.1,62.27,3.44,0.98
2730,טייבה,30461,60.48,73.95,61.83,66.62,70.94,43.4,57.71,-2.77,1.02
2800,קרית שמונה,18582,54.85,61.76,60.42,60.18,61.36,57.16,61.11,6.26,0.86
3000,ירושלים,432125,65.12,67.09,63.89,63.37,63.27,59.1,61.6,-3.51,0.56
3400,חברון,338,87.9,85.24,79.3,77.7,72.73,65.05,63.61,-24.29,0.0
3488,כפר עציון,564,81.7,80.05,77.16,78.77,78.01,77.46,78.01,-3.69,0.45
3555,נתיב הגדוד,225,57.04,70.47,69.48,68.42,71.67,66.1,60.89,3.85,0.73
3556,אלמוג,195,74.29,72.41,70.1,64.65,69.95,66.14,56.92,-17.36,0.9
3557,קדומים,2715,85.66,86.19,83.67,80.05,79.92,77.44,76.02,-9.64,0.19
3558,תומר,254,75.21,72.84,82.94,82.73,76.83,79.52,77.56,2.35,2.03
3560,אלקנה,2797,84.31,85.54,84.89,80.91,82.81,81.16,80.62,-3.69,0.18
3561,מגדל עוז,266,70.63,72.08,69.2,64.84,63.32,62.55,62.78,-7.85,0.0
3563,תקוע,2334,77.11,81.19,78.37,73.06,75.02,71.97,72.24,-4.87,0.65
3564,כוכב השחר,1358,86.91,86.0,84.71,81.33,81.2,78.58,78.94,-7.97,0.09
3565,רימונים,512,65.28,69.82,69.59,69.22,71.91,66.98,70.31,5.03,0.0
3566,יפית,176,50.78,60.74,67.72,66.04,64.38,59.64,57.39,6.61,0.0
3567,סלעית,824,79.84,77.94,81.55,83.06,81.79,80.92,79.98,0.14,0.61
3568,ריחן,242,74.17,76.34,80.73,76.26,75.36,79.09,76.86,2.69,1.08
3569,מבוא דותן,331,57.68,63.77,69.82,68.57,72.41,66.78,73.11,15.44,0.0
3570,אריאל,15396,65.92,69.6,66.76,64.21,64.0,61.62,61.81,-4.11,1.01
3571,שבי שומרון,588,79.26,78.65,81.95,79.53,79.79,79.37,79.42,0.16,0.21
3572,כפר תפוח,726,81.29,75.92,81.06,81.85,78.14,75.22,72.59,-8.7,0.38
3573,נוה צוף,822,79.5,82.92,80.98,78.94,76.59,76.81,76.89,-2.62,0.32
3574,בית אל,3503,85.69,85.05,85.14,81.58,80.12,76.6,77.19,-8.5,0.22
3575,בית חורון,886,87.16,85.84,83.56,82.48,83.41,80.53,81.04,-6.13,0.14
3576,מצפה יריחו,1399,84.98,84.82,81.53,79.34,79.35,76.76,76.98,-8.0,0.19
3578,שדמות מחולה,437,64.4,81.93,85.79,83.93,79.54,75.42,77.8,13.4,0.0
3579,אלון מורה,971,81.58,83.08,80.02,78.76,77.49,75.53,74.15,-7.43,0.42
3598,ארגמן,121,63.43,67.69,64.84,66.41,69.35,66.39,62.81,-0.62,2.63
3599,מחולה,393,84.07,82.23,85.74,78.44,75.52,76.34,73.28,-10.79,0.35
3601,קליה,339,74.24,77.27,75.0,70.61,69.81,67.69,69.91,-4.33,0.0
3602,ראש צורים,537,89.68,89.37,88.22,84.57,84.15,82.51,80.63,-9.05,0.0
3603,הר גילה,1059,86.83,80.32,78.73,78.04,77.35,72.82,73.56,-13.27,0.13
3604,אלון שבות,2286,82.71,82.78,80.22,75.38,75.65,74.68,73.75,-8.95,0.24
3605,משואה,212,72.39,73.48,67.33,63.33,67.74,70.06,74.53,2.14,1.27
3606,גלגל,158,57.38,62.12,58.5,58.55,58.71,54.32,59.49,2.12,0.0
3607,ייטב,270,78.95,82.14,80.39,77.51,78.05,68.64,68.89,-10.06,2.15
3608,מעלה אפרים,1162,50.76,55.79,55.63,51.64,53.25,50.99,54.22,3.45,0.48
3609,חמרה,148,64.0,70.45,71.85,64.71,66.41,63.97,70.27,6.27,0.96
3610,מצפה שלם,265,72.41,72.85,72.25,75.74,74.5,72.35,72.08,-0.34,0.52
3611,קרית ארבע,4914,72.62,74.35,73.45,71.3,69.49,63.72,66.28,-6.34,0.25
3612,בקעות,145,75.51,80.99,83.09,77.7,74.29,70.14,71.72,-3.79,0.0
3613,גיתית,253,73.05,80.21,79.67,80.17,80.91,77.24,75.49,2.44,0.0
3614,מכורה,143,72.64,70.43,69.92,71.11,71.11,66.19,66.43,-6.21,0.0
3615,פצאל,269,70.09,78.22,84.78,81.93,78.24,76.64,77.7,7.61,0.0
3616,מעלה אדומים,28142,71.07,74.91,73.12,70.21,71.24,67.37,70.04,-1.04,0.55
3617,עופרה,2027,84.76,83.33,80.2,76.9,75.48,75.19,73.11,-11.64,0.27
3618,אלעזר,1635,85.38,84.64,80.77,77.92,78.81,75.69,73.58,-11.8,0.17
3619,רועי,129,79.43,81.05,76.74,69.17,65.65,58.33,66.67,-12.76,0.0
3638,כפר אדומים,2787,82.32,81.52,79.25,75.73,75.65,75.19,71.62,-10.7,0.35
3639,ורד יריחו,267,83.04,78.61,78.32,78.02,79.41,75.29,74.53,-8.51,0.0
3640,קרני שומרון,6464,74.43,77.57,77.15,75.13,75.53,72.56,73.55,-0.89,0.46
3641,שילה,2259,82.31,84.3,82.58,80.26,79.61,75.96,78.44,-3.87,0.17
3643,חיננית,902,82.08,80.96,78.24,75.29,77.78,76.09,75.94,-6.14,0.44
3644,גבעון החדשה,958,73.5,73.88,70.94,69.25,70.65,69.36,67.85,-5.65,0.62
3645,בית הערבה,239,90.2,85.48,86.9,82.35,81.14,81.37,85.77,-4.42,1.46
3647,יקיר,1380,88.2,86.4,88.19,83.29,84.97,82.64,79.64,-8.56,0.09
3648,מתתיהו,521,69.26,65.98,75.11,73.93,73.78,70.82,72.55,3.29,1.06
3649,שקד,674,75.47,77.33,74.07,71.79,71.28,74.14,73.0,-2.47,0.41
3650,אפרת,7945,78.28,78.1,78.95,75.12,75.38,74.37,72.98,-5.31,0.26
3651,מעלה מכמש,1076,87.78,87.32,80.65,78.61,78.32,77.57,77.7,-10.09,0.36
3652,בית אריה,3892,74.96,78.81,74.76,73.02,72.89,70.5,70.89,-4.07,0.18
3653,מעלה עמוס,431,72.43,70.87,75.94,73.61,76.65,75.07,75.64,3.21,0.61
3654,ברקן,1511,72.74,76.1,74.53,71.26,72.48,69.47,70.02,-2.72,0.47
3655,נילי,1309,76.25,80.65,77.5,76.15,74.07,74.71,73.57,-2.68,0.31
3656,כרמל,288,85.6,81.37,85.98,77.57,81.51,81.95,74.65,-10.94,0.0
3657,מעון,305,72.03,78.76,80.07,73.58,71.43,68.67,74.75,2.72,0.0
3658,עטרת,327,84.86,87.46,86.78,85.57,79.26,82.32,80.73,-4.13,0.0
3659,פסגות,1135,88.57,86.52,85.8,82.98,84.72,81.05,79.65,-8.92,0.33
3660,עמנואל,2567,73.81,72.84,72.68,73.24,73.37,67.3,75.81,2.0,0.72
3709,מבוא חורון,1268,89.9,91.4,90.22,88.83,88.64,85.77,85.41,-4.49,0.37
3710,ברכה,1327,80.63,85.83,88.65,86.61,86.41,84.7,85.23,4.6,0.18
3712,ענב,560,82.49,83.92,84.49,84.2,84.95,83.75,81.96,-0.52,0.0
3713,נעמה,171,64.41,61.11,71.01,57.34,60.69,62.16,64.33,-0.08,0.0
3715,עלמון,1037,76.83,77.58,77.08,75.33,74.97,72.41,75.12,-1.71,1.03
3717,חרמש,213,60.59,67.4,69.12,68.97,63.77,61.79,64.79,4.2,1.45
3719,תלם,230,75.4,74.63,92.86,104.25,80.0,72.56,78.7,3.3,0.55
3722,אשכולות,374,80.12,78.3,78.1,71.99,73.96,73.48,75.94,-4.19,0.0
3723,פני חבר,267,83.44,86.46,84.98,78.38,76.42,79.52,79.03,-4.41,0.0
3725,נווה דניאל,1638,83.58,81.51,77.57,75.03,75.44,74.05,70.57,-13.0,0.17
3726,נוקדים,1429,78.01,82.43,76.96,74.07,74.39,73.24,71.87,-6.14,0.49
3727,עלי זהב,2056,70.78,80.97,84.54,83.42,84.22,85.0,83.56,12.78,0.06
3730,גבעת זאב,12613,74.67,77.69,76.41,76.37,76.53,73.43,76.93,2.26,0.41
3743,טנא,541,73.5,76.58,76.95,75.1,75.39,74.86,77.08,3.58,0.24
3744,ברוכין,926,92.21,86.09,90.16,88.56,87.78,84.49,83.37,-8.84,0.0
3745,מצדות יהודה,477,86.59,87.37,82.14,76.75,76.9,77.88,75.68,-10.91,0.0
3746,קרית נטפים,474,84.94,86.93,84.15,86.75,86.19,83.68,82.07,-2.87,0.26
3747,דולב,904,84.2,84.28,84.38,81.25,79.75,78.26,76.88,-7.31,0.43
3748,עתניאל,501,85.47,85.68,82.22,77.09,75.22,75.11,69.06,-16.41,0.0
3749,יצהר,830,78.2,83.12,81.64,80.72,77.34,76.8,77.71,-0.49,0.0
3750,אלפי מנשה,6017,76.79,79.18,75.87,74.14,73.76,73.4,73.51,-3.28,0.47
3751,מגדלים,297,62.16,69.4,76.55,73.36,73.68,74.73,76.09,13.93,0.0
3752,מעלה לבונה,461,75.43,81.06,82.72,79.43,78.65,77.49,76.14,0.71,0.0
3754,אספר,465,76.89,75.4,76.16,74.93,75.0,71.36,75.7,-1.19,0.57
3756,סוסיה,780,79.92,81.71,83.03,76.24,78.19,72.16,76.41,-3.51,0.0
3759,אדורה,264,80.45,80.0,79.59,77.24,77.64,75.0,78.79,-1.66,0.48
3760,אורנית,6744,79.2,81.9,79.88,76.79,76.89,76.02,75.33,-3.88,0.31
3762,איתמר,676,77.04,82.06,78.36,76.4,74.66,70.57,72.78,-4.26,0.0
3763,גבע בנימין,3518,72.4,79.55,74.13,74.64,74.46,66.92,72.94,0.54,0.39
3764,חגי,384,84.25,87.89,83.33,79.82,78.21,81.06,72.92,-11.34,0.0
3765,עלי,2318,80.36,80.47,79.43,76.35,76.97,75.18,72.91,-7.45,0.24
3766,כרמי צור,582,86.68,89.79,83.64,82.2,79.96,77.72,74.23,-12.45,0.93
3767,נחליאל,346,77.69,85.07,78.18,78.48,75.9,72.01,76.88,-0.81,0.75
3768,פדואל,1175,89.51,86.95,87.65,85.21,85.44,82.86,82.89,-6.62,0.0
3769,הר אדר,3177,79.27,80.02,79.02,76.82,76.09,76.71,74.32,-4.95,0.25
3770,חשמונאים,2244,82.44,79.57,78.13,76.1,74.88,73.41,73.35,-9.08,0.36
3779,כוכב יעקב,5005,81.37,83.26,81.25,81.95,81.66,77.31,80.72,-0.65,0.59
3780,ביתר עילית,29318,84.82,84.41,80.8,82.7,82.03,77.32,81.34,-3.48,0.67
3781,קדר,1084,73.78,80.29,74.11,73.32,72.36,67.24,69.65,-4.13,0.26
3784,שמעה,485,58.92,70.39,75.29,74.53,73.98,73.41,76.29,17.37,0.27
3787,נעלה,1637,79.5,80.76,77.07,74.43,76.61,73.31,74.71,-4.79,0.49
3788,טלמון,2624,89.14,88.43,86.91,83.25,82.97,80.28,80.56,-8.57,0.05
3790,נופים,636,69.57,73.18,76.06,74.31,75.24,71.6,73.74,4.18,0.21
3791,צופים,1574,79.54,84.06,80.88,78.7,79.71,75.96,76.62,-2.92,0.25
3793,אבני חפץ,1358,83.96,86.07,80.93,80.09,79.67,73.91,77.25,-6.72,0.48
3794,בת עין,960,73.07,74.68,76.38,69.77,72.51,58.66,62.5,-10.57,1.0
3795,רבבה,1457,92.97,90.98,87.88,85.39,85.91,85.24,82.16,-10.82,0.17
3796,כפר האורנים,1766,83.23,81.3,76.5,73.86,72.58,74.52,73.1,-10.13,0.08
3797,מודיעין עילית,32933,90.69,89.26,84.47,84.51,83.44,81.02,82.03,-8.66,1.34
4000,חיפה,253292,58.6,62.2,58.74,58.29,58.28,55.11,55.53,-3.07,0.63
4001,בוקעאתא,749,2.72,4.68,14.26,14.8,13.4,15.46,25.37,22.65,0.0
4002,אליעד,330,71.97,69.62,76.35,71.81,72.31,71.38,73.94,1.97,0.41
4003,אלרום,387,65.26,69.93,76.06,73.19,73.47,72.7,71.06,5.8,0.36
4004,כפר חרוב,427,56.04,65.06,64.12,62.34,59.0,61.23,62.76,6.72,0.0
4005,חספין,891,81.96,81.93,78.9,76.38,75.92,73.55,72.39,-9.57,0.16
4006,קשת,442,78.61,78.89,78.77,75.24,72.6,73.18,74.43,-4.18,0.0
4007,יונתן,452,79.32,79.05,81.51,79.84,79.38,74.64,72.12,-7.2,0.0
4008,מעלה גמלא,416,74.31,75.22,80.0,76.49,74.12,77.1,76.2,1.89,0.32
4009,שעל,237,70.39,78.54,79.81,76.67,76.15,74.55,75.95,5.56,0.56
4010,אודם,133,67.02,78.43,77.88,80.99,73.55,77.87,74.44,7.41,1.01
4011,אבני איתן,455,76.84,77.87,81.52,76.69,77.36,72.57,71.43,-5.41,0.31
4012,אניעם,445,68.78,71.76,70.34,61.42,61.12,63.8,59.1,-9.68,0.38
4013,אורטל,269,71.72,72.77,77.82,72.87,71.37,74.61,65.43,-6.29,0.57
4014,נטור,312,79.61,79.37,80.34,75.21,75.2,76.3,73.08,-6.53,0.0
4015,בני יהודה,935,66.55,71.63,67.23,66.59,66.63,62.16,62.89,-3.66,0.51
4017,אלוני הבשן,237,83.33,84.78,73.27,74.44,68.78,70.89,68.35,-14.98,0.0
4021,גבעת יואב,492,74.2,79.49,75.69,72.26,70.28,69.88,71.95,-2.25,0.56
4022,גשור,239,70.0,70.77,70.85,68.92,69.55,67.71,64.02,-5.98,0.0
4024,קלע,301,48.51,60.9,59.91,65.42,64.55,61.44,63.79,15.28,1.04
4025,קדמת צבי,431,65.68,72.55,77.96,70.26,72.19,73.4,68.21,2.54,1.02
4026,חדנס,724,68.27,72.92,63.17,56.76,59.35,59.97,57.46,-10.81,0.0
4028,כנף,350,75.33,74.9,78.62,72.9,69.97,70.83,62.57,-12.76,0.91
4100,קצרין,6578,57.21,61.64,59.02,57.3,57.05,54.46,54.55,-2.67,0.89
4101,מרום גולן,606,73.29,70.86,70.34,72.61,70.49,73.06,68.65,-4.65,0.24
4201,מגדל שמס,1338,20.4,19.66,17.35,20.18,18.22,17.57,23.39,3.0,0.32
4203,מסעדה,461,19.08,11.98,21.78,24.86,22.32,19.41,22.56,3.48,2.88
4204,מבוא חמה,409,63.4,70.14,70.57,68.5,66.17,68.7,65.53,2.13,0.37
4301,אפיק,270,67.05,69.55,70.92,67.87,67.95,69.14,71.11,4.07,1.04
4303,נווה אטיב,180,73.47,71.43,67.27,60.37,60.12,60.0,53.33,-20.14,0.0
4304,נוב,574,79.77,85.23,83.74,80.12,77.73,76.72,72.65,-7.12,0.48
4501,עגר,1844,55.91,46.94,36.79,36.81,39.66,48.38,30.1,-25.81,1.44
4503,עין זיוון,336,69.48,65.13,68.75,67.28,66.55,69.15,68.75,-0.73,0.43
4551,נאות גולן,474,65.37,71.51,71.29,72.12,68.32,69.16,68.35,2.98,1.85
4701,רמת מגשימים,484,82.21,84.29,81.14,78.18,77.68,75.86,73.76,-8.45,0.0
4702,רמות,460,78.26,77.33,79.77,77.4,76.94,75.75,75.65,-2.61,0.0
5000,תל אביב  יפו,447576,62.64,65.26,63.04,62.14,61.75,59.99,59.62,-3.02,0.39
6000,באקה אלגרביה,20643,43.26,61.51,42.88,57.87,61.89,31.33,47.55,4.28,1.47
6100,בני ברק,115586,77.93,80.03,77.25,77.27,77.04,73.91,76.53,-1.4,0.86
6200,בת ים,124742,52.27,55.8,52.33,52.01,52.26,48.58,50.76,-1.51,0.88
6300,גבעתיים,49341,71.62,73.54,71.61,70.72,70.02,69.29,68.97,-2.65,0.29
6400,הרצליה,88932,67.2,69.87,67.81,66.46,66.35,65.32,65.64,-1.56,0.36
6500,חדרה,80141,57.75,64.88,62.83,62.29,63.03,59.08,62.75,5.0,0.62
6600,חולון,159831,61.41,66.74,64.37,63.94,63.93,61.04,64.08,2.67,0.6
6700,טבריה,36702,54.14,61.02,59.32,59.88,60.61,55.68,61.74,7.6,0.5
6800,קרית אתא,48568,60.97,66.97,65.74,65.29,66.13,61.78,64.97,4.0,0.65
6900,כפר סבא,81737,71.68,74.91,73.21,72.07,72.21,69.91,69.89,-1.79,0.38
7000,לוד,58888,55.66,61.58,56.14,58.65,62.09,53.17,60.68,5.02,0.97
7100,אשקלון,119846,56.88,63.76,62.28,62.56,63.38,58.57,61.9,5.02,0.79
7200,נס ציונה,34763,74.84,78.61,76.52,75.66,75.63,74.16,74.7,-0.14,0.45
7300,נצרת,59519,55.05,61.41,39.83,55.75,60.34,39.03,48.29,-6.77,0.96
7400,נתניה,195220,58.48,63.19,60.33,59.23,59.8,56.5,58.29,-0.19,0.65
7500,סחנין,23207,76.3,81.68,81.38,72.1,79.25,70.25,68.41,-7.88,0.77
7600,עכו,43269,55.95,64.53,58.33,61.58,63.14,52.69,58.89,2.94,0.95
7700,עפולה,45870,57.22,65.07,64.72,63.95,63.23,59.3,63.27,6.05,0.76
7800,פרדס חנהכרכור,32011,65.33,71.62,72.17,70.97,71.45,69.17,69.45,4.12,0.4
7900,פתח תקווה,197815,66.54,70.83,69.49,68.85,68.85,66.09,67.8,1.26,0.52
8000,צפת,24148,60.92,64.96,61.12,61.22,62.59,56.01,60.25,-0.67,0.56
8200,קרית מוצקין,40960,63.65,69.03,66.89,65.62,65.37,61.91,63.35,-0.31,0.66
8300,ראשון לציון,211845,66.23,70.93,67.73,66.81,66.89,64.42,66.2,-0.03,0.49
8400,רחובות,111435,66.99,71.2,69.42,68.97,69.25,66.78,68.87,1.88,0.44
8500,רמלה,57383,56.21,64.68,58.88,61.51,64.04,56.25,63.83,7.62,1.07
8600,רמת גן,139055,66.26,69.35,67.12,66.31,66.01,64.76,65.23,-1.03,0.4
8700,רעננה,69652,68.91,70.75,68.48,67.08,67.37,66.68,66.61,-2.3,0.36
8800,שפרעם,30875,54.09,59.18,47.42,59.22,65.93,44.83,51.47,-2.63,1.18
8900,טמרה,24503,70.34,80.67,58.53,72.42,80.23,52.37,63.51,-6.82,0.46
9000,באר שבע,164728,56.74,62.86,61.34,60.29,61.77,56.56,61.31,4.57,0.79
9100,נהריה,55086,60.84,65.88,62.93,61.52,62.72,59.24,60.8,-0.04,0.74
9200,בית שאן,14782,63.35,70.25,69.86,69.46,70.71,65.16,70.66,7.31,0.31
9300,זכרון יעקב,17889,74.66,76.98,74.64,72.47,72.04,71.86,71.22,-3.44,0.25
9400,יהודמונוסון,24273,73.15,76.07,74.57,74.03,72.92,71.73,74.27,1.12,0.34
9500,קרית ביאליק,36757,62.64,67.7,64.78,63.51,63.97,60.96,62.65,0.0,0.54
9600,קרית ים,36834,54.68,59.31,57.84,56.66,57.52,53.43,55.63,0.95,1.05
9700,הוד השרון,48723,75.01,77.7,76.69,75.49,75.59,74.43,74.36,-0.66,0.28
9800,בנימינהגבעת עדה,10889,75.12,76.57,75.97,74.3,74.45,73.05,72.18,-2.94,0.25
